﻿# Host: localhost  (Version: 5.7.26)
# Date: 2020-07-04 15:50:22
# Generator: MySQL-Front 5.3  (Build 4.234)

/*!40101 SET NAMES utf8 */;

#
# Structure for table "act_evt_log"
#

DROP TABLE IF EXISTS `act_evt_log`;
CREATE TABLE `act_evt_log` (
  `LOG_NR_` bigint(20) NOT NULL AUTO_INCREMENT,
  `TYPE_` varchar(64) COLLATE utf8_bin DEFAULT NULL,
  `PROC_DEF_ID_` varchar(64) COLLATE utf8_bin DEFAULT NULL,
  `PROC_INST_ID_` varchar(64) COLLATE utf8_bin DEFAULT NULL,
  `EXECUTION_ID_` varchar(64) COLLATE utf8_bin DEFAULT NULL,
  `TASK_ID_` varchar(64) COLLATE utf8_bin DEFAULT NULL,
  `TIME_STAMP_` timestamp(3) NOT NULL DEFAULT CURRENT_TIMESTAMP(3) ON UPDATE CURRENT_TIMESTAMP(3),
  `USER_ID_` varchar(255) COLLATE utf8_bin DEFAULT NULL,
  `DATA_` longblob,
  `LOCK_OWNER_` varchar(255) COLLATE utf8_bin DEFAULT NULL,
  `LOCK_TIME_` timestamp(3) NULL DEFAULT NULL,
  `IS_PROCESSED_` tinyint(4) DEFAULT '0',
  PRIMARY KEY (`LOG_NR_`)
) ENGINE=InnoDB DEFAULT CHARSET=utf8 COLLATE=utf8_bin;

#
# Data for table "act_evt_log"
#


#
# Structure for table "act_ge_property"
#

DROP TABLE IF EXISTS `act_ge_property`;
CREATE TABLE `act_ge_property` (
  `NAME_` varchar(64) COLLATE utf8_bin NOT NULL,
  `VALUE_` varchar(300) COLLATE utf8_bin DEFAULT NULL,
  `REV_` int(11) DEFAULT NULL,
  PRIMARY KEY (`NAME_`)
) ENGINE=InnoDB DEFAULT CHARSET=utf8 COLLATE=utf8_bin;

#
# Data for table "act_ge_property"
#

INSERT INTO `act_ge_property` VALUES ('next.dbid','2501',2),('schema.history','create(5.22.0.0)',1),('schema.version','5.22.0.0',1);

#
# Structure for table "act_hi_actinst"
#

DROP TABLE IF EXISTS `act_hi_actinst`;
CREATE TABLE `act_hi_actinst` (
  `ID_` varchar(64) COLLATE utf8_bin NOT NULL,
  `PROC_DEF_ID_` varchar(64) COLLATE utf8_bin NOT NULL,
  `PROC_INST_ID_` varchar(64) COLLATE utf8_bin NOT NULL,
  `EXECUTION_ID_` varchar(64) COLLATE utf8_bin NOT NULL,
  `ACT_ID_` varchar(255) COLLATE utf8_bin NOT NULL,
  `TASK_ID_` varchar(64) COLLATE utf8_bin DEFAULT NULL,
  `CALL_PROC_INST_ID_` varchar(64) COLLATE utf8_bin DEFAULT NULL,
  `ACT_NAME_` varchar(255) COLLATE utf8_bin DEFAULT NULL,
  `ACT_TYPE_` varchar(255) COLLATE utf8_bin NOT NULL,
  `ASSIGNEE_` varchar(255) COLLATE utf8_bin DEFAULT NULL,
  `START_TIME_` datetime(3) NOT NULL,
  `END_TIME_` datetime(3) DEFAULT NULL,
  `DURATION_` bigint(20) DEFAULT NULL,
  `TENANT_ID_` varchar(255) COLLATE utf8_bin DEFAULT '',
  PRIMARY KEY (`ID_`),
  KEY `ACT_IDX_HI_ACT_INST_START` (`START_TIME_`),
  KEY `ACT_IDX_HI_ACT_INST_END` (`END_TIME_`),
  KEY `ACT_IDX_HI_ACT_INST_PROCINST` (`PROC_INST_ID_`,`ACT_ID_`),
  KEY `ACT_IDX_HI_ACT_INST_EXEC` (`EXECUTION_ID_`,`ACT_ID_`)
) ENGINE=InnoDB DEFAULT CHARSET=utf8 COLLATE=utf8_bin;

#
# Data for table "act_hi_actinst"
#

INSERT INTO `act_hi_actinst` VALUES ('142','test01:3:84','140','140','sid-ABC3DA16-84AB-4745-9EB7-A89569570784',NULL,NULL,'开始','startEvent',NULL,'2020-06-06 15:30:05.831','2020-06-06 15:30:05.835',4,''),('158','test01:3:84','140','140','sid-17E55AAC-B98A-416E-9795-4536E3D311E1','159',NULL,'审核员审批','userTask',NULL,'2020-06-06 15:30:05.835','2020-06-08 09:25:38.900',150933065,''),('165','test01:3:84','163','163','sid-ABC3DA16-84AB-4745-9EB7-A89569570784',NULL,NULL,'开始','startEvent',NULL,'2020-06-08 09:26:02.737','2020-06-08 09:26:02.739',2,''),('181','test01:3:84','163','163','sid-17E55AAC-B98A-416E-9795-4536E3D311E1','182',NULL,'审核员审批','userTask',NULL,'2020-06-08 09:26:02.740','2020-06-08 09:26:51.254',48514,''),('187','test01:3:84','185','185','sid-ABC3DA16-84AB-4745-9EB7-A89569570784',NULL,NULL,'开始','startEvent',NULL,'2020-06-08 09:27:10.717','2020-06-08 09:27:10.719',2,''),('203','test01:3:84','185','185','sid-17E55AAC-B98A-416E-9795-4536E3D311E1','204',NULL,'审核员审批','userTask',NULL,'2020-06-08 09:27:10.720',NULL,NULL,'');

#
# Structure for table "act_hi_attachment"
#

DROP TABLE IF EXISTS `act_hi_attachment`;
CREATE TABLE `act_hi_attachment` (
  `ID_` varchar(64) COLLATE utf8_bin NOT NULL,
  `REV_` int(11) DEFAULT NULL,
  `USER_ID_` varchar(255) COLLATE utf8_bin DEFAULT NULL,
  `NAME_` varchar(255) COLLATE utf8_bin DEFAULT NULL,
  `DESCRIPTION_` varchar(4000) COLLATE utf8_bin DEFAULT NULL,
  `TYPE_` varchar(255) COLLATE utf8_bin DEFAULT NULL,
  `TASK_ID_` varchar(64) COLLATE utf8_bin DEFAULT NULL,
  `PROC_INST_ID_` varchar(64) COLLATE utf8_bin DEFAULT NULL,
  `URL_` varchar(4000) COLLATE utf8_bin DEFAULT NULL,
  `CONTENT_ID_` varchar(64) COLLATE utf8_bin DEFAULT NULL,
  `TIME_` datetime(3) DEFAULT NULL,
  PRIMARY KEY (`ID_`)
) ENGINE=InnoDB DEFAULT CHARSET=utf8 COLLATE=utf8_bin;

#
# Data for table "act_hi_attachment"
#


#
# Structure for table "act_hi_comment"
#

DROP TABLE IF EXISTS `act_hi_comment`;
CREATE TABLE `act_hi_comment` (
  `ID_` varchar(64) COLLATE utf8_bin NOT NULL,
  `TYPE_` varchar(255) COLLATE utf8_bin DEFAULT NULL,
  `TIME_` datetime(3) NOT NULL,
  `USER_ID_` varchar(255) COLLATE utf8_bin DEFAULT NULL,
  `TASK_ID_` varchar(64) COLLATE utf8_bin DEFAULT NULL,
  `PROC_INST_ID_` varchar(64) COLLATE utf8_bin DEFAULT NULL,
  `ACTION_` varchar(255) COLLATE utf8_bin DEFAULT NULL,
  `MESSAGE_` varchar(4000) COLLATE utf8_bin DEFAULT NULL,
  `FULL_MSG_` longblob,
  PRIMARY KEY (`ID_`)
) ENGINE=InnoDB DEFAULT CHARSET=utf8 COLLATE=utf8_bin;

#
# Data for table "act_hi_comment"
#

INSERT INTO `act_hi_comment` VALUES ('161','event','2020-06-06 15:30:05.945','admin','159',NULL,'AddUserLink','admin_|_candidate',NULL),('162','comment','2020-06-08 09:25:38.845',NULL,'159','140','AddComment','信息有误，重新补充',X'E4BFA1E681AFE69C89E8AFAFEFBC8CE9878DE696B0E8A1A5E58585'),('184','event','2020-06-08 09:26:02.883','admin','182',NULL,'AddUserLink','admin_|_candidate',NULL),('206','event','2020-06-08 09:27:10.822','admin','204',NULL,'AddUserLink','admin_|_candidate',NULL);

#
# Structure for table "act_hi_detail"
#

DROP TABLE IF EXISTS `act_hi_detail`;
CREATE TABLE `act_hi_detail` (
  `ID_` varchar(64) COLLATE utf8_bin NOT NULL,
  `TYPE_` varchar(255) COLLATE utf8_bin NOT NULL,
  `PROC_INST_ID_` varchar(64) COLLATE utf8_bin DEFAULT NULL,
  `EXECUTION_ID_` varchar(64) COLLATE utf8_bin DEFAULT NULL,
  `TASK_ID_` varchar(64) COLLATE utf8_bin DEFAULT NULL,
  `ACT_INST_ID_` varchar(64) COLLATE utf8_bin DEFAULT NULL,
  `NAME_` varchar(255) COLLATE utf8_bin NOT NULL,
  `VAR_TYPE_` varchar(255) COLLATE utf8_bin DEFAULT NULL,
  `REV_` int(11) DEFAULT NULL,
  `TIME_` datetime(3) NOT NULL,
  `BYTEARRAY_ID_` varchar(64) COLLATE utf8_bin DEFAULT NULL,
  `DOUBLE_` double DEFAULT NULL,
  `LONG_` bigint(20) DEFAULT NULL,
  `TEXT_` varchar(4000) COLLATE utf8_bin DEFAULT NULL,
  `TEXT2_` varchar(4000) COLLATE utf8_bin DEFAULT NULL,
  PRIMARY KEY (`ID_`),
  KEY `ACT_IDX_HI_DETAIL_PROC_INST` (`PROC_INST_ID_`),
  KEY `ACT_IDX_HI_DETAIL_ACT_INST` (`ACT_INST_ID_`),
  KEY `ACT_IDX_HI_DETAIL_TIME` (`TIME_`),
  KEY `ACT_IDX_HI_DETAIL_NAME` (`NAME_`),
  KEY `ACT_IDX_HI_DETAIL_TASK_ID` (`TASK_ID_`)
) ENGINE=InnoDB DEFAULT CHARSET=utf8 COLLATE=utf8_bin;

#
# Data for table "act_hi_detail"
#


#
# Structure for table "act_hi_identitylink"
#

DROP TABLE IF EXISTS `act_hi_identitylink`;
CREATE TABLE `act_hi_identitylink` (
  `ID_` varchar(64) COLLATE utf8_bin NOT NULL,
  `GROUP_ID_` varchar(255) COLLATE utf8_bin DEFAULT NULL,
  `TYPE_` varchar(255) COLLATE utf8_bin DEFAULT NULL,
  `USER_ID_` varchar(255) COLLATE utf8_bin DEFAULT NULL,
  `TASK_ID_` varchar(64) COLLATE utf8_bin DEFAULT NULL,
  `PROC_INST_ID_` varchar(64) COLLATE utf8_bin DEFAULT NULL,
  PRIMARY KEY (`ID_`),
  KEY `ACT_IDX_HI_IDENT_LNK_USER` (`USER_ID_`),
  KEY `ACT_IDX_HI_IDENT_LNK_TASK` (`TASK_ID_`),
  KEY `ACT_IDX_HI_IDENT_LNK_PROCINST` (`PROC_INST_ID_`)
) ENGINE=InnoDB DEFAULT CHARSET=utf8 COLLATE=utf8_bin;

#
# Data for table "act_hi_identitylink"
#

INSERT INTO `act_hi_identitylink` VALUES ('141',NULL,'starter','admin',NULL,'140'),('160',NULL,'candidate','admin','159',NULL),('164',NULL,'starter','admin',NULL,'163'),('183',NULL,'candidate','admin','182',NULL),('186',NULL,'starter','admin',NULL,'185'),('205',NULL,'candidate','admin','204',NULL),('6028e7f039ea42ed97a4292528d358a9',NULL,'actualExecutor','admin','159','140');

#
# Structure for table "act_hi_procinst"
#

DROP TABLE IF EXISTS `act_hi_procinst`;
CREATE TABLE `act_hi_procinst` (
  `ID_` varchar(64) COLLATE utf8_bin NOT NULL,
  `PROC_INST_ID_` varchar(64) COLLATE utf8_bin NOT NULL,
  `BUSINESS_KEY_` varchar(255) COLLATE utf8_bin DEFAULT NULL,
  `PROC_DEF_ID_` varchar(64) COLLATE utf8_bin NOT NULL,
  `START_TIME_` datetime(3) NOT NULL,
  `END_TIME_` datetime(3) DEFAULT NULL,
  `DURATION_` bigint(20) DEFAULT NULL,
  `START_USER_ID_` varchar(255) COLLATE utf8_bin DEFAULT NULL,
  `START_ACT_ID_` varchar(255) COLLATE utf8_bin DEFAULT NULL,
  `END_ACT_ID_` varchar(255) COLLATE utf8_bin DEFAULT NULL,
  `SUPER_PROCESS_INSTANCE_ID_` varchar(64) COLLATE utf8_bin DEFAULT NULL,
  `DELETE_REASON_` varchar(4000) COLLATE utf8_bin DEFAULT NULL,
  `TENANT_ID_` varchar(255) COLLATE utf8_bin DEFAULT '',
  `NAME_` varchar(255) COLLATE utf8_bin DEFAULT NULL,
  PRIMARY KEY (`ID_`),
  UNIQUE KEY `PROC_INST_ID_` (`PROC_INST_ID_`),
  KEY `ACT_IDX_HI_PRO_INST_END` (`END_TIME_`),
  KEY `ACT_IDX_HI_PRO_I_BUSKEY` (`BUSINESS_KEY_`)
) ENGINE=InnoDB DEFAULT CHARSET=utf8 COLLATE=utf8_bin;

#
# Data for table "act_hi_procinst"
#

INSERT INTO `act_hi_procinst` VALUES ('140','140','1268352362875801602','test01:3:84','2020-06-06 15:30:05.830','2020-06-08 09:25:38.905',150933075,'admin','sid-ABC3DA16-84AB-4745-9EB7-A89569570784',NULL,NULL,'backed','','test02'),('163','163','1268352362875801602','test01:3:84','2020-06-08 09:26:02.737','2020-06-08 09:26:51.260',48523,'admin','sid-ABC3DA16-84AB-4745-9EB7-A89569570784',NULL,NULL,'canceled-','','test02'),('185','185','1268352362875801602','test01:3:84','2020-06-08 09:27:10.717',NULL,NULL,'admin','sid-ABC3DA16-84AB-4745-9EB7-A89569570784',NULL,NULL,NULL,'','test02');

#
# Structure for table "act_hi_taskinst"
#

DROP TABLE IF EXISTS `act_hi_taskinst`;
CREATE TABLE `act_hi_taskinst` (
  `ID_` varchar(64) COLLATE utf8_bin NOT NULL,
  `PROC_DEF_ID_` varchar(64) COLLATE utf8_bin DEFAULT NULL,
  `TASK_DEF_KEY_` varchar(255) COLLATE utf8_bin DEFAULT NULL,
  `PROC_INST_ID_` varchar(64) COLLATE utf8_bin DEFAULT NULL,
  `EXECUTION_ID_` varchar(64) COLLATE utf8_bin DEFAULT NULL,
  `NAME_` varchar(255) COLLATE utf8_bin DEFAULT NULL,
  `PARENT_TASK_ID_` varchar(64) COLLATE utf8_bin DEFAULT NULL,
  `DESCRIPTION_` varchar(4000) COLLATE utf8_bin DEFAULT NULL,
  `OWNER_` varchar(255) COLLATE utf8_bin DEFAULT NULL,
  `ASSIGNEE_` varchar(255) COLLATE utf8_bin DEFAULT NULL,
  `START_TIME_` datetime(3) NOT NULL,
  `CLAIM_TIME_` datetime(3) DEFAULT NULL,
  `END_TIME_` datetime(3) DEFAULT NULL,
  `DURATION_` bigint(20) DEFAULT NULL,
  `DELETE_REASON_` varchar(4000) COLLATE utf8_bin DEFAULT NULL,
  `PRIORITY_` int(11) DEFAULT NULL,
  `DUE_DATE_` datetime(3) DEFAULT NULL,
  `FORM_KEY_` varchar(255) COLLATE utf8_bin DEFAULT NULL,
  `CATEGORY_` varchar(255) COLLATE utf8_bin DEFAULT NULL,
  `TENANT_ID_` varchar(255) COLLATE utf8_bin DEFAULT '',
  PRIMARY KEY (`ID_`),
  KEY `ACT_IDX_HI_TASK_INST_PROCINST` (`PROC_INST_ID_`)
) ENGINE=InnoDB DEFAULT CHARSET=utf8 COLLATE=utf8_bin;

#
# Data for table "act_hi_taskinst"
#

INSERT INTO `act_hi_taskinst` VALUES ('159','test01:3:84','sid-17E55AAC-B98A-416E-9795-4536E3D311E1','140','140','审核员审批',NULL,NULL,NULL,NULL,'2020-06-06 15:30:05.841',NULL,'2020-06-08 09:25:38.892',150933051,'backed',0,NULL,NULL,NULL,''),('182','test01:3:84','sid-17E55AAC-B98A-416E-9795-4536E3D311E1','163','163','审核员审批',NULL,NULL,NULL,NULL,'2020-06-08 09:26:02.741',NULL,'2020-06-08 09:26:51.244',48503,'canceled-',0,NULL,NULL,NULL,''),('204','test01:3:84','sid-17E55AAC-B98A-416E-9795-4536E3D311E1','185','185','审核员审批',NULL,NULL,NULL,NULL,'2020-06-08 09:27:10.721',NULL,NULL,NULL,NULL,0,NULL,NULL,NULL,'');

#
# Structure for table "act_hi_varinst"
#

DROP TABLE IF EXISTS `act_hi_varinst`;
CREATE TABLE `act_hi_varinst` (
  `ID_` varchar(64) COLLATE utf8_bin NOT NULL,
  `PROC_INST_ID_` varchar(64) COLLATE utf8_bin DEFAULT NULL,
  `EXECUTION_ID_` varchar(64) COLLATE utf8_bin DEFAULT NULL,
  `TASK_ID_` varchar(64) COLLATE utf8_bin DEFAULT NULL,
  `NAME_` varchar(255) COLLATE utf8_bin NOT NULL,
  `VAR_TYPE_` varchar(100) COLLATE utf8_bin DEFAULT NULL,
  `REV_` int(11) DEFAULT NULL,
  `BYTEARRAY_ID_` varchar(64) COLLATE utf8_bin DEFAULT NULL,
  `DOUBLE_` double DEFAULT NULL,
  `LONG_` bigint(20) DEFAULT NULL,
  `TEXT_` varchar(4000) COLLATE utf8_bin DEFAULT NULL,
  `TEXT2_` varchar(4000) COLLATE utf8_bin DEFAULT NULL,
  `CREATE_TIME_` datetime(3) DEFAULT NULL,
  `LAST_UPDATED_TIME_` datetime(3) DEFAULT NULL,
  PRIMARY KEY (`ID_`),
  KEY `ACT_IDX_HI_PROCVAR_PROC_INST` (`PROC_INST_ID_`),
  KEY `ACT_IDX_HI_PROCVAR_NAME_TYPE` (`NAME_`,`VAR_TYPE_`),
  KEY `ACT_IDX_HI_PROCVAR_TASK_ID` (`TASK_ID_`)
) ENGINE=InnoDB DEFAULT CHARSET=utf8 COLLATE=utf8_bin;

#
# Data for table "act_hi_varinst"
#

INSERT INTO `act_hi_varinst` VALUES ('143','140','140',NULL,'birthday','null',1,NULL,NULL,NULL,NULL,NULL,'2020-06-06 15:30:05.831','2020-06-08 09:25:38.937'),('144','140','140',NULL,'item','string',1,NULL,NULL,NULL,'12345',NULL,'2020-06-06 15:30:05.831','2020-06-08 09:25:38.937'),('145','140','140',NULL,'descc','null',1,NULL,NULL,NULL,NULL,NULL,'2020-06-06 15:30:05.831','2020-06-08 09:25:38.937'),('146','140','140',NULL,'create_time','null',1,NULL,NULL,NULL,NULL,NULL,'2020-06-06 15:30:05.831','2020-06-08 09:25:38.937'),('147','140','140',NULL,'sex','null',1,NULL,NULL,NULL,NULL,NULL,'2020-06-06 15:30:05.831','2020-06-08 09:25:38.937'),('148','140','140',NULL,'create_by','null',1,NULL,NULL,NULL,NULL,NULL,'2020-06-06 15:30:05.831','2020-06-08 09:25:38.938'),('149','140','140',NULL,'update_time','null',1,NULL,NULL,NULL,NULL,NULL,'2020-06-06 15:30:05.832','2020-06-08 09:25:38.938'),('150','140','140',NULL,'file','string',1,NULL,NULL,NULL,'temp/index_1591428584387.json',NULL,'2020-06-06 15:30:05.832','2020-06-08 09:25:38.938'),('151','140','140',NULL,'top_pic','null',1,NULL,NULL,NULL,NULL,NULL,'2020-06-06 15:30:05.832','2020-06-08 09:25:38.938'),('152','140','140',NULL,'user_code','null',1,NULL,NULL,NULL,NULL,NULL,'2020-06-06 15:30:05.832','2020-06-08 09:25:38.938'),('153','140','140',NULL,'name','string',1,NULL,NULL,NULL,'普通会员',NULL,'2020-06-06 15:30:05.832','2020-06-08 09:25:38.938'),('154','140','140',NULL,'tableId','string',1,NULL,NULL,NULL,'f03c0479375342309f529610b28c2f57',NULL,'2020-06-06 15:30:05.832','2020-06-08 09:25:38.938'),('155','140','140',NULL,'id','string',1,NULL,NULL,NULL,'f03c0479375342309f529610b28c2f57',NULL,'2020-06-06 15:30:05.832','2020-06-08 09:25:38.938'),('156','140','140',NULL,'update_by','null',1,NULL,NULL,NULL,NULL,NULL,'2020-06-06 15:30:05.832','2020-06-08 09:25:38.938'),('157','140','140',NULL,'age','null',1,NULL,NULL,NULL,NULL,NULL,'2020-06-06 15:30:05.832','2020-06-08 09:25:38.938'),('166','163','163',NULL,'birthday','null',1,NULL,NULL,NULL,NULL,NULL,'2020-06-08 09:26:02.737','2020-06-08 09:26:51.295'),('167','163','163',NULL,'item','string',1,NULL,NULL,NULL,'12345',NULL,'2020-06-08 09:26:02.738','2020-06-08 09:26:51.295'),('168','163','163',NULL,'descc','null',1,NULL,NULL,NULL,NULL,NULL,'2020-06-08 09:26:02.738','2020-06-08 09:26:51.295'),('169','163','163',NULL,'create_time','null',1,NULL,NULL,NULL,NULL,NULL,'2020-06-08 09:26:02.738','2020-06-08 09:26:51.295'),('170','163','163',NULL,'sex','null',1,NULL,NULL,NULL,NULL,NULL,'2020-06-08 09:26:02.738','2020-06-08 09:26:51.295'),('171','163','163',NULL,'create_by','null',1,NULL,NULL,NULL,NULL,NULL,'2020-06-08 09:26:02.738','2020-06-08 09:26:51.295'),('172','163','163',NULL,'update_time','null',1,NULL,NULL,NULL,NULL,NULL,'2020-06-08 09:26:02.738','2020-06-08 09:26:51.295'),('173','163','163',NULL,'file','string',1,NULL,NULL,NULL,'temp/index_1591428584387.json',NULL,'2020-06-08 09:26:02.738','2020-06-08 09:26:51.295'),('174','163','163',NULL,'top_pic','null',1,NULL,NULL,NULL,NULL,NULL,'2020-06-08 09:26:02.738','2020-06-08 09:26:51.295'),('175','163','163',NULL,'user_code','null',1,NULL,NULL,NULL,NULL,NULL,'2020-06-08 09:26:02.738','2020-06-08 09:26:51.295'),('176','163','163',NULL,'name','string',1,NULL,NULL,NULL,'普通会员',NULL,'2020-06-08 09:26:02.738','2020-06-08 09:26:51.295'),('177','163','163',NULL,'tableId','string',1,NULL,NULL,NULL,'f03c0479375342309f529610b28c2f57',NULL,'2020-06-08 09:26:02.738','2020-06-08 09:26:51.295'),('178','163','163',NULL,'id','string',1,NULL,NULL,NULL,'f03c0479375342309f529610b28c2f57',NULL,'2020-06-08 09:26:02.738','2020-06-08 09:26:51.295'),('179','163','163',NULL,'update_by','null',1,NULL,NULL,NULL,NULL,NULL,'2020-06-08 09:26:02.738','2020-06-08 09:26:51.295'),('180','163','163',NULL,'age','null',1,NULL,NULL,NULL,NULL,NULL,'2020-06-08 09:26:02.738','2020-06-08 09:26:51.295'),('188','185','185',NULL,'birthday','null',0,NULL,NULL,NULL,NULL,NULL,'2020-06-08 09:27:10.717','2020-06-08 09:27:10.717'),('189','185','185',NULL,'item','string',0,NULL,NULL,NULL,'123452321321',NULL,'2020-06-08 09:27:10.717','2020-06-08 09:27:10.717'),('190','185','185',NULL,'descc','null',0,NULL,NULL,NULL,NULL,NULL,'2020-06-08 09:27:10.717','2020-06-08 09:27:10.717'),('191','185','185',NULL,'create_time','null',0,NULL,NULL,NULL,NULL,NULL,'2020-06-08 09:27:10.717','2020-06-08 09:27:10.717'),('192','185','185',NULL,'sex','null',0,NULL,NULL,NULL,NULL,NULL,'2020-06-08 09:27:10.717','2020-06-08 09:27:10.717'),('193','185','185',NULL,'create_by','null',0,NULL,NULL,NULL,NULL,NULL,'2020-06-08 09:27:10.717','2020-06-08 09:27:10.717'),('194','185','185',NULL,'update_time','null',0,NULL,NULL,NULL,NULL,NULL,'2020-06-08 09:27:10.717','2020-06-08 09:27:10.717'),('195','185','185',NULL,'file','string',0,NULL,NULL,NULL,'temp/index_1591428584387.json',NULL,'2020-06-08 09:27:10.717','2020-06-08 09:27:10.717'),('196','185','185',NULL,'top_pic','null',0,NULL,NULL,NULL,NULL,NULL,'2020-06-08 09:27:10.717','2020-06-08 09:27:10.717'),('197','185','185',NULL,'user_code','null',0,NULL,NULL,NULL,NULL,NULL,'2020-06-08 09:27:10.717','2020-06-08 09:27:10.717'),('198','185','185',NULL,'name','string',0,NULL,NULL,NULL,'普通会员',NULL,'2020-06-08 09:27:10.717','2020-06-08 09:27:10.717'),('199','185','185',NULL,'tableId','string',0,NULL,NULL,NULL,'f03c0479375342309f529610b28c2f57',NULL,'2020-06-08 09:27:10.717','2020-06-08 09:27:10.717'),('200','185','185',NULL,'id','string',0,NULL,NULL,NULL,'f03c0479375342309f529610b28c2f57',NULL,'2020-06-08 09:27:10.717','2020-06-08 09:27:10.717'),('201','185','185',NULL,'update_by','null',0,NULL,NULL,NULL,NULL,NULL,'2020-06-08 09:27:10.717','2020-06-08 09:27:10.717'),('202','185','185',NULL,'age','null',0,NULL,NULL,NULL,NULL,NULL,'2020-06-08 09:27:10.717','2020-06-08 09:27:10.717');

#
# Structure for table "act_id_group"
#

#DROP TABLE IF EXISTS `act_id_group`;
CREATE TABLE IF NOT EXISTS `act_id_group` (
  `ID_` varchar(64) COLLATE utf8_bin NOT NULL,
  `REV_` int(11) DEFAULT NULL,
  `NAME_` varchar(255) COLLATE utf8_bin DEFAULT NULL,
  `TYPE_` varchar(255) COLLATE utf8_bin DEFAULT NULL,
  PRIMARY KEY (`ID_`)
) ENGINE=InnoDB DEFAULT CHARSET=utf8 COLLATE=utf8_bin;

#
# Data for table "act_id_group"
#


#
# Structure for table "act_id_info"
#

DROP TABLE IF EXISTS `act_id_info`;
CREATE TABLE `act_id_info` (
  `ID_` varchar(64) COLLATE utf8_bin NOT NULL,
  `REV_` int(11) DEFAULT NULL,
  `USER_ID_` varchar(64) COLLATE utf8_bin DEFAULT NULL,
  `TYPE_` varchar(64) COLLATE utf8_bin DEFAULT NULL,
  `KEY_` varchar(255) COLLATE utf8_bin DEFAULT NULL,
  `VALUE_` varchar(255) COLLATE utf8_bin DEFAULT NULL,
  `PASSWORD_` longblob,
  `PARENT_ID_` varchar(255) COLLATE utf8_bin DEFAULT NULL,
  PRIMARY KEY (`ID_`)
) ENGINE=InnoDB DEFAULT CHARSET=utf8 COLLATE=utf8_bin;

#
# Data for table "act_id_info"
#


#
# Structure for table "act_id_user"
#

#DROP TABLE IF EXISTS `act_id_user`;
CREATE TABLE IF NOT EXISTS `act_id_user` (
  `ID_` varchar(64) COLLATE utf8_bin NOT NULL,
  `REV_` int(11) DEFAULT NULL,
  `FIRST_` varchar(255) COLLATE utf8_bin DEFAULT NULL,
  `LAST_` varchar(255) COLLATE utf8_bin DEFAULT NULL,
  `EMAIL_` varchar(255) COLLATE utf8_bin DEFAULT NULL,
  `PWD_` varchar(255) COLLATE utf8_bin DEFAULT NULL,
  `PICTURE_ID_` varchar(64) COLLATE utf8_bin DEFAULT NULL,
  PRIMARY KEY (`ID_`)
) ENGINE=InnoDB DEFAULT CHARSET=utf8 COLLATE=utf8_bin;

#
# Data for table "act_id_user"
#


#
# Structure for table "act_id_membership"
#

DROP TABLE IF EXISTS `act_id_membership`;
CREATE TABLE `act_id_membership` (
  `USER_ID_` varchar(64) COLLATE utf8_bin NOT NULL,
  `GROUP_ID_` varchar(64) COLLATE utf8_bin NOT NULL,
  PRIMARY KEY (`USER_ID_`,`GROUP_ID_`),
  KEY `ACT_FK_MEMB_GROUP` (`GROUP_ID_`),
  CONSTRAINT `ACT_FK_MEMB_GROUP` FOREIGN KEY (`GROUP_ID_`) REFERENCES `act_id_group` (`ID_`),
  CONSTRAINT `ACT_FK_MEMB_USER` FOREIGN KEY (`USER_ID_`) REFERENCES `act_id_user` (`ID_`)
) ENGINE=InnoDB DEFAULT CHARSET=utf8 COLLATE=utf8_bin;

#
# Data for table "act_id_membership"
#


#
# Structure for table "act_re_deployment"
#

#DROP TABLE IF EXISTS `act_re_deployment`;
CREATE TABLE IF NOT EXISTS `act_re_deployment` (
  `ID_` varchar(64) COLLATE utf8_bin NOT NULL,
  `NAME_` varchar(255) COLLATE utf8_bin DEFAULT NULL,
  `CATEGORY_` varchar(255) COLLATE utf8_bin DEFAULT NULL,
  `TENANT_ID_` varchar(255) COLLATE utf8_bin DEFAULT '',
  `DEPLOY_TIME_` timestamp(3) NULL DEFAULT NULL,
  PRIMARY KEY (`ID_`)
) ENGINE=InnoDB DEFAULT CHARSET=utf8 COLLATE=utf8_bin;

#
# Data for table "act_re_deployment"
#

INSERT INTO `act_re_deployment` VALUES ('12','test01','test','','2020-06-01 15:27:20.403'),('136','test01','test','','2020-06-06 15:25:29.985'),('48','test01','test','','2020-06-03 17:36:41.997'),('81','test02','test','','2020-06-04 09:06:24.104');

#
# Structure for table "act_ge_bytearray"
#

DROP TABLE IF EXISTS `act_ge_bytearray`;
CREATE TABLE `act_ge_bytearray` (
  `ID_` varchar(64) COLLATE utf8_bin NOT NULL,
  `REV_` int(11) DEFAULT NULL,
  `NAME_` varchar(255) COLLATE utf8_bin DEFAULT NULL,
  `DEPLOYMENT_ID_` varchar(64) COLLATE utf8_bin DEFAULT NULL,
  `BYTES_` longblob,
  `GENERATED_` tinyint(4) DEFAULT NULL,
  PRIMARY KEY (`ID_`),
  KEY `ACT_FK_BYTEARR_DEPL` (`DEPLOYMENT_ID_`),
  CONSTRAINT `ACT_FK_BYTEARR_DEPL` FOREIGN KEY (`DEPLOYMENT_ID_`) REFERENCES `act_re_deployment` (`ID_`)
) ENGINE=InnoDB DEFAULT CHARSET=utf8 COLLATE=utf8_bin;

#
# Data for table "act_ge_bytearray"
#

INSERT INTO `act_ge_bytearray` VALUES ('13',1,'test01.bpmn20.xml','12',X'3C3F786D6C2076657273696F6E3D22312E302220656E636F64696E673D225554462D38223F3E0A3C646566696E6974696F6E7320786D6C6E733D22687474703A2F2F7777772E6F6D672E6F72672F737065632F42504D4E2F32303130303532342F4D4F44454C2220786D6C6E733A7873693D22687474703A2F2F7777772E77332E6F72672F323030312F584D4C536368656D612D696E7374616E63652220786D6C6E733A7873643D22687474703A2F2F7777772E77332E6F72672F323030312F584D4C536368656D612220786D6C6E733A61637469766974693D22687474703A2F2F61637469766974692E6F72672F62706D6E2220786D6C6E733A62706D6E64693D22687474703A2F2F7777772E6F6D672E6F72672F737065632F42504D4E2F32303130303532342F44492220786D6C6E733A6F6D6764633D22687474703A2F2F7777772E6F6D672E6F72672F737065632F44442F32303130303532342F44432220786D6C6E733A6F6D6764693D22687474703A2F2F7777772E6F6D672E6F72672F737065632F44442F32303130303532342F44492220747970654C616E67756167653D22687474703A2F2F7777772E77332E6F72672F323030312F584D4C536368656D61222065787072657373696F6E4C616E67756167653D22687474703A2F2F7777772E77332E6F72672F313939392F585061746822207461726765744E616D6573706163653D22687474703A2F2F7777772E61637469766974692E6F72672F70726F63657373646566223E0A20203C70726F636573732069643D2274657374303122206E616D653D227465737430312220697345786563757461626C653D2274727565223E0A202020203C73746172744576656E742069643D2273746172743132333422206E616D653D22E5BC80E5A78B223E3C2F73746172744576656E743E0A202020203C757365725461736B2069643D22716A736822206E616D653D22E7AEA1E79086E59198E5AEA1E6A0B8223E3C2F757365725461736B3E0A202020203C656E644576656E742069643D22656E6431323322206E616D653D22E7BB93E69D9F223E3C2F656E644576656E743E0A202020203C73657175656E6365466C6F772069643D227369642D45463533333738462D433932382D344142302D383842332D3636303345354239383235312220736F757263655265663D2273746172743132333422207461726765745265663D22716A7368223E3C2F73657175656E6365466C6F773E0A202020203C73657175656E6365466C6F772069643D227369642D30374136373136352D343437392D343139462D423743422D4630313942443643434146302220736F757263655265663D22716A736822207461726765745265663D22656E64313233223E3C2F73657175656E6365466C6F773E0A20203C2F70726F636573733E0A20203C62706D6E64693A42504D4E4469616772616D2069643D2242504D4E4469616772616D5F746573743031223E0A202020203C62706D6E64693A42504D4E506C616E652062706D6E456C656D656E743D22746573743031222069643D2242504D4E506C616E655F746573743031223E0A2020202020203C62706D6E64693A42504D4E53686170652062706D6E456C656D656E743D22737461727431323334222069643D2242504D4E53686170655F737461727431323334223E0A20202020202020203C6F6D6764633A426F756E6473206865696768743D2233302E30222077696474683D2233302E302220783D223231302E30303030303030303030303030332220793D223231302E3030303030303030303030303033223E3C2F6F6D6764633A426F756E64733E0A2020202020203C2F62706D6E64693A42504D4E53686170653E0A2020202020203C62706D6E64693A42504D4E53686170652062706D6E456C656D656E743D22716A7368222069643D2242504D4E53686170655F716A7368223E0A20202020202020203C6F6D6764633A426F756E6473206865696768743D2238302E30222077696474683D223130302E302220783D223336372E363131313031303037373535372220793D223138352E3131313131313430353435353036223E3C2F6F6D6764633A426F756E64733E0A2020202020203C2F62706D6E64693A42504D4E53686170653E0A2020202020203C62706D6E64693A42504D4E53686170652062706D6E456C656D656E743D22656E64313233222069643D2242504D4E53686170655F656E64313233223E0A20202020202020203C6F6D6764633A426F756E6473206865696768743D2232382E30222077696474683D2232382E302220783D223635312E363131313031303037373535382220793D223230352E3131313131313430353435353036223E3C2F6F6D6764633A426F756E64733E0A2020202020203C2F62706D6E64693A42504D4E53686170653E0A2020202020203C62706D6E64693A42504D4E456467652062706D6E456C656D656E743D227369642D45463533333738462D433932382D344142302D383842332D363630334535423938323531222069643D2242504D4E456467655F7369642D45463533333738462D433932382D344142302D383842332D363630334535423938323531223E0A20202020202020203C6F6D6764693A776179706F696E7420783D223233392E39393939393735303431363533382220793D223232352E3030383635333033363037303036223E3C2F6F6D6764693A776179706F696E743E0A20202020202020203C6F6D6764693A776179706F696E7420783D223336372E363131313031303037373535372220793D223232352E3038323236373934373038393034223E3C2F6F6D6764693A776179706F696E743E0A2020202020203C2F62706D6E64693A42504D4E456467653E0A2020202020203C62706D6E64693A42504D4E456467652062706D6E456C656D656E743D227369642D30374136373136352D343437392D343139462D423743422D463031394244364343414630222069643D2242504D4E456467655F7369642D30374136373136352D343437392D343139462D423743422D463031394244364343414630223E0A20202020202020203C6F6D6764693A776179706F696E7420783D223436372E363131313031303037373535372220793D223232332E3930313433333938363130303232223E3C2F6F6D6764693A776179706F696E743E0A20202020202020203C6F6D6764693A776179706F696E7420783D223635312E363135313936353034343232332220793D223231392E3434393732313939383237373635223E3C2F6F6D6764693A776179706F696E743E0A2020202020203C2F62706D6E64693A42504D4E456467653E0A202020203C2F62706D6E64693A42504D4E506C616E653E0A20203C2F62706D6E64693A42504D4E4469616772616D3E0A3C2F646566696E6974696F6E733E',0),('137',1,'test01.bpmn20.xml','136',X'3C3F786D6C2076657273696F6E3D22312E302220656E636F64696E673D225554462D38223F3E0A3C646566696E6974696F6E7320786D6C6E733D22687474703A2F2F7777772E6F6D672E6F72672F737065632F42504D4E2F32303130303532342F4D4F44454C2220786D6C6E733A7873693D22687474703A2F2F7777772E77332E6F72672F323030312F584D4C536368656D612D696E7374616E63652220786D6C6E733A7873643D22687474703A2F2F7777772E77332E6F72672F323030312F584D4C536368656D612220786D6C6E733A61637469766974693D22687474703A2F2F61637469766974692E6F72672F62706D6E2220786D6C6E733A62706D6E64693D22687474703A2F2F7777772E6F6D672E6F72672F737065632F42504D4E2F32303130303532342F44492220786D6C6E733A6F6D6764633D22687474703A2F2F7777772E6F6D672E6F72672F737065632F44442F32303130303532342F44432220786D6C6E733A6F6D6764693D22687474703A2F2F7777772E6F6D672E6F72672F737065632F44442F32303130303532342F44492220747970654C616E67756167653D22687474703A2F2F7777772E77332E6F72672F323030312F584D4C536368656D61222065787072657373696F6E4C616E67756167653D22687474703A2F2F7777772E77332E6F72672F313939392F585061746822207461726765744E616D6573706163653D22687474703A2F2F7777772E61637469766974692E6F72672F70726F63657373646566223E0A20203C70726F636573732069643D2274657374303122206E616D653D227465737430312220697345786563757461626C653D2274727565223E0A202020203C73746172744576656E742069643D2273746172743132333422206E616D653D22E5BC80E5A78B223E3C2F73746172744576656E743E0A202020203C757365725461736B2069643D22716A736822206E616D653D22E7AEA1E79086E59198E5AEA1E6A0B8223E3C2F757365725461736B3E0A202020203C656E644576656E742069643D22656E6431323322206E616D653D22E7BB93E69D9F223E3C2F656E644576656E743E0A202020203C73657175656E6365466C6F772069643D227369642D45463533333738462D433932382D344142302D383842332D3636303345354239383235312220736F757263655265663D2273746172743132333422207461726765745265663D22716A7368223E3C2F73657175656E6365466C6F773E0A202020203C73657175656E6365466C6F772069643D227369642D30374136373136352D343437392D343139462D423743422D4630313942443643434146302220736F757263655265663D22716A736822207461726765745265663D22656E64313233223E3C2F73657175656E6365466C6F773E0A20203C2F70726F636573733E0A20203C62706D6E64693A42504D4E4469616772616D2069643D2242504D4E4469616772616D5F746573743031223E0A202020203C62706D6E64693A42504D4E506C616E652062706D6E456C656D656E743D22746573743031222069643D2242504D4E506C616E655F746573743031223E0A2020202020203C62706D6E64693A42504D4E53686170652062706D6E456C656D656E743D22737461727431323334222069643D2242504D4E53686170655F737461727431323334223E0A20202020202020203C6F6D6764633A426F756E6473206865696768743D2233302E30222077696474683D2233302E302220783D223231302E30303030303030303030303030332220793D223231302E3030303030303030303030303033223E3C2F6F6D6764633A426F756E64733E0A2020202020203C2F62706D6E64693A42504D4E53686170653E0A2020202020203C62706D6E64693A42504D4E53686170652062706D6E456C656D656E743D22716A7368222069643D2242504D4E53686170655F716A7368223E0A20202020202020203C6F6D6764633A426F756E6473206865696768743D2237392E3939393939393939393939393937222077696474683D223130302E302220783D223336302E30303030303030303030303030362220793D223138302E3030303030303030303030303033223E3C2F6F6D6764633A426F756E64733E0A2020202020203C2F62706D6E64693A42504D4E53686170653E0A2020202020203C62706D6E64693A42504D4E53686170652062706D6E456C656D656E743D22656E64313233222069643D2242504D4E53686170655F656E64313233223E0A20202020202020203C6F6D6764633A426F756E6473206865696768743D2232382E30222077696474683D2232382E302220783D223635312E363131313031303037373535382220793D223230352E3131313131313430353435353036223E3C2F6F6D6764633A426F756E64733E0A2020202020203C2F62706D6E64693A42504D4E53686170653E0A2020202020203C62706D6E64693A42504D4E456467652062706D6E456C656D656E743D227369642D45463533333738462D433932382D344142302D383842332D363630334535423938323531222069643D2242504D4E456467655F7369642D45463533333738462D433932382D344142302D383842332D363630334535423938323531223E0A20202020202020203C6F6D6764693A776179706F696E7420783D223234302E30303030303030303030303030332220793D223232352E3030303030303030303030303033223E3C2F6F6D6764693A776179706F696E743E0A20202020202020203C6F6D6764693A776179706F696E7420783D223330302E30303030303030303030303030362220793D223232352E3030303030303030303030303033223E3C2F6F6D6764693A776179706F696E743E0A20202020202020203C6F6D6764693A776179706F696E7420783D223330302E30303030303030303030303030362220793D223232302E30223E3C2F6F6D6764693A776179706F696E743E0A20202020202020203C6F6D6764693A776179706F696E7420783D223336302E30303030303030303030303030362220793D223232302E30223E3C2F6F6D6764693A776179706F696E743E0A2020202020203C2F62706D6E64693A42504D4E456467653E0A2020202020203C62706D6E64693A42504D4E456467652062706D6E456C656D656E743D227369642D30374136373136352D343437392D343139462D423743422D463031394244364343414630222069643D2242504D4E456467655F7369642D30374136373136352D343437392D343139462D423743422D463031394244364343414630223E0A20202020202020203C6F6D6764693A776179706F696E7420783D223436302E30303030303030303030303030362220793D223231392E38323631323438303631393138223E3C2F6F6D6764693A776179706F696E743E0A20202020202020203C6F6D6764693A776179706F696E7420783D223635312E363131313835363538323230352220793D223231392E3135393739363136353334393034223E3C2F6F6D6764693A776179706F696E743E0A2020202020203C2F62706D6E64693A42504D4E456467653E0A202020203C2F62706D6E64693A42504D4E506C616E653E0A20203C2F62706D6E64693A42504D4E4469616772616D3E0A3C2F646566696E6974696F6E733E',0),('138',1,'test01.test01.png','136',X'89504E470D0A1A0A0000000D49484452000002B10000010E08060000009EAE4F100000126C4944415478DAEDDD0B949CE55907F028C5533C2AA2A22222C52AC51B2A8A8A88225A5129508410D8DD400CB80B9484108A4201130991703308D58A526E52528C31A49406722317A0119A0869B8342909215736C510523684009FCF33E79B3D93CD3DD99D1D37BFDF39CF7967DFF96676CFEC5CFEDF3BEFF77EFDFA0100000000000000000000000000000000000000000000000000000000000000000000000000000000000000000000000000000000000000000000000000000000000000000000000000000000000000000000000000000000000000000000000000000000000000000000000000000000000000000000000000000000000000000000000000000000000000000000000000000000000000000000000000000000000000000000000000000000000000000000000000000000000000000000000000000000000000000000000000000000000000000000000000000000000000000000000000000000000000000000000000000000000000000000000000000000000000000000000000000000000000000000000000000000000000000000000000000000000000000000000000000000000000000000000000000000000000000000000000000000000000000000000000000000000000000000000000000000000000000000000000000000000000000000000000000000000000000000000000000000000000000000000000000000000000000000000000000000000000000000000000000000000000000000000000000000000000000000000000000000000000000000000000000000000000000000000000000000000000000000000000B095A2283EB264C992F173E7CEFD60FAF4E9C5D4A953559D6BDAB469C5ECD9B3BF13D5E2190900B00B32C0CE9933A7686F6F2F366DDAA47AA9D6AE5D5BCC9A356B7D04DAB33C2B01007622476005D88609B29BA64E9DFAB2672500C04EE4140201B2712A42EC66CF4A00809DC83999C2634385D8C2B31200A09B42EC77DF5A5D2C79EEDEE2C569D7572A2F679FE029C40200346488DDB06E65B1F089EB8A171EBB728BCABEBC4EF8146201001A2EC42E7FF12B5B05D86AAD78F151E15388050068BC10FBF293376D37C4E675C2A7100B00D0702176E1D491DB0DB1799DF029C4020008B1422C00007B1B62733582ED85D8BC4EF8146201001A2EC42E7EFAF3DB0DB1799DF029C40200345C887D73E58262E194115B4F2588BEBC4EF8146201001A2EC4662DFDC6035B85D8EC133C85580080C60CB1EFBE5B2C7EE60B5B4F2588BEBC4EF8146201001A2AC4E619B9163D7DE776E7C4E675CEDA25C402003446887DF7DD62F5E219C5371FFFDC76036CB5729BDCD6A8AC100B00D06B217667A3AF466585580080860BB1BB32FABAA351596154880500A87B88DDD3005B2D6154880500A87B8855422C008010AB845800002156880500106285472116FE1F686E6EFEE90103065C7ACE39E78C8F5A1CB521AA88DA18B534AE9B18ED67733B8F168010AB8458E855E79E7BEEA7A3A69661B5D8C57A326ED3E2D103106295100B751541F46351937723B86EABE6F4EFDFFFE73C9A0042AC1262A1C70D183020F2E7396B6B036973737371E38D37163366CC285E7FFDF5E2EDB7DF2ED23BEFBC53AC5CB9B278FAE9A78BB163C71603070EEC1A6437189505106295100B3D1D603F15C173736D787DF0C1078BF6F6F66257AC5BB7AEB27DDEAE36CC4690BDD0A30B20C42A21167A22C09E531B60870F1F5E1975DD1379BB2BAFBCB26B9035220B8D285EB31F5DB06041DBFDF7DF3F6BCC9831EB870E1DBA79D0A04195176E4B4BCB87175F7CF1A66BAEB966C94D37DDF460D4273C6208B1422C348A720E6CE71482112346744E19D85339D560F4E8D15DA7161CE5D186060AAF13264C7860D4A8519B870D1B56DC75D75DC5DCB9732B7384366EDC587921679B5FC5CC9B37AF88905B5C76D9651F5E7EF9E5AFB5B6B6FA7A458855422CF4BA720582CE11D8BD0DB0B541B6CB88EC1C8F36348008AB836FB8E18677F3059A01F5FDF7DFDFE517F6F3CF3F5F5C75D555EFB7B5B5BDECE84D215609B1D08B01F6D3B57360F7740AC18EA616D4CE9135AD007A51BC263F3269D2A419175D7451F1E8A38FEE5678EDEAF1C71F2F060F1EDC6154568855422CF45288ED1C85CD83B27AC2B871E38CC6422304D89933673E3B64C89062D1A245DDF2E27EEDB5D78A08C41D175E78E1673CC242AC1262A13B036AD4EF6DEFFA3CC356F560AE1C2D7DF3CD377B24C4E6AA055D96DFFA98FF0ED4598EC06680DDD5E5467655DE5F6B6BABF5F4F6810F0D215688857AA9F90A7FEA8001037EA7EBF5E5A9642BDBDC7CF3CD454FCA75646B42EC67FD77A08E720E6C4E21E8AE11D86D8DC89E77DE79EB1CBDD9B73F3484582116EAFD7E5453936B77B2E3E7F1D5EB66CE9CD9A321364F8850F3773CEABF037592AB105C7FFDF59B720E6C4F7AECB1C73A9A9B9BBFEE11EFBB1F1A42AC100BBDF87ED4B9939DEF4B717971B5AFBB0FE8EA2A57EDA9F91B96FBEF409D4C9C38F14BB90AC17BEFBD57F4B44B2EB9648D69057DF74343881562A1B7DF8F6AEAFDEAE5EE5A566B47CB6DD5FCDE8DFE3B50A751D85C073697D1AA87175E786193D1D83EFDA13139A71908B10D1962BF67E4C891DF7BE289277EA4B5B575FFFEFDFB7FDFA041833E1AED01A79E7AEAF747FB03A79D76DA0FC6EBF387A2FF879B9A9A0E8ABE1F899D931F8BF6E0810307FE78B43FD9D2D27248FC9F7FAA3C68E6B0E8FB993C9025DA23E2363F9BCBEA45FBF3F13C3832A70F45FB0BD1F78BD1FE72DCE657A2EFE8B8FED7E236BF1E7DC744FB9BD11E1B7DBF95CF9DB8FEB8E8FBDD7224ED84B3CF3EFBF7A33D31DA3F8CBE93A2FDE3683F19DBFE49B47F1AED9FC56DFF3C4F291A3F9F1ADB9E562EAB7446F4FD45B46745DB3FFACECEB336457B6EF435E5CE74B403A3EFBC680745FB97D10ECE538846FB5751AD511745FFC5D17749CEAF8C7648F40D8D7658B49747DFF09CFF18ED95D1F7D7D15E15EDD5D1F7B9A86BA3AE8BBEBF8D7664F4FF5DB4D7477B43B4A3A3FE3E6A4C5C7F53F4DD1CEDADD1DE167DFF10EDEDD1FE63F4DD11EDE7A3FDA768FF39DA7F89F6AEA87F8DBA3BEA8BB1ED3DD1DE17EDFDD13E10ED83D17E29EAA1A82F473D1C7DFF11B7FDCFB83C21EABFA21E899A147D5F89F6ABD13E16EDD7A27D3CDA27A2A6444D8B9A1EB79D11EDCC6867453B3BEAA9A8A7A39E899A1BF5DF51CF467D236A5ED4FCA8E7A35E88FB5B10EDC2B8ED8BD1BE14ED2BD17E2B6A51D4B7A35E8D5A12F55AD4B2A8D7A35644AD8C5A15B526EA8DA8F6A8EF44BD19F5BF516F45ADDF85F7A3CEAA87DADFE7D302EA20CFC4950773EDCD525ABB6BF0E0C16BF6B5A33777E7CDB62F544F86D8BBEFBE3BA7A66CD197FB6313274EECD6D03769D2A49CC75DA9BC9CBFE3C9279FDCE1ED729B5B6FBD75A7DBC46BA0F3E7F5EBD757FA7AF2312BFF2F1F467D501EADFD5ED4A61C318AEA887AA73CE3D0DB190E227CAC2BC3C29BE5998EDACB30B1BA0C1719329697A123C3C7D2328CBC5A7E85BBA80C2B2F97E12543CC37CB5093E1E67FCAB093A1E7B932046518FA7A198E3224CDC9D05486A727CB3035BD5C32694A19B62697E12B43D8A36528CB7036B10C6B19DAC667882BC3DCB832DC65C8FBF732F465F8BBB70C835F8CDBFE5B1912332C7EA10C8F1922EF2C436586CBB165D8CCD0794B1942338CDE5886D30CA9A3CAD09AE17544196633D45E9321B70CBB7F5386DF0CC15794A138C3F1656558CED0FC99324467986E2BC37586EC0B327467F88EFEF3CB309EA1BCB90CE919D60794E13D43FC9965A8CF707F7A19F633F49F52EE04E4CEC0C9E5CEC127A3FF8FCA9D86DC79F883726722772A8E2F77327267E3B7CB9D8FDC09F98D72A724774E7E357756CA9D965F2A77627267E613B97353EEE47CBCDCE9C99D9FC3CB9DA1DC293A3477927267296EFB13E5CED3C1F13AFCD1DCA92A77AE0ECC9DAD1DBC0765A03E2D9FD34662A10FCB53C96628A8A7B163C73EBFAF1DBDD957F6CC77F0A1F15C8E84E5285F6ED793812C03DF91471E590996871E7A68F1ECB3CF56FACE3CF3CCCEB0991F286BD6AC294E3AE9A44A5FAE0F79DC71C755FED66A38CDF681071E280E38E0806DFE8EF1E3C7EF3428CF9A356B8BFB3BE490438A134E38A172396BC28409C511471CB1D5FDE4699B33BC56B7CDBE3CB0B27AF995575E319D0076FFFD688BF7217362A18F1B3366CCFA3C956C3D3DF3CC33AFED6B476FF6E110BBC58746554F85D80C9D0B172E2CEEB9E79E62F1E2C59591D1871F7EB8331CE6F5B5DB6798CDFEEAC86D5ECEDB669BC133C3ED61871DB6CD107BFCF1C76F35129B472077DDAEFAFBAB3F8F1A35AAF3E7FDF7DFBFB8FAEAAB2B97D7AE5D5BB99FFDF6DBAF38FAE8A38B78ED554EDB3C7FFEFCCAEDB2352716F6E8FDE8EB3985A4EBFB90D509A08F1B3A74E8E6D5AB57D735C4AE59B3A67D5FDB53ED8321769B1F1A3D1D6273643383608E606618CD8078F0C10757FA8E3AEAA8E2A1871EAA04C2152B566C112CF3FAEAE50CC1D9E6B6AB56ADAA5C5EBE7C79E7F6D3A74FEFFCCABF36C4E6EFC9DF51FBF76CD8B0A1B27D75E4B57ABBBC7CC61967546E5BBB7D86D6DCE6F4D34FDFE2EFCB533567D0EEFAB708B1B0C3F7A36DEE4457592716FAB8FC5A333F58EB297FDFBE3667A80F85D81D7E68F46488CDE901D5107ADF7DF76D3567F5F0C30F2F5E7AE9A5CA36394A9B5FD75783654E99B9F3CE3B3BA709F4DBC1486CF5BABCFCEAABAF56EE7367D30CAA7DB58179F2E4C9C581071EB8CD109B954BDA659B5310AAE17BCE9C394662A19B386317EC03E1AA37EC6B073AED6B47ABF6D4486C06D36A583CF6D8633B036C8ED0665F86CEAE23A5D93F65CA94CEDB55475F3338E6F51978B73567B53A7DA136886E2FC4E6D483AE23B1194E6B475CB372EA416E93013743778EC056A73C54A715E4DC582116BA47792060E53D38775A7BC2B871E36ADFEBE778D4A14ECE3FFFFC0FEB3D12DBD1D1B1C6D19B42ECDE1EDC551B26F3399C07786D6FDBEAE86886D96AD8CC0FB4934F3E79ABAFFC6B4762F3F2F0E1C3BB2DC4665F8EFCE61484EA3CD96AF8CEBFAD3AD22CC442B785D84F5703668EC676F7015E797F79BF356B665B071DEA65C890219BEA3D2776D5AA55DF72F4A610BBB721B63A125B1D8DCD83A87264B3EBB6071D745071CC31C7545612A81DC9CD91D8EDDD778EECE6578FFDCAAFFD733EECB265CBB619947354755B81395718A89D8AB074E9D2CAA86B1ED8954177C1820595D1D8BCAE3AB5A0A70EEE1262D997E5126DD590993BA5DDB5DC56BE9EF34441B5A3B03B9B6A0574A3EBAEBB6E71BD572778E28927BEE6E84D21B6BB436CBF2EAB07E4E866BF7239AE9C4290CB6D5597DCEA578EB6562F6768ADBDFF0CACD97FFBEDB7577ECE83AD5A5A5AB6B942C1F6467D77B44D535353E5723528575730C8CBA79C728A100BDD1B623F56AE775C099B23468CD8EB209B0176F4E8D1B50136D7593ECAA30D7574CB2DB7DC5DEF7562E30DE431476F0AB17B1B6273F4B26B5FD78099735E6BA71CECE83EF3FAFC9A3FA70BE4086975D4B6EBEF18366CD85E87D87C7C726438D7AEDDD6F5DD7D809710CBBE2ECFD6563DC8AB3A22BBA7530BF2765D46604D2380DE70EDB5D77EFCD24B2FFDA08E67ECDAD8D4D4F4AAA337855855F7D3CEC23E2D4F2F5C1B64732E6BCE8DCFD505767515823C88AB760E6C569E6ED8A30BBD24F648BF3D6FDEBC7A4D2578D0D19B42AC1262A137E4886C795AE5A236CCE63AB27942841C65AD4E35C829037926AEFC86E78E3BEEA8AC5AD265D5993CADED208F2AF4A20B2EB8A0FF15575CB1B90EA3B1EB9A9A9AE6FBDA458855422CF496FC26B076E9AD3DAC39E6C04283686B6B5B90730C7B52CEBF75F4A610AB84586890307B56196637EF4E78CDD1579F63D0607BA683070FEE58B468518F04D8050B164C8ADFB1DA9EAB10AB845868247966AFF86C1A169F51E3A396E63AE66560CD7679AEA69307233B96031A584B4B4B735B5BDB3BEDEDEDDD1A6057AC58F1545353D332D308845825C402404FED910E6E6D6DDDD05D23B239029B01D6D19B42AC126201A047E5D19B2D2D2DEB1F79E491EFEEC5C15EEB6EBBEDB67B730A81A337855825C402405DE4DC9FA6A6A6E96D6D6D6BE6CF9FDFB13BEBC04E9932655C84E0E71CBD29C42A2116007A2BCC9E956176D0A041ED63C68C79F1A9A79E5AB672E5CAD57976A3D4D1D1B166D5AA55DF9A366DDA57478E1C39B9B9B97989A337116285580068088EDE448815620100845825C4020008B14A880500106285580000215609B1000042AC126201008458211600408855422C008010AB845800002156880500408815620100845825C4020008B1422C000042AC100B0020C42A211600408855422C00C0AE993E7DBAF0D838B53142EC66CF4A00809D983D7BF6EAF6F67601B2016AE5CA955F8E10FBB2672500C04ECC9831E3F4993367BEF5C61B6F740892BD37029B0176DAB469CBA2CEF2AC0400D805119C3E3575EAD4E7F2ABEC9C93A9EA5EF9B8BF2CC0020000000000000000000000000000000000000000000000000000505FFF07AC78DC6C22B030340000000049454E44AE426082',1),('14',1,'test01.test01.png','12',X'89504E470D0A1A0A0000000D49484452000002B100000113080600000021E65E55000012DD4944415478DAEDDD0B9455D579077052E36A6CBB6A6C6B5B9B5AE34A635C7DD8555BDB5A6B6B4D5B63D51AAB30320348D1801A51C4D86AD44245EAF82A56D3A6B6D6A821124B29124250DE0F3154034582622082282F8758428883887AFA7D779D3BEB3ABC61E6720BBFDF5ADFDA8773EE9D19EEDCC77FF6D97B9F1E3D000000000000000000000000000000000000000000000000000000000000000000000000000000000000000000000000000000000000000000000000000000000000000000000000000000000000000000000000000000000000000000000000000000000000000000000000000000000000000000000000000000000000000000000000000000000000000000000000000000000000000000000000000000000000000000000000000000000000000000000000000000000000000000000000000000000000000000000000000000000000000000000000000000000000000000000000000000000000000000000000000000000000000000000000000000000000000000000000000000000000000000000000000000000000000000000000000000000000000000000000000000000000000000000000000000000000000000000000000000000000000000000000000000000000000000000000000000000000000000000000000000000000000000000000000000000000000000000000000000000000000000000000000000000000000000000000000000000000000000000000000000000000000000000000000000000000000000000000000000000000000000000000000000000000000000000000000000000000000000000000000000000000000000000000000000A0911545F1C1152B568C9D3F7FFEBBD3A74F2FA64E9DAAEA5CD3A64D2BE6CC99F3BDA83E9E9100007B2003ECDCB9738BB6B6B662EBD6ADEA00D5860D1B8AD9B3676F8A407B91672500C06E640FAC00DB304176EBD4A953977A560200EC460E2110201BA722C46EF3AC0400D88D1C93293C3654882D3C2B0100BA28C4FEF0FBEB8A15CF7DA97861DAAD95CAEDDC27780AB100000D1962376F5C532C79EA96E2F949D7BFAF725F1E133E85580080860BB1AFBDF0B5ED026CB556BF3051F8146201001A2FC42E9D79C74E436C1E133E85580080860BB14BA60EDF6988CD63C2A7100B0020C40AB10000EC6F88CDD508761662F398F029C40200345C885D3EEF0B3B0DB1794CF8146201001A2EC4BEB16671B164CAB0ED8712C4BE3C267C0AB100000D1762B3567EEBD1ED426CEE133C85580080C60CB16FBD552C7FE68BDB0F25887D794CF8146201001A2AC4E615B996CDBB7FA76362F398AB7609B100008D1162DF7AAB58B77C46F1ED273FBFD3005BADBC4DDE56AFAC100B0070C042ECEE7A5FF5CA0AB100000D1762F7A4F77557BDB2C2A8100BFBAAA5A5E5179B9A9AAEBAF8E28BC7462D8FDA1C55446D895A19C7C647FBB9BC9D470B40887D5FED6B80AD96302AC4C2DEEADDBBF7A7A3A69661B5D8C39A19F7E9E3D103106295100B751541F4A35193F722B8EEA8E6F6ECD9F3973D9A0042AC1262A1DB35353545FEBC78436D206D6969296EBFFDF662C68C19C5ABAFBE5AFCE0073F28D29B6FBE59AC59B3A698376F5E316AD4A8A26FDFBE9D83EC66BDB20042AC1262A1BB03ECB9113CB7D586D7D1A347176D6D6DC59ED8B87163E5F679BFDA301B41F6328F2E8010AB8458E88E007B716D801D3A7468A5D7755FE4FDAEBFFEFACE41568F2C34A278CD7E68F1E2C5831E79E491D9ADADAD9BAEBEFAEA6DFDFBF7AFBC70FBF4E9F3DE15575CB1F5A69B6E5A71C71D778C8EFA84470C2156888546518E81ED1842306CD8B08E2103FB2A871A8C1C39B2F3D082133DDAD040E175DCB8718F8E183162DB9021438A071E78A0983F7F7E658CD0962D5B2A2FE46CF354CC82050B8A08B9C535D75CF3DEB5D75EFBCAC081039D5E41881562E1802B5720E8E881DDDF005B1B643BF5C8CEF568430388B03AE0B6DB6E7B2B5FA01950DF79E79D3D7E612F5AB4A8B8E1861BDE193468D052B33711628558388001F6D3B56360F77508C1AE8616D48E9135AC000EA0784D7E70C28409332EBFFCF262E2C4897B155E3B7BF2C9278B010306B4EB9545881562E10085D88E5ED89C94D51DC68C19A337161A21C0CE9A35EBD9C1830717CB962DEB9217F72BAFBC5244206EBFECB2CB3EEB1146881562A12BF4ECD9F3E72330DE1CED4FECEC367985ADEA64AEEC2D7DE38D37BA25C4E6AA059D96DFFAA8DF10D459F6C06680DDD3E546F6547EBD8103075A4F0F215688852E514ED62A9A9A9A3646DD109F2F3FD3F936E5A5642BC1F2CE3BEF2CBA53AE235B13623FE737047594636073084157F5C0EEA847B65FBF7E1BCDDE44881562617F650F6CA70B0FE4A563EF8AE0FA6B3541776CF5F8AC59B3BA35C4E605116A7E96897E435027B90AC1ADB7DEBA35C7C076A7499326B5B7B4B47CD3232EC40A8F422CECAF9D5D12B677EFDE6332CCC6F6F2EABEAE9ED0D559AEDA53F333BCE6B70375327EFCF8AFE42A046FBFFD76D1DDAEBCF2CAF5861508B1C2A3100BDD15626BEA9DEA76572DABB5ABE5B66A7B85FD76A00EB21736D781CD65B4EAE1F9E79FDFAA375688151E85580E5E03070E3C3C4FF7F7EBD7EFA723D0FD426C1F9F43C99A9A9A7EA3B9B9F97762DFE9BD7AF5FA9368CF897D7F19C77AC776FF6806457B75ECBB3E276D458D887D7746FB8F515F8CED87A2FD4A1CFFCF3C65BF0721B6A3EAA1F6FB7916401DE495B87232D7FE2CA5B5B7060C18B0DEECCD83532E6713F50742AC104B7D9C71C6191FECDBB7EF8F4750FCA93E7DFA1C93EFADB1FD89781D9E1461EF947C3DC6BE4F4678FCF3682F888ADD4DFDA2FD4C4E7C8AE3D7C5F6E7A3FDBB685B63DFA868FF39EADF63DFE81C571AFBBE16ED5351B3A2BE19B5308EBD10ED77F3D479545BD4A6725CEA7B516FE715ACA2BE17B5266A45D4D2A84551FF1D35A75CFAEAEB51E3A21E8BFA527C9F7FC9C05A06D71151B7C4F65FC7FE6B62FBF268FF2ADAE6D877616C9FBBB3C01AC7969793BA7EA827160E627929D9071F7CB0A8A751A3462D327BF3E05433266D6A7C88FC9E102BC41E4C221C1E76DE79E7FD5804C2A3E239FE73F1EF5F8AED8FE7F8CB687F2B9EFBBFDFAB57AF3F8E639F8A7DE747DB2BF6F58DF6B2683F1BFB86C6F68DB13D3CDADBA3FD87D8F74FD13E18F5E5D8F71FD14E889A1CDB33A29D17F5ADA86F472D8B5A15B53E67E447DB1EF56EB9845486B537A2D646AD8CFBBE14EDF351CFE6BAA551D3A3BE11F71B1FED57E3F823D1FE6BD4FDB1EFEE684746FBB7D1FE4D1C1B12DB57C4F680685BA2BD28F69D17DB7F16ED1FE5EB3AF6FD66FCDF7F25B63F16DBC74688FED9F8F791FDFBF7FF503C4C1FA8E3FBCD864EE135270F5F56FE1C3D8C8985835C6B6BEBA6BC946C3D3DF3CC33AF98BD797087D89A9ADCB96756881562F7D007328C6438CA90946129AF0018CFA75F8DB07272B4A7C6BE33223C9E15ED5FC4BE9E39DE3EB62F8DF6CA68AFCD505686B3916558BB3FC35B19E2BE5A86BA6F9421EFE9A8E762DFE268BF1395EF53EBA2FE37EACD727C65567B1922D797A172591932336CCE2BC3E7E4A827A21E8F7A346EFF6FD17E218EDD13EDDF470DCB65A1F2672C7FD64BCBB0DBAB0CBF9FCA309CA138C37119923F9EA139C3733C2E1F8EED23860F1FFE2387F8FBCDCA9A950986E7E3D2E9B8D509E06076F5D5576F5BB76E5D5D43ECFAF5EBDBFCA57AC884D88E9ED96A9815621B32C47EE0ECB3CFFED19696969F8C7074742E129FBD6CD9DB96BD6E51BF1BA1EA0FE377F8A7791A374FE7E669DDF2F46E9EE6BD264FFB96A77F6F2B973ABA2FDA07A21ECED9E2D1FE57EC9B14EDB4B277F0D9B2B7706979BA794D79FA7973793AFADD329C7C3FEAF5A857CB9EB525510BA29E899A195FF3C9ECBD2C7B31BF9CA7C1F37478795ABCB53C4D9EA7CBAF2B4F317FA63C9DDE9497248DEDB3A33D33FE7FA7C5BEDF8EFFFBAFC7BE1322341E970BEA67AF6BF6BE662FAC5778C3BDDF2CCDDFF38ED6884DD68985835CFCE55A6CD9B2A5AE2136BF9F3143875688ADED9915621B2FC49681F1AD725C635B39CEF1E5A8172308FC4FB4F32328CC8E764AF63295136BBE524EB4C90937F7C6BE3B62FBD6686FCA0FF1D83738DA81D15E12FB2ECEF198E5B8CC4FE6C49E9CE093137D72C24F4EFCC909403911282704E5C420AF26F6E0F3EBC3BB3AEE8A5D7008848E03616F6695AA83AB8458C309A05ECA096495F79ED1A34777CBE7D99831636ADFE3E67AD4A14E2EB9E492F7EADD13DBDEDEBE5E4FEC21D7139B630DCFCD99D4DD19627392E2A44993DEB72F7EAC62FCF8F15D1AFA264C989057A0AB546EE7F7983973E62EEF97B7B9FBEEBB777B9B01030674FC7BD3A64D957DDDF99809B11CE421F6D3D5F7A1EC8DEDEA095EF9F5F2EBD60C9DB20E3AD4CBE0C183B7D67B4CECDAB56BBF634CEC2113623BC26BF536DD19C832F09D70C2099560F9918F7CA478F6D9672BFB2EBCF0C28EB0994BE1AC5FBFBE38F3CC332BFBB277E6D4534FADFCBCD5709AEDA38F3E5A1C71C4113BFC1E63C78EDD6D509E3D7BF6FBBEDE31C71C539C7EFAE995EDAC71E3C615C71F7FFC765F2787F86478ADDE36F7E525A1ABDB2FBDF492100B7BF7BE34B3FA9E3474E8D02E5B6E2BDF4BF24241B5BDB0B5EF754037BBE5965B96D77B7582A79E7AEA1B666F1EF421F69BD903B2A337F4EE0AB1193A972C59523CF4D043C5F2E5CB2B3DA38F3FFE784738CCE3B5B7CF0FA0DC5FEDB9CDEDBC6FB6193C33DC1E7BECB13B0CB1A79D76DA763DB1393BB9F3EDAADFBFFAEF11234674FCFBF0C30F2F6EBCF1C6CAF6860D1B2A5FE7B0C30E2B4E3AE9A4A2B5B5B532767CE1C28595FB65AB2716F6F97DE9A3B5CB710D1B366CBF836CBE7F8C1C39B236C06ECEF1DD1E6DA8A3BBEEBAEBC17AAF131B6F2093CCDE3C683F2CB6EB79AD5788CD9ECD0C82D98399613403E2D1471F5DD977E28927168F3DF6582510AE5EBDFA7DC1328F57B73304679BB75DBB766D65FBB5D75EEBB8FDF4E9D33B4EF9D786D8FC3EF93D6A7F9ECD9B37576E5FED79ADDE2FB72FB8E082CA7D6B6F9FA1356F73FEF9E7BFEFE75BB46851256877FE598458D873E5E4C26DB53DB2FB3AB420EFD7A907D6300238106EBEF9E68F5D75D555EFD6F18A5D5B9A9B9B5F367BF3D0D51D213687075443E8C30F3FBCDD98D5E38E3BAE78F1C5172BB7C95EDA3C5D5F0D96F947DCFDF7DFDF314CA0C72E7A62ABC772FBE5975FAE7CCDDD0D33A8EEAB0DCC93274F2E8E3CF2C81D86D8AC89132756DA1C82500DDF73E7CED5130BFBF74776FFDA209B6359F3759EAB0BECE92A043989AB760C6C7991851B3CBA7080C45FA4DF5DB06041BD86128C367B5388ED8E3096C1B41A164F39E5948E009B3DB4B92F4367E79ED2DC3F65CA948EFB557B5F3338E6F10CBC3B1AB35A1DBE501B4477166273E841E79ED80CA7B53DAE5939F4206F9301374377F6C056873C548715E4D8582116F65DF6C89617AB286AC36CAE239B1744C85ED6EA50837CFDE595B872A8D07DF7DD5779ED771AF39F6B1AF7F7A8C20174E9A597F6BCEEBAEBB6D5A13776637373F342A75D84D8EE5C32AA7398CC1ECE9CE0B5B3DB567B4733CC56C366F6CE9C75D659DB9DF2EF51D3139BDB794AB2AB426CEECB9EDF1C82501D275B0DDFF9B3F5287B9A8558D83F7926B076E9AD7DACB9C6C04283183468D0E23C85D99D72FCADD99BD423C4567B62ABBDB139892A7B363BDFF6A8A38E2A4E3EF9E4CA4A02B53DB9D913BBB3AF9D3DBBB9687A8FF2B47F8E875DB56AD50E8372F6AAEE2830E70A03B5431156AE5C59E9F5C9895D1974172F5E5CE98DCD63D5A105DD35B94B88E5100EB317956176DBDE84D7EC7DF539060DF697697C78B62F5BB6AC5B026C7C284FC8EB90FBCB950311627B745A3D207B377B94CB71E510825C6EABBAE4568FB2B7B5BA9DA1B5F6EB6760CDFDF7DE7B6FE5DF39D9AA4F9F3E3B5CA16067BDBEBBBA4D73737365BB1A94AB2B18E4F639E79C23C44217CB2B7BC567D390F88C1A1BB5B2BCDC7151B679F5BA893919D95C0E6860F141DC3268D0A037DBDADABA34C0AE5EBDFAE9F8605E651801F50AB1D97BD9795FE78099635E6B871CECEA6BE6F13CCD9FC305B287B4DA6BDBF97B0C193264BF436C3E3ED9339C6BD7EEE878574FF01262013858FE221D3070E0C0CD5DD5239B3DB01960CDDEA45E215609B1001CA272F6669F3E7D363DF1C4133FDC8FC95E1BEFB9E79E2FE51002B3371162855800A88B1CFBD3DCDC3C7DD0A041EB172E5CD8BE37EBC04E9932654C84E0E7CCDE4488156201E04085D98B32CCF6EFDFBFADB5B5F585A79F7E7AD59A356BD6E518C1D4DEDEBE7EEDDAB5DF99366DDAD7870F1F3EB9A5A56585D99B08B1422C003404B337116285580000215609B1000042AC126201008458211600002156880500106295100B0020C40AB1000008B1422C008010AB84580000215609B1000042AC100B0020C42A211600408855422C0080102BC4020008B14A880500106295100B0020C40AB1000042AC12620100845825C4020008B1422C000042AC100B0020C42A211600A0BB4D9F3E5D786C9CDA1221769B672500C06ECC9933675D5B5B9B00D900B566CD9AAF46885DEA590900B01B3366CC387FD6AC59DF7FFDF5D7DB05C903D7039B0176DAB469ABA22EF2AC0400D803119CCE9D3A75EA73792A3BC764AABA573EEE4B0558000000000000000000000000000000000000000000000000F87FE0FF001D23581F22FD75DF0000000049454E44AE426082',1),('17',1,'stacktrace',NULL,X'6F72672E61637469766974692E656E67696E652E4163746976697469457863657074696F6E3A2043616E6E6F74207365742073757370656E73696F6E20737461746520276163746976652720666F722050726F63657373446566696E6974696F6E456E746974795B7465737430313A313A31355D273A20616C726561647920696E2073746174652027616374697665272E0D0A096174206F72672E61637469766974692E656E67696E652E696D706C2E70657273697374656E63652E656E746974792E53757370656E73696F6E53746174652453757370656E73696F6E53746174655574696C2E73657453757370656E73696F6E53746174652853757370656E73696F6E53746174652E6A6176613A3832290D0A096174206F72672E61637469766974692E656E67696E652E696D706C2E636D642E416273747261637453657450726F63657373446566696E6974696F6E5374617465436D642E6368616E676550726F63657373446566696E6974696F6E537461746528416273747261637453657450726F63657373446566696E6974696F6E5374617465436D642E6A6176613A313439290D0A096174206F72672E61637469766974692E656E67696E652E696D706C2E636D642E416273747261637453657450726F63657373446566696E6974696F6E5374617465436D642E6578656375746528416273747261637453657450726F63657373446566696E6974696F6E5374617465436D642E6A6176613A3735290D0A096174206F72672E61637469766974692E656E67696E652E696D706C2E6A6F626578656375746F722E54696D6572416374697661746550726F63657373446566696E6974696F6E48616E646C65722E657865637574652854696D6572416374697661746550726F63657373446566696E6974696F6E48616E646C65722E6A6176613A3339290D0A096174206F72672E61637469766974692E656E67696E652E696D706C2E70657273697374656E63652E656E746974792E4A6F62456E746974792E65786563757465284A6F62456E746974792E6A6176613A3835290D0A096174206F72672E61637469766974692E656E67696E652E696D706C2E70657273697374656E63652E656E746974792E54696D6572456E746974792E657865637574652854696D6572456E746974792E6A6176613A3936290D0A096174206F72672E61637469766974692E656E67696E652E696D706C2E636D642E457865637574654A6F6273436D642E6578656375746528457865637574654A6F6273436D642E6A6176613A3838290D0A096174206F72672E61637469766974692E656E67696E652E696D706C2E696E746572636570746F722E436F6D6D616E64496E766F6B65722E6578656375746528436F6D6D616E64496E766F6B65722E6A6176613A3234290D0A096174206F72672E61637469766974692E656E67696E652E696D706C2E696E746572636570746F722E436F6D6D616E64436F6E74657874496E746572636570746F722E6578656375746528436F6D6D616E64436F6E74657874496E746572636570746F722E6A6176613A3537290D0A096174206F72672E61637469766974692E737072696E672E537072696E675472616E73616374696F6E496E746572636570746F7224312E646F496E5472616E73616374696F6E28537072696E675472616E73616374696F6E496E746572636570746F722E6A6176613A3437290D0A096174206F72672E737072696E676672616D65776F726B2E7472616E73616374696F6E2E737570706F72742E5472616E73616374696F6E54656D706C6174652E65786563757465285472616E73616374696F6E54656D706C6174652E6A6176613A313430290D0A096174206F72672E61637469766974692E737072696E672E537072696E675472616E73616374696F6E496E746572636570746F722E6578656375746528537072696E675472616E73616374696F6E496E746572636570746F722E6A6176613A3435290D0A096174206F72672E61637469766974692E656E67696E652E696D706C2E696E746572636570746F722E4C6F67496E746572636570746F722E65786563757465284C6F67496E746572636570746F722E6A6176613A3331290D0A096174206F72672E61637469766974692E656E67696E652E696D706C2E6366672E436F6D6D616E644578656375746F72496D706C2E6578656375746528436F6D6D616E644578656375746F72496D706C2E6A6176613A3430290D0A096174206F72672E61637469766974692E656E67696E652E696D706C2E6366672E436F6D6D616E644578656375746F72496D706C2E6578656375746528436F6D6D616E644578656375746F72496D706C2E6A6176613A3335290D0A096174206F72672E61637469766974692E656E67696E652E696D706C2E6A6F626578656375746F722E457865637574654A6F627352756E6E61626C652E68616E646C654D756C7469706C654A6F627328457865637574654A6F627352756E6E61626C652E6A6176613A3934290D0A096174206F72672E61637469766974692E656E67696E652E696D706C2E6A6F626578656375746F722E457865637574654A6F627352756E6E61626C652E72756E28457865637574654A6F627352756E6E61626C652E6A6176613A3439290D0A096174206A6176612E7574696C2E636F6E63757272656E742E546872656164506F6F6C4578656375746F722E72756E576F726B657228546872656164506F6F6C4578656375746F722E6A6176613A31313432290D0A096174206A6176612E7574696C2E636F6E63757272656E742E546872656164506F6F6C4578656375746F7224576F726B65722E72756E28546872656164506F6F6C4578656375746F722E6A6176613A363137290D0A096174206A6176612E6C616E672E5468726561642E72756E285468726561642E6A6176613A373438290D0A',NULL),('2',6,'source',NULL,X'7B227265736F757263654964223A2231222C2270726F70657274696573223A7B2270726F636573735F6964223A22746573743031222C226E616D65223A22746573743031222C22646F63756D656E746174696F6E223A22222C2270726F636573735F617574686F72223A22717177222C2270726F636573735F76657273696F6E223A22222C2270726F636573735F6E616D657370616365223A22687474703A2F2F7777772E61637469766974692E6F72672F70726F63657373646566222C22657865637574696F6E6C697374656E657273223A22222C226576656E746C697374656E657273223A22222C227369676E616C646566696E6974696F6E73223A22222C226D657373616765646566696E6974696F6E73223A22227D2C227374656E63696C223A7B226964223A2242504D4E4469616772616D227D2C226368696C64536861706573223A5B7B227265736F757263654964223A227369642D32343330433736432D453331382D344131462D393331412D464643333546454344374443222C2270726F70657274696573223A7B226F766572726964656964223A22737461727431323334222C226E616D65223A22E5BC80E5A78B222C22646F63756D656E746174696F6E223A22222C22657865637574696F6E6C697374656E657273223A22222C22696E69746961746F72223A22222C22666F726D6B6579646566696E6974696F6E223A22222C22666F726D70726F70657274696573223A6E756C6C7D2C227374656E63696C223A7B226964223A2253746172744E6F6E654576656E74227D2C226368696C64536861706573223A5B5D2C226F7574676F696E67223A5B7B227265736F757263654964223A227369642D45463533333738462D433932382D344142302D383842332D363630334535423938323531227D5D2C22626F756E6473223A7B226C6F7765725269676874223A7B2278223A3234302E30303030303030303030303030332C2279223A3234302E30303030303030303030303030337D2C2275707065724C656674223A7B2278223A3231302E30303030303030303030303030332C2279223A3231302E30303030303030303030303030337D7D2C22646F636B657273223A5B5D7D2C7B227265736F757263654964223A227369642D30354435303230382D443038452D343939372D424631312D334442414134443044364338222C2270726F70657274696573223A7B226F766572726964656964223A22716A7368222C226E616D65223A22E7AEA1E79086E59198E5AEA1E6A0B8222C22646F63756D656E746174696F6E223A22222C226173796E6368726F6E6F7573646566696E6974696F6E223A2266616C7365222C226578636C7573697665646566696E6974696F6E223A2266616C7365222C22657865637574696F6E6C697374656E657273223A22222C226D756C7469696E7374616E63655F74797065223A224E6F6E65222C226D756C7469696E7374616E63655F63617264696E616C697479223A22222C226D756C7469696E7374616E63655F636F6C6C656374696F6E223A22222C226D756C7469696E7374616E63655F7661726961626C65223A22222C226D756C7469696E7374616E63655F636F6E646974696F6E223A22222C226973666F72636F6D70656E736174696F6E223A2266616C7365222C22757365727461736B61737369676E6D656E74223A22222C22666F726D6B6579646566696E6974696F6E223A22222C2264756564617465646566696E6974696F6E223A22222C227072696F72697479646566696E6974696F6E223A22222C22666F726D70726F70657274696573223A22222C227461736B6C697374656E657273223A22227D2C227374656E63696C223A7B226964223A22557365725461736B227D2C226368696C64536861706573223A5B5D2C226F7574676F696E67223A5B7B227265736F757263654964223A227369642D30374136373136352D343437392D343139462D423743422D463031394244364343414630227D5D2C22626F756E6473223A7B226C6F7765725269676874223A7B2278223A3436302E30303030303030303030303030362C2279223A3236307D2C2275707065724C656674223A7B2278223A3336302E30303030303030303030303030362C2279223A3138302E30303030303030303030303030337D7D2C22646F636B657273223A5B5D7D2C7B227265736F757263654964223A227369642D46453142464633342D383532462D343642312D383738362D343342424330333630393433222C2270726F70657274696573223A7B226F766572726964656964223A22656E64313233222C226E616D65223A22E7BB93E69D9F222C22646F63756D656E746174696F6E223A22222C22657865637574696F6E6C697374656E657273223A22227D2C227374656E63696C223A7B226964223A22456E644E6F6E654576656E74227D2C226368696C64536861706573223A5B5D2C226F7574676F696E67223A5B5D2C22626F756E6473223A7B226C6F7765725269676874223A7B2278223A3637392E363131313031303037373535382C2279223A3233332E31313131313134303534353530367D2C2275707065724C656674223A7B2278223A3635312E363131313031303037373535382C2279223A3230352E31313131313134303534353530367D7D2C22646F636B657273223A5B5D7D2C7B227265736F757263654964223A227369642D45463533333738462D433932382D344142302D383842332D363630334535423938323531222C2270726F70657274696573223A7B226F766572726964656964223A22222C226E616D65223A22222C22646F63756D656E746174696F6E223A22222C22636F6E646974696F6E73657175656E6365666C6F77223A22222C22657865637574696F6E6C697374656E657273223A22222C2264656661756C74666C6F77223A2266616C7365227D2C227374656E63696C223A7B226964223A2253657175656E6365466C6F77227D2C226368696C64536861706573223A5B5D2C226F7574676F696E67223A5B7B227265736F757263654964223A227369642D30354435303230382D443038452D343939372D424631312D334442414134443044364338227D5D2C22626F756E6473223A7B226C6F7765725269676874223A7B2278223A3335392E31353632353030303030303030362C2279223A3232352E30303030303030303030303030337D2C2275707065724C656674223A7B2278223A3234302E30363235303030303030303030362C2279223A3232307D7D2C22646F636B657273223A5B7B2278223A31352C2279223A31357D2C7B2278223A3330302E30303030303030303030303030362C2279223A3232352E30303030303030303030303030337D2C7B2278223A3330302E30303030303030303030303030362C2279223A3232307D2C7B2278223A35302C2279223A33392E3939393939393939393939393938367D5D2C22746172676574223A7B227265736F757263654964223A227369642D30354435303230382D443038452D343939372D424631312D334442414134443044364338227D7D2C7B227265736F757263654964223A227369642D30374136373136352D343437392D343139462D423743422D463031394244364343414630222C2270726F70657274696573223A7B226F766572726964656964223A22222C226E616D65223A22222C22646F63756D656E746174696F6E223A22222C22636F6E646974696F6E73657175656E6365666C6F77223A22222C22657865637574696F6E6C697374656E657273223A22222C2264656661756C74666C6F77223A2266616C7365227D2C227374656E63696C223A7B226964223A2253657175656E6365466C6F77227D2C226368696C64536861706573223A5B5D2C226F7574676F696E67223A5B7B227265736F757263654964223A227369642D46453142464633342D383532462D343642312D383738362D343342424330333630393433227D5D2C22626F756E6473223A7B226C6F7765725269676874223A7B2278223A3635302E363332333734393637383535392C2279223A3231392E38323239313134363335323833367D2C2275707065724C656674223A7B2278223A3436302E393234303337313139313135362C2279223A3231392E313633313939393833333138387D7D2C22646F636B657273223A5B7B2278223A35302C2279223A33392E3939393939393939393939393938367D2C7B2278223A31342C2279223A31347D5D2C22746172676574223A7B227265736F757263654964223A227369642D46453142464633342D383532462D343642312D383738362D343342424330333630393433227D7D5D2C22626F756E6473223A7B226C6F7765725269676874223A7B2278223A313230302C2279223A313035307D2C2275707065724C656674223A7B2278223A302C2279223A307D7D2C227374656E63696C736574223A7B2275726C223A227374656E63696C736574732F62706D6E322E302F62706D6E322E302E6A736F6E222C226E616D657370616365223A22687474703A2F2F62336D6E2E6F72672F7374656E63696C7365742F62706D6E322E3023227D2C227373657874656E73696F6E73223A5B5D7D',NULL),('3',2,'source-extra',NULL,X'89504E470D0A1A0A0000000D49484452000002DA0000013608060000005F803557000000206348524D00007A26000080840000FA00000080E8000075300000EA6000003A98000017709CBA513C0000000467414D410000B18E7CFB5193000000017352474200AECE1CE900000006624B474400FF00FF00FFA0BDA793000000097048597300000EC400000EC401952B0E1B00001BA64944415478DAEDDD0B7C55D59D2FF01D8804540252507C2BD5F15169BD1DAAAD43C7C7F555EDF8B8D64B28D86A5F8E756CABBDD57A3FB4759456C6AAB5ED5867AC5A1F58C44715ABADA255B48CD74715108AA3148DA8101490F04C812477FD77CEA1874090470221F97E3F9FF539E7EC9C733C2E92BD7F7B9DFF5A3BCB0000000000000000000000000000000000000000000000000000000000000000000000000000000000000000000000000000000000000000000000000000000000000000000000000000000000000000000000000000000000000000000000000000000000000000000000000000000000000000000000000000000000000000000000000000000000000000000000000000000000000000000000000000000000000000000000000000000000000000000000000000000000000000000000000000000000000000000000000000000000000000000000000000000000000000000000000000000000000000000000000000000000000000000000000000000000000000000000000000000000000000000000000000000000000000000000000000000000000000000000000000000000000000000000000000000000000000000000000000000000000000000000000000000000000000000000000000000000000000000000000000000000000000000000000000000000000000000000000000000000000000000000000000000000000000000000000000000000000000000000000000000000000000000000000000000000000000000000000000000000000000000000000000000000000000000000000000000000000000000000000000000000000000000000000000000000000000000000000000000000E82CCA7401C0B6A3B1B1B1FB1B6FBCF12F4B962C19BE6CD9B203962E5DDABDA1A141C76CEEC1B0ACACB1A2A2627EB76EDD9E5FB972E5D583070F7E52AF00823640279102F63FCF9B37EF9ABABABAEDFBF7EF9FF5EAD52BEBD9B367D6A54B179DB399E264259DBC648B162DCA6A6A6A56D4D7D7BFB27CF9F2E1279C70C234BD0308DA001DD8AC59B31E78FDF5D74FDD6BAFBDB2DD76DB2D4660754A1B9A3D7B76565D5DBDBCB1B171E831C71C334E8F009BA2AB2E0068FF213BB5530F3AE8A0AC5FBF7E42F61610DF14F4E9D367BB77DF7DF7E4E1C3874FBDFDF6DB5FD32B80A00DD08144B9487575F5B72364575656AEF5F3BF2E999BD54CBF3FAB79655C36EF8D27B365EFBF9155ECB073565E51A9F33653B76EDD226C57D4D4D49C346CD8B087478F1EFDAE5E013686C23E80762A263E464D76948BB414B2DF7AE9966CC9BC57B386FA155963C3AA6CD98299D9AC176FCEEA16BDA3035BC10E3BEC90EDB3CF3E0D5DBB76FD99DE00046D800E22561789898F5193BD2E0BDEFC63B66AC5D2B5B647E89EF7C6041DD84AF6D8638F3EE5E5E5FB3FF6D8639FD41B80A00DD001C4127EB1BA484B35D9CBD7336A1DA3DDB49E9D77DEB926DD9CA12700411BA0038875B26309BF9634D6AF6CF9C58DD6D66E4D7DFBF6DD3DDD1CA527808D51AE0B00DAA7B8184DAC7EC1D697FE1D764D37FDF404B0318C6803B45371111517A3692707CBA67F07835380A00DD0196CD763A7167F565E61241C40D0066093F4D9EB88ACBCDB0E6B6DEFBA5D8FACCFDE83751080A00DC0A6D8B1DF41D90E7D0F58E7F69E3B7F44070108DA006CAAFA95CBD7DAB6EAAF8B750C80A00DC0A658B1F4BDFC0A904BDE7B65AD9F2D9D3F239BF5A75FE6CF0140D0066003D5CE7E2985EC9BB265EFBFD1E273962D7C33AB7EFE86ECFD59CF648DD6D406D82A2C5504B08D8811EAB9AFFD2E1FB1DE107129F678FEE2F75EC976FEBB93B2EEF952D0006C2946B401B6113142BDA121BB548C7CBFF9C27FEA4000411B80758911EA4DD5D8B04A07026C614A4700B611071E3B5227006C438C68030080A00D000082360000745A6AB40100D82CC3860DDB63D5AA55A79595951D991E1E9A5AFFD4764CAD2EB59AC6C6C6C9E967FFD5B56BD7BBEEBCF3CEB7056D0000588FA143879E966ECEAFAFAF1F9C8274F7753C25B6ED937EB64FBA3D2D3DEFC755555513D2E39BC78C19335AD006008012292C4770BEA1B1B1F1C44D78F951E97547A5F7383705EF73EEB9E79EBF08DA0000747A43860CA94A373F4FAD6F715BD7AE5DB3430E39243BFCF0C3B3FDF6DB2FEBDDBB77D6B367CF6CD9B265D9C2850BB3EAEAEAECF9E79FCF5E7AE9A56CE5CA95C5970D4EAF9B3474E8D0F33AEAE8B6A00D00C08686ECCF969595DD51CC9011B03FF399CF64C71F7F7CD6AF5FBFB59EBFFDF6DBE76DB7DD76CB8E38E2883C743FFCF0C3D9EF7FFFFBACBEBE3E9EB2636363E31D296C774F61FBA68ED65F561D010060434276550AD9F717437684E72BAFBC322642AE3364AF4B8C74C7F3E3757BEEB9E7EAED296CFF3285EDE11DADCF8C68C316927622DDA74E9DFAC54993267D7ECE9C3987CE9E3D7BFB458B1695D7D5D565E5E5E58D3D7BF65CD9A74F9F772A2B2B9F494FBFE2924B2E7955AF01D01E146AB27F5ECC8E071C7040F6ED6F7F3B2F0FD91411B22FBBECB2ECBAEBAECBD2B1B1789CBC2185ED3F8D1933E6BF056D608303F66F7EF39B1B478E1C3974FEFCF9E5071D745076D45147E53B9914ACB3EEDDBB67296C972D5EBCB8DB5B6FBDB5EFB469D3F67DE9A5973E7FE18517CE5ABA74E9C81B6FBCF126BD08C0D6545656F6CB743CCB6BB263247B7342765194947CEB5BDFCA03773AFEC5A62823F965BAFD7447E9B7AE7E75A0ED3CFBECB35FBAEDB6DBFE3873E6CC8F9F7EFAE95DBEF0852F649FF8C427B23DF6D823DF419597379DEBC6ED0E3BEC90EDBAEBAED9C73EF6B1ECC4134F2CEBDFBF7FEFF4BA933FF2918F0C1D3060C0A3D3A74F5FA0473B97F4FB72D9DE7BEFAD23DA8937DF7C33BBE38E3BFE554FD0D9C4127E2900FFDF3C3876ED9A8D183162834B453EC876DB6D971D78E081D9134F3C110353B169AF810307CE9C366DDACB1DA1EF8C68431B483B8BF2071F7C70FCADB7DE7AF4C9279F9C4F14899DD3C688C09D5AD7471F7DF4C0BBEFBEFBE5AF7DED6BDF30BA0DC0C6AAAAAA1A515656366DCE9C390F4D983061D526BCC5F9C53B713C2BADAD6E0DF17E9FFDEC67B371E3C6158FA1E7A69B0EB10A89A00D6D10B29F7AEAA9671E7FFCF14F5C74D145D9FEFBEFBF59EF77C20927C4D97E8F51A346FDEC2B5FF94AC54D37DD74BD5EEE34073780D670458C16F7EFDF7F51DA2F3D98F64B77AE5AB56AE23DF7DCB3E4835E18577CACAFAF3F2AEE175718690B279E7862F6BBDFFDAEB8F4DFE0A809BFEBAEBBAA056D600D31921D21FB7BDFFB5EAB7DB516E503975F7E798F1123468C1A3A74686D67B89A56473AB8EDB2CB2E4BD241E3818D39B8B5A558D7366A234B2D59B224DB71C71DB7894E6D6868C8BA74B168166C82CAD486A7FDD2F0F437B4B0B05F1A5B515131E1D65B6FAD5BD70B0A9755CFF3627CD31A738BDA42AC46F2F18F7F3C7BEEB9E78A9B3E97DAD5DB7A87ABD186561435D9F7DE7BEF376372476B7FB51635DC1FFDE847BB3DFDF4D3C71C7CF0C1E3A64D9B364F8FB76F871C72C865719B0E52DDD2CD47E30097EE7F3DFD3B1E3C70E0C0BA418306BD3D79F2E41647BADBA2463B426ACC15F8C77FFCC76CE9D2A5F9412D82F735D75C931D7BECB17980BDF3CE3BE3772D7F6EFABCF9EBD2C963366FDEBCFC76D6AC59D9ABAFBEBABA5D7FFDF56B8C72AD58B122FBE10F7F98D5D6D6AEF1BC748291D760EEB3CF3E2D7EBE1B6FBC31FFDB89DFF7967CFAD39FCE4E3AE9A4D52706F1F97FFCE31FE7DBDB921A6DB6F57D51A9C2E5D20F8DFD520AD317A57DD201A9657DFBF6FD4B75757543F17969DB77D2CDC171FFD4534F5DEFDF6F6BEC9FE2A236C55D493ACE8DD9D6FBDE8836B492585DE48A2BAEB8216AB237B75CA42511BA860C1952F1EB5FFFFA57E9E1A7F4FAB6271DDC7AA7DF952F448EAEABAB5B5E555535366D1BB7A5CA4B5250CCE27774CC9831D9BEFBEE9B4FC48DBAC8B892DBD8B163F349BAD1DE7DF7DD3C50BFFDF6DBD9EDB7DF1E93A1B277DE7927DB69A79DB2534E39253BEFBCF3B21B6EB8217FCFB8F044731196E379A5FEFAD7BFAE35572196F57AE38D37D638D0FEE217BFC847B68A5E7EF9E5EC8C33CEC862C59EC2813FBE025FE3B571FBC0030FE4270A8F3EFA681E08E2021AC006D9BEB85F4A7F5BB5E9EF7D7CBA7F4B8C74A7FDD4A1C5270D1830A04D3F44B3107F6847E858411B5A493AC8DF1C4BF4454D755B3AE9A4937A3CFCF0C3FBC6C2FE4A48B6793D523B3B1DE0CE8E835B0ADD8FA4D07DEBFABEC6DD1C3366CCC876DF7DF77CE43A468E3FFCE10F67BFFDED6FB3984B10CB4C7EE73BDFC947868B76DE79E76CD0A041D9934F3E999D79E699D9C48913F3B01D6526AB56ADCA6F5B3279F2E428A35A6BDBC1071FBCC6B61821BFF0C20B573F8ED1AC458B16E59F31C43AF311FA2364FFF9CF7FCE97008BF6FDEF7F3F0FD211E6DF7FFFFDFC7D4E3BEDB4FC35CD037E6B88D1FCB87474FA37BACCAF2D1D5CAFB44F3A33DD9E197F7F71FE5BFC419477B4A566EFDF57D00672319A3D72E4C8FF9D0EC2F952456DEDDC73CFDDE9AAABAE8A59E09D2668172E967076473EB8A53624FD2E0D8983DB90214366BEF7DE7BADFA1F886F5A22AC46008E11E1993367E623C08F3CF2487E1BA517F1B33FFCE10F79B01E3C78F0EAD746D82D86F508C373E7CE2DFD8A770D3142BEAE0953F1FE513E12A3DD959595F988799480C46D7C9E109F69975D76C9CB4FC2F8F1E3F3D1E910613BD6EFBDE5965B62CEC2EAF78D11F751A346E5A3DAF1FE175F7C71ABFFE3FCF18F7FCC264D9A14777F608F4727B37A42C4E6AE9BFD419ACD1DE92E6803B9B8E2630A22E53151644B885AED8A8A8A7D3BCAACEC0D7476670A396565651F8E201B2513ADA5A6A6269B33674E76D65967E5A3D351E37CC41147ACFE79FC2CFE7B31EB3F42F6942953F2F01AEDA73FFD695E5E12B5DBC71C734C1E68E336C4FD5231FA5B0CC7CD3DFBECB379C80E7BEDB5571EA863E2F0D1471F9D6F9B366D5A3E6A5E0CDA11AA8B65247132F0D4534FE5A1FFE73FFF7976C10517640F3DF4D0EA3EFAC94F7E92A513DE36F9F7889384A8D14E615B8D36DBA20DDD77369406EBC2BEA8A1B1B131DFB678F1E2360DDB31DFA2445D47E878411B5A415C563D42F6C6AE95BD39060E1C58F3DC73CF758859D99B605B093B1B72705B51B8EDD6ECE0F6FAA041835AB52032EA9FBFFCE52FE7F7ABABABF351EB52511B1DDB8AC1B5B0967B5E3A12931B637439826EF1F5C5D29078DF669F3DEBD6ADE97F27827004D4F3CF6F5A86F7431FFAD05A9F2B46DA8BA3E7318A1F176EFAE4273F993F8ED296B8C053D1F4E9D3F391ED286B89528EA80F8FD74480FFE217BF98CD9F3F3FBBF6DA6BF32BCDB5A6BE7DFBE681FF924B2EB92C836D4C5555558BFBA214A21BCB8AB39E53C84E0F17A6878FC72A491515158FD4D5D5C5F5D1F78B1F2E5CB8B04D8376BC7FE939BBA00DE4E6CC9973685C567D4B3AFCF0C37BA7A07D64270CDAFF7AD75D776D1361673D07B7E53142940E6415C580DDFCE01635DA5FFAD2971A5BF3F344D9459EEC57ACC89E7EFAE9E607B5BCD6797DE2AAA6C5954922E0166BA1E34213EB0BF71F343938265C46FD7688501E35DA51331EA244A5286AC22384478DF6902143F26D117EEFBBEFBEECF4D34FCF47E7CF3DF7DC35EACC8175AACF0A2BCF1542764CB87824B5B13D7AF4783CED7F1696ECC7261783F6EBAFBFDEEA2B6A958A13F81293056D20377BF6ECEDB7F4A5B2070C1810C56C87EAFD6D461CC8E28016EBD6F5280C20B578706B6BB1F2C8B061C3D6D8F6DDEF7E377BE5955756AFEE116259BE175F7C315FA524264FC6CF63E591E2887604E308E83139B1A87019E5DC6BAFBD1607EAF506F1285529968AC424CB68C5C7F1F3E2BAD9717270CE39E7ACAE0D8FE07DFFFDF7E71336E333C76788A5358BA529408BBA16F63FF7A6F6703AB17DA8A509D8E9EFF9A9B4BF8A6F4FF3BFBD238F3CB2CD3E54B3791F4F09DA406ED1A245E56D3D1BBBB9144EFAA51DE0AA4EB40AC2B65E9FBD6349E0FEC0835B5B8BB28BE65F0147E08D25F38A6517575D7555BE9E754C962CAE597DD86187E5B7A523DACD459D753108477D7769F08D1ACF52CB972FCF0FDCC5D29118C18E91F74F7DAA69F5CA08F2453171B254BC77D49BC7E4D1A8CD8ED1F6F86F979E28006B84E638999F904E5C6F2BAC6EF48127F7E5E5E50FD4D7D7FF24EEC6BC8D050B16B4C9456BE21BB6D82F95B857D0067271A02F7ED5BDA5444D6AE16A5D5641E88007B7B614A3C511468B93198B629DEB28E3282A5DBD637D57638C207EC82187ACAEA58E0BD8C4C8F7E8D1A3F3001C7F1BB14677947CC4373FA5EF15A3E3A5EB5DC7F698EB50ACF18E11EC96C47ADA7162F0C4134FE435E0F15EB367CFCEBEF9CD6FE6933781D5BE978E17D5E96FF1DE8D3DB9BFF3CE3BDF1E3A74E884B41F3B3605EEFC24BBF9B761AD21F62385CBAF87891D65A2BFA00DAD2085A7C614B6CBB664D83EECB0C3E6DD7BEFBDBDD3CEF3879DACBB6FED0C07B7B61435D0B102C9BA96E76B69AE419CD8C5AA24C5E52B63F4B83819320E8E11D02368C76A26312A1D2B94C404CAA2624D75947F44B9474BABA9F4EBD72F0FCCEB13213C562788CF14EB8247B02E8AD1F0A8D58E9389625887CE2E85D6CD5D8EE7FAF8B38F3B11B4E3CAB2AD59AB1D27E13171BA28ED37FFB3A3F4BDA00DADA0B2B272E5C2850BBB15D702DE1252E05990764675DBCAC44007B7F623C2E888112336EA35A5CB00AE4FE9DADBEB1207E8F5693ECABE2EC5D1EA969E5B0CF540EB183366CC0355555513E25C3C46B5AFBBEEBABCC4AC3556208993E658AE33DEB760623AA9BFABA3F45D17BF3EB0F97AF7EE3DABB496744B983A75EACCAC83CCCA06A0DD8B3AAE7CC9BD28D1BAE69A6BD69A73B129213B427B8C68172C292B2BFBEA8409135609DAC06A9595954F1527806D29CF3CF34C2CEDF094DE07A0AD45CD746363E305E96E1E826345A218D52E09C91B255E17AF8F79164529649F3766CC98FFEE48FD2668432BA8ADADBD72F2E4C90D255F7DB5B5BA1933661C98759059D900B47F63C78E8D928EAF16C3768C6C5F7AE9A5316172AD75F95B12CF4BA13D7F5D69484F21FED214B24777B43E53A30DAD60E4C891332FBAE8A237A64C99F2E1E2E5A2DBD2F8F1E3EF6B6868D8BB135D7E1D8076201D776E1D3264484CEEBEA1ACACAC770C30C544C698241957928D2540070C18102595790D77948744B88EB5F7634DFE58C22F56EA2A114B9E5E9042FCAD1DB1BF046D6825B5B5B597FE3A493B9AF236BE14FBC2DB6EBBEDE0B483BB56AF03B0A5C5C8765555D5B3E938F4CB58F62FB645E08E10DD6C2DEC0F32316AB23B5AB94829A523D04A6EBEF9E67B962C59F24A9CD5B7A5ABAFBE3A46B39776A459D9006C5BE21BD514908F4B77CF4C61F9F1AC504EB2A1013BB5736A6A6A8EEEC8213B18D18656545B5B7BCAFDF7DF3FFD80030EE8B1FFFEFBB7FAFB4F9D3AF5C1175F7CF1E4B4533BBA23CDCA06609B0DDC3157E8DE61C386EDD1D0D0F0B9C6C6C67F488F07A516EBDDC6C525A24E24562B8955B26202FFBD9DA9EC51D086563EC31F3E7CF857AFB9E69A1BAFB8E28AEDE3E21BADE59D77DEF9AF51A3461D9A42F6773AFA080000DB96B88264BAB9AED028503A02AD6CF4E8D1772E59B2E4821123462C99316346ABBC678C645F7CF1C57BD6D7D7DFD01167650380A00D6CE899FD2DB5B5B55FBDFCF2CB178D1B376EE9662CFBB7F0DA6BAFBDF5473FFAD1610D0D0D3F183B76EC28BD0B403BCE919FD880D74579C987046D6093C5ACEC55AB567DECEEBBEF7EEEFCF3CF9F3B69D2A4E51BF1F2BAC71E7BECAEB3CE3AEB2F2FBCF0C27E51931D4B2AE95500DA919BD7B1ED071B902F8F49ADB6E4F1DF77D40E52A30D6DA830E1E37F5655557DEEEAABAF3EAF5BB76E030F3CF0C0F7060F1EBCE3BEFBEEDBAD4F9F3EFDBB77EF9E2D5FBE7CEEC2850B6BA74F9F3E63E2C4895D67CC9871407D7DFD1EE9B5D7D7D4D48C36F1118076E653A95D96DADEA9ED96DA2E85ED11B24F49EDA8D47E96DAECD44E4AADA1E4B5717CFB6CC9E39EA9458DF75C411BD894C0BD7A56F69429533E3779F2E4E2ACEC988D1DB3B27BA5B632B5B8ACFA1F523BCFC5680068C7E2D8F5666A57A7F693D4FE5F617BACABFD40A115FD26B5FF5538E66585E3DD8AC2FD8FA5F61FA9BDDF113B49D0862DC8AC6C003A8018CDFE7C6A8353BB31B5F7523B326B1AB58ED1EA4F674DE521FF5612AE77CAFE566AB24F6ABF2BDCFFBB8E1AB2056D000036568C5E4F496D606AAF15B64D2A04EDE1258F4BCB1E7BB5F05ECB3A724709DA00006C8CA8C3BE34B5E9595309495C88E66B85C7450352FBF792C73B674DB5DA67664DA3DE11C2E35BDE79853CDA21E72209DAD07EEC99DA5BCD76640736DB7101C0D61623D777644DA3D9DD52ABCC9ACA41AE2E79CEBF377BCD77B3A69293E7527B21B55753FB4B6AEF74F43312A06D1C5F08CA27664D3568C5168FBF91AD39E33A8C486DBF92C7FF501821F0770A407B535E3846452DF6A20D787E8C66C748F67F141EC72878ACB97D5A47EF24A06D8C2FDCFE4BA1157DA3D9E3A2F80A6D7E6ABB17CEF087A6F6ADAC69C9A439BA13807622068DFE296B5A6DA4B87AC81E2D84E63886C5C0D1B4EC6FF5DCC501A458992426518E49EDCAD45E16B481B6F83B8CAFDEA23EEDCCC219FEB8AC6976F68A42C8FEE792510000D89A2230FF5BB36DB7676B2EE9D75072FB9B66CFAD2EB9FF54A175D8033CB0751447AEBF9835AD231A356B3BA4F6446AA7A7B6386BBA5A562C7BB4346B1ADDB62C2000ED51F330FD60E1F6BD753CF7A1CED2298236B48D3DB3BF5D5236665E977E9D567C7C546AF7654D23D7E7644D134B6216F74DA9FD395BFB2BB4BFD7AD0020684367F756F6B71544A26EADF4EBB4755D356B7EC9FD282139BD10C88BCE4EED5CDD0A008236F037BB6EC073A24CE4FFA4F66CE1F1DBEB08E7737565E7D2A54B97C6868686B274AB33B6B2F4EF10979ADE5D4F001BB51FD705D0A62220DFB301CF7B32B58AACE992B6DD741BA17BF7EEEF2E5EBC5847B403EFBFFF7EAC9830594F001BC38836B49D7EA9ED9DDAE31BF0DCAFA776636A3DB3A68991D14AEBBAF72ABCDF7BBAB5F3D86EBBED26D6D6D69ED1AB572F9DB195D5D4D4C43AC1AFE80940D086AD2FBE628EDAEC9BD7F1B3179A3DFE686A63B3A63AED08D2AF674DF5D9A5A5230FE8D2CEA7AEAEEEAA3973E69CB2E79E7B6E575656A643B69EEA050B16C4C9EFCF7405B031BAEA026813F17D7F4B97959DD2EC71D45E2F6FB6EDCFBA905FFDEA57EF9C7DF6D9A776E9D265B7CACA4A1DB2954C9B36ED9EE5CB97971F77DC7157EA0D6063A8D10668C7EAEAEA865757572F5BB46891CED80A162E5C386EC18205FFD4D0D070A1DE003696116D80766CF4E8D1F3CE3AEBACE7E7CF9F7F6AAF5EBDBA575454E8942D18B2A74E9D3AB0ACACECEBC71F7FFC443D0208DA001DCCEDB7DFFEFAF0E1C3FF3477EEDCD352E85B5A5959D943CD769BAA8E7291EAEAEA6322641F7BECB10FE9126053D853036C231E7DF4D103BB74E9F2D3F2F2F2FFD1AF5FBFB7FBF6EDBB6BAF5EBDFA5B677BF3C53AD9B1845FAC2E12131F1B1B1B6747B9C809279C304DEF0082364027317EFCF843CBCACACE48778F4A6D506ADDF5CA668B2BB2C63AD91352BBEFB8E38E7B56970000000000000000000000000000000000000000000000000000000000000000000000000000000000000000000000000000000000000000000000000000000000000000000000000000000000000000000000000000000000000000000000000000000000000000000000000000000000000000000000000000000000000000000000000000000000000040F2FF0133B9A117FB3045C20000000049454E44AE426082',NULL),('46',3,'source',NULL,X'7B227265736F757263654964223A223435222C2270726F70657274696573223A7B2270726F636573735F6964223A22746573743031222C226E616D65223A22746573743032222C22646F63756D656E746174696F6E223A22222C2270726F636573735F617574686F72223A22717177222C2270726F636573735F76657273696F6E223A22222C2270726F636573735F6E616D657370616365223A22687474703A2F2F7777772E61637469766974692E6F72672F70726F63657373646566222C22657865637574696F6E6C697374656E657273223A22222C226576656E746C697374656E657273223A22222C227369676E616C646566696E6974696F6E73223A22222C226D657373616765646566696E6974696F6E73223A22227D2C227374656E63696C223A7B226964223A2242504D4E4469616772616D227D2C226368696C64536861706573223A5B7B227265736F757263654964223A227369642D41424333444131362D383441422D343734352D394542372D413839353639353730373834222C2270726F70657274696573223A7B226F766572726964656964223A22222C226E616D65223A22E5BC80E5A78B222C22646F63756D656E746174696F6E223A22222C22657865637574696F6E6C697374656E657273223A22222C22696E69746961746F72223A22222C22666F726D6B6579646566696E6974696F6E223A22222C22666F726D70726F70657274696573223A22227D2C227374656E63696C223A7B226964223A2253746172744E6F6E654576656E74227D2C226368696C64536861706573223A5B5D2C226F7574676F696E67223A5B7B227265736F757263654964223A227369642D43453830343831372D373730322D343438382D393042462D444541463234434132413242227D5D2C22626F756E6473223A7B226C6F7765725269676874223A7B2278223A36302C2279223A3130312E39393939393733353039303436347D2C2275707065724C656674223A7B2278223A33302E3030303030303030303030303030342C2279223A37312E39393939393733353039303436347D7D2C22646F636B657273223A5B5D7D2C7B227265736F757263654964223A227369642D31374535354141432D423938412D343136452D393739352D343533364533443331314531222C2270726F70657274696573223A7B226F766572726964656964223A22222C226E616D65223A22E5AEA1E6A0B8E59198E5AEA1E689B9222C22646F63756D656E746174696F6E223A22222C226173796E6368726F6E6F7573646566696E6974696F6E223A2266616C7365222C226578636C7573697665646566696E6974696F6E223A2266616C7365222C22657865637574696F6E6C697374656E657273223A22222C226D756C7469696E7374616E63655F74797065223A224E6F6E65222C226D756C7469696E7374616E63655F63617264696E616C697479223A22222C226D756C7469696E7374616E63655F636F6C6C656374696F6E223A22222C226D756C7469696E7374616E63655F7661726961626C65223A22222C226D756C7469696E7374616E63655F636F6E646974696F6E223A22222C226973666F72636F6D70656E736174696F6E223A2266616C7365222C22757365727461736B61737369676E6D656E74223A22222C22666F726D6B6579646566696E6974696F6E223A22222C2264756564617465646566696E6974696F6E223A22222C227072696F72697479646566696E6974696F6E223A22222C22666F726D70726F70657274696573223A22222C227461736B6C697374656E657273223A22227D2C227374656E63696C223A7B226964223A22557365725461736B227D2C226368696C64536861706573223A5B5D2C226F7574676F696E67223A5B7B227265736F757263654964223A227369642D32304345324234352D413336452D343239392D423437442D333341364446463534443830227D5D2C22626F756E6473223A7B226C6F7765725269676874223A7B2278223A3236332E363131313031303037373535372C2279223A3132362E39393939393733353039303436327D2C2275707065724C656674223A7B2278223A3136332E36313131303130303737353536352C2279223A34362E39393939393733353039303436327D7D2C22646F636B657273223A5B5D7D2C7B227265736F757263654964223A227369642D35344435353945392D304330462D343441422D383233372D313536334542384434443630222C2270726F70657274696573223A7B226F766572726964656964223A22222C226E616D65223A22E7AEA1E79086E59198E5AEA1E689B9222C22646F63756D656E746174696F6E223A22222C226173796E6368726F6E6F7573646566696E6974696F6E223A2266616C7365222C226578636C7573697665646566696E6974696F6E223A2266616C7365222C22657865637574696F6E6C697374656E657273223A22222C226D756C7469696E7374616E63655F74797065223A224E6F6E65222C226D756C7469696E7374616E63655F63617264696E616C697479223A22222C226D756C7469696E7374616E63655F636F6C6C656374696F6E223A22222C226D756C7469696E7374616E63655F7661726961626C65223A22222C226D756C7469696E7374616E63655F636F6E646974696F6E223A22222C226973666F72636F6D70656E736174696F6E223A2266616C7365222C22757365727461736B61737369676E6D656E74223A22222C22666F726D6B6579646566696E6974696F6E223A22222C2264756564617465646566696E6974696F6E223A22222C227072696F72697479646566696E6974696F6E223A22222C22666F726D70726F70657274696573223A22222C227461736B6C697374656E657273223A22227D2C227374656E63696C223A7B226964223A22557365725461736B227D2C226368696C64536861706573223A5B5D2C226F7574676F696E67223A5B7B227265736F757263654964223A227369642D42383735384138352D433337432D344136392D423639362D393638414130343535453441227D5D2C22626F756E6473223A7B226C6F7765725269676874223A7B2278223A3437352E30303030303030303030303030362C2279223A3132332E39393939393733353039303436347D2C2275707065724C656674223A7B2278223A3337352E30303030303030303030303030362C2279223A34332E39393939393733353039303436337D7D2C22646F636B657273223A5B5D7D2C7B227265736F757263654964223A227369642D43443632343745392D323831442D344235432D384334382D413730454343313633373832222C2270726F70657274696573223A7B226F766572726964656964223A22222C226E616D65223A22E7BB93E69D9F222C22646F63756D656E746174696F6E223A22222C22657865637574696F6E6C697374656E657273223A22227D2C227374656E63696C223A7B226964223A22456E644E6F6E654576656E74227D2C226368696C64536861706573223A5B5D2C226F7574676F696E67223A5B5D2C22626F756E6473223A7B226C6F7765725269676874223A7B2278223A3632382E363131313031303037373535392C2279223A39372E39393939393733353039303436357D2C2275707065724C656674223A7B2278223A3630302E363131313031303037373535392C2279223A36392E39393939393733353039303436357D7D2C22646F636B657273223A5B5D7D2C7B227265736F757263654964223A227369642D43453830343831372D373730322D343438382D393042462D444541463234434132413242222C2270726F70657274696573223A7B226F766572726964656964223A22222C226E616D65223A22222C22646F63756D656E746174696F6E223A22222C22636F6E646974696F6E73657175656E6365666C6F77223A22222C22657865637574696F6E6C697374656E657273223A22222C2264656661756C74666C6F77223A2266616C7365227D2C227374656E63696C223A7B226964223A2253657175656E6365466C6F77227D2C226368696C64536861706573223A5B5D2C226F7574676F696E67223A5B7B227265736F757263654964223A227369642D31374535354141432D423938412D343136452D393739352D343533364533443331314531227D5D2C22626F756E6473223A7B226C6F7765725269676874223A7B2278223A3136332E32313333313735303933383937352C2279223A38362E39393939393733353039303436347D2C2275707065724C656674223A7B2278223A36302E3439303031363439323835343030342C2279223A38362E39393939393733353039303436347D7D2C22646F636B657273223A5B7B2278223A31342E3939393939393939393939393939362C2279223A31352E3030303030303030303030303030347D2C7B2278223A35302E3030303030303030303030303031342C2279223A34307D5D2C22746172676574223A7B227265736F757263654964223A227369642D31374535354141432D423938412D343136452D393739352D343533364533443331314531227D7D2C7B227265736F757263654964223A227369642D32304345324234352D413336452D343239392D423437442D333341364446463534443830222C2270726F70657274696573223A7B226F766572726964656964223A22222C226E616D65223A22222C22646F63756D656E746174696F6E223A22222C22636F6E646974696F6E73657175656E6365666C6F77223A22222C22657865637574696F6E6C697374656E657273223A22222C2264656661756C74666C6F77223A2266616C7365227D2C227374656E63696C223A7B226964223A2253657175656E6365466C6F77227D2C226368696C64536861706573223A5B5D2C226F7574676F696E67223A5B7B227265736F757263654964223A227369642D35344435353945392D304330462D343441422D383233372D313536334542384434443630227D5D2C22626F756E6473223A7B226C6F7765725269676874223A7B2278223A3337342E343535383237343837383136392C2279223A38362E32383236383139323737323238387D2C2275707065724C656674223A7B2278223A3236342E31353532373335313939333837362C2279223A38342E373137333132373734303836347D7D2C22646F636B657273223A5B7B2278223A35302E3030303030303030303030303031342C2279223A34307D2C7B2278223A35302C2279223A34307D5D2C22746172676574223A7B227265736F757263654964223A227369642D35344435353945392D304330462D343441422D383233372D313536334542384434443630227D7D2C7B227265736F757263654964223A227369642D42383735384138352D433337432D344136392D423639362D393638414130343535453441222C2270726F70657274696573223A7B226F766572726964656964223A22222C226E616D65223A22222C22646F63756D656E746174696F6E223A22222C22636F6E646974696F6E73657175656E6365666C6F77223A22222C22657865637574696F6E6C697374656E657273223A22222C2264656661756C74666C6F77223A2266616C7365227D2C227374656E63696C223A7B226964223A2253657175656E6365466C6F77227D2C226368696C64536861706573223A5B5D2C226F7574676F696E67223A5B7B227265736F757263654964223A227369642D43443632343745392D323831442D344235432D384334382D413730454343313633373832227D5D2C22626F756E6473223A7B226C6F7765725269676874223A7B2278223A3630302E323739303730343638313438312C2279223A38332E39393939393733353039303436347D2C2275707065724C656674223A7B2278223A3437352E363234373830333431383733372C2279223A38332E39393939393733353039303436347D7D2C22646F636B657273223A5B7B2278223A35302C2279223A34307D2C7B2278223A31342C2279223A31347D5D2C22746172676574223A7B227265736F757263654964223A227369642D43443632343745392D323831442D344235432D384334382D413730454343313633373832227D7D5D2C22626F756E6473223A7B226C6F7765725269676874223A7B2278223A313230302C2279223A313035307D2C2275707065724C656674223A7B2278223A302C2279223A307D7D2C227374656E63696C736574223A7B2275726C223A227374656E63696C736574732F62706D6E322E302F62706D6E322E302E6A736F6E222C226E616D657370616365223A22687474703A2F2F62336D6E2E6F72672F7374656E63696C7365742F62706D6E322E3023227D2C227373657874656E73696F6E73223A5B5D7D',NULL),('49',1,'test01.bpmn20.xml','48',X'3C3F786D6C2076657273696F6E3D22312E302220656E636F64696E673D225554462D38223F3E0A3C646566696E6974696F6E7320786D6C6E733D22687474703A2F2F7777772E6F6D672E6F72672F737065632F42504D4E2F32303130303532342F4D4F44454C2220786D6C6E733A7873693D22687474703A2F2F7777772E77332E6F72672F323030312F584D4C536368656D612D696E7374616E63652220786D6C6E733A7873643D22687474703A2F2F7777772E77332E6F72672F323030312F584D4C536368656D612220786D6C6E733A61637469766974693D22687474703A2F2F61637469766974692E6F72672F62706D6E2220786D6C6E733A62706D6E64693D22687474703A2F2F7777772E6F6D672E6F72672F737065632F42504D4E2F32303130303532342F44492220786D6C6E733A6F6D6764633D22687474703A2F2F7777772E6F6D672E6F72672F737065632F44442F32303130303532342F44432220786D6C6E733A6F6D6764693D22687474703A2F2F7777772E6F6D672E6F72672F737065632F44442F32303130303532342F44492220747970654C616E67756167653D22687474703A2F2F7777772E77332E6F72672F323030312F584D4C536368656D61222065787072657373696F6E4C616E67756167653D22687474703A2F2F7777772E77332E6F72672F313939392F585061746822207461726765744E616D6573706163653D22687474703A2F2F7777772E61637469766974692E6F72672F70726F63657373646566223E0A20203C70726F636573732069643D2274657374303122206E616D653D227465737430312220697345786563757461626C653D2274727565223E0A202020203C73746172744576656E742069643D2273746172743132333422206E616D653D22E5BC80E5A78B223E3C2F73746172744576656E743E0A202020203C757365725461736B2069643D22716A736822206E616D653D22E7AEA1E79086E59198E5AEA1E6A0B8223E3C2F757365725461736B3E0A202020203C656E644576656E742069643D22656E6431323322206E616D653D22E7BB93E69D9F223E3C2F656E644576656E743E0A202020203C73657175656E6365466C6F772069643D227369642D45463533333738462D433932382D344142302D383842332D3636303345354239383235312220736F757263655265663D2273746172743132333422207461726765745265663D22716A7368223E3C2F73657175656E6365466C6F773E0A202020203C73657175656E6365466C6F772069643D227369642D30374136373136352D343437392D343139462D423743422D4630313942443643434146302220736F757263655265663D22716A736822207461726765745265663D22656E64313233223E3C2F73657175656E6365466C6F773E0A20203C2F70726F636573733E0A20203C62706D6E64693A42504D4E4469616772616D2069643D2242504D4E4469616772616D5F746573743031223E0A202020203C62706D6E64693A42504D4E506C616E652062706D6E456C656D656E743D22746573743031222069643D2242504D4E506C616E655F746573743031223E0A2020202020203C62706D6E64693A42504D4E53686170652062706D6E456C656D656E743D22737461727431323334222069643D2242504D4E53686170655F737461727431323334223E0A20202020202020203C6F6D6764633A426F756E6473206865696768743D2233302E30222077696474683D2233302E302220783D223231302E30303030303030303030303030332220793D223231302E3030303030303030303030303033223E3C2F6F6D6764633A426F756E64733E0A2020202020203C2F62706D6E64693A42504D4E53686170653E0A2020202020203C62706D6E64693A42504D4E53686170652062706D6E456C656D656E743D22716A7368222069643D2242504D4E53686170655F716A7368223E0A20202020202020203C6F6D6764633A426F756E6473206865696768743D2237392E3939393939393939393939393937222077696474683D223130302E302220783D223336302E30303030303030303030303030362220793D223138302E3030303030303030303030303033223E3C2F6F6D6764633A426F756E64733E0A2020202020203C2F62706D6E64693A42504D4E53686170653E0A2020202020203C62706D6E64693A42504D4E53686170652062706D6E456C656D656E743D22656E64313233222069643D2242504D4E53686170655F656E64313233223E0A20202020202020203C6F6D6764633A426F756E6473206865696768743D2232382E30222077696474683D2232382E302220783D223635312E363131313031303037373535382220793D223230352E3131313131313430353435353036223E3C2F6F6D6764633A426F756E64733E0A2020202020203C2F62706D6E64693A42504D4E53686170653E0A2020202020203C62706D6E64693A42504D4E456467652062706D6E456C656D656E743D227369642D45463533333738462D433932382D344142302D383842332D363630334535423938323531222069643D2242504D4E456467655F7369642D45463533333738462D433932382D344142302D383842332D363630334535423938323531223E0A20202020202020203C6F6D6764693A776179706F696E7420783D223234302E30303030303030303030303030332220793D223232352E3030303030303030303030303033223E3C2F6F6D6764693A776179706F696E743E0A20202020202020203C6F6D6764693A776179706F696E7420783D223330302E30303030303030303030303030362220793D223232352E3030303030303030303030303033223E3C2F6F6D6764693A776179706F696E743E0A20202020202020203C6F6D6764693A776179706F696E7420783D223330302E30303030303030303030303030362220793D223232302E30223E3C2F6F6D6764693A776179706F696E743E0A20202020202020203C6F6D6764693A776179706F696E7420783D223336302E30303030303030303030303030362220793D223232302E30223E3C2F6F6D6764693A776179706F696E743E0A2020202020203C2F62706D6E64693A42504D4E456467653E0A2020202020203C62706D6E64693A42504D4E456467652062706D6E456C656D656E743D227369642D30374136373136352D343437392D343139462D423743422D463031394244364343414630222069643D2242504D4E456467655F7369642D30374136373136352D343437392D343139462D423743422D463031394244364343414630223E0A20202020202020203C6F6D6764693A776179706F696E7420783D223436302E30303030303030303030303030362220793D223231392E38323631323438303631393138223E3C2F6F6D6764693A776179706F696E743E0A20202020202020203C6F6D6764693A776179706F696E7420783D223635312E363131313835363538323230352220793D223231392E3135393739363136353334393034223E3C2F6F6D6764693A776179706F696E743E0A2020202020203C2F62706D6E64693A42504D4E456467653E0A202020203C2F62706D6E64693A42504D4E506C616E653E0A20203C2F62706D6E64693A42504D4E4469616772616D3E0A3C2F646566696E6974696F6E733E',0),('50',1,'test01.test01.png','48',X'89504E470D0A1A0A0000000D49484452000002B10000010E08060000009EAE4F100000126C4944415478DAEDDD0B949CE55907F028C5533C2AA2A22222C52AC51B2A8A8A88225A5129508410D8DD400CB80B9484108A4201130991703308D58A526E52528C31A49406722317A0119A0869B8342909215736C510523684009FCF33E79B3D93CD3DD99D1D37BFDF39CF7967DFF96676CFEC5CFEDF3BEFF77EFDFA0100000000000000000000000000000000000000000000000000000000000000000000000000000000000000000000000000000000000000000000000000000000000000000000000000000000000000000000000000000000000000000000000000000000000000000000000000000000000000000000000000000000000000000000000000000000000000000000000000000000000000000000000000000000000000000000000000000000000000000000000000000000000000000000000000000000000000000000000000000000000000000000000000000000000000000000000000000000000000000000000000000000000000000000000000000000000000000000000000000000000000000000000000000000000000000000000000000000000000000000000000000000000000000000000000000000000000000000000000000000000000000000000000000000000000000000000000000000000000000000000000000000000000000000000000000000000000000000000000000000000000000000000000000000000000000000000000000000000000000000000000000000000000000000000000000000000000000000000000000000000000000000000000000000000000000000000000000000000000000000000000B095A2283EB264C992F173E7CEFD60FAF4E9C5D4A953559D6BDAB469C5ECD9B3BF13D5E2190900B00B32C0CE9933A7686F6F2F366DDAA47AA9D6AE5D5BCC9A356B7D04DAB33C2B01007622476005D88609B29BA64E9DFAB2672500C04EE4140201B2712A42EC66CF4A00809DC83999C2634385D8C2B31200A09B42EC77DF5A5D2C79EEDEE2C569D7572A2F679FE029C40200346488DDB06E65B1F089EB8A171EBB728BCABEBC4EF8146201001A2EC42E7FF12B5B05D86AAD78F151E15388050068BC10FBF293376D37C4E675C2A7100B00D0702176E1D491DB0DB1799DF029C4020008B1422C00007B1B62733582ED85D8BC4EF8146201001A2EC42E7EFAF3DB0DB1799DF029C40200345C887D73E58262E194115B4F2588BEBC4EF8146201001A2EC4662DFDC6035B85D8EC133C85580080C60CB1EFBE5B2C7EE60B5B4F2588BEBC4EF8146201001A2AC4E619B9163D7DE776E7C4E675CEDA25C402003446887DF7DD62F5E219C5371FFFDC76036CB5729BDCD6A8AC100B00D06B217667A3AF466585580080860BB1BB32FABAA351596154880500A87B88DDD3005B2D6154880500A87B8855422C008010AB845800002156880500106285472116FE1F686E6EFEE90103065C7ACE39E78C8F5A1CB521AA88DA18B534AE9B18ED67733B8F168010AB8458E855E79E7BEEA7A3A69661B5D8C57A326ED3E2D103106295100B751541F46351937723B86EABE6F4EFDFFFE73C9A0042AC1262A1C70D183020F2E7396B6B036973737371E38D37163366CC285E7FFDF5E2EDB7DF2ED23BEFBC53AC5CB9B278FAE9A78BB163C71603070EEC1A6437189505106295100B3D1D603F15C173736D787DF0C1078BF6F6F66257AC5BB7AEB27DDEAE36CC4690BDD0A30B20C42A21167A22C09E531B60870F1F5E1975DD1379BB2BAFBCB26B9035220B8D285EB31F5DB06041DBFDF7DF3F6BCC9831EB870E1DBA79D0A04195176E4B4BCB87175F7CF1A66BAEB966C94D37DDF460D4273C6208B1422C348A720E6CE71482112346744E19D85339D560F4E8D15DA7161CE5D186060AAF13264C7860D4A8519B870D1B56DC75D75DC5DCB9732B7384366EDC587921679B5FC5CC9B37AF88905B5C76D9651F5E7EF9E5AFB5B6B6FA7A458855422CF4BA720582CE11D8BD0DB0B541B6CB88EC1C8F36348008AB836FB8E18677F3059A01F5FDF7DFDFE517F6F3CF3F5F5C75D555EFB7B5B5BDECE84D215609B1D08B01F6D3B57360F7740AC18EA616D4CE9135AD007A51BC263F3269D2A419175D7451F1E8A38FEE5678EDEAF1C71F2F060F1EDC6154568855422CF45288ED1C85CD83B27AC2B871E38CC6422304D89933673E3B64C89062D1A245DDF2E27EEDB5D78A08C41D175E78E1673CC242AC1262A13B036AD4EF6DEFFA3CC356F560AE1C2D7DF3CD377B24C4E6AA055D96DFFA98FF0ED4598EC06680DDD5E5467655DE5F6B6BABF5F4F6810F0D215688857AA9F90A7FEA8001037EA7EBF5E5A9642BDBDC7CF3CD454FCA75646B42EC67FD77A08E720E6C4E21E8AE11D86D8DC89E77DE79EB1CBDD9B73F3484582116EAFD7E5453936B77B2E3E7F1D5EB66CE9CD9A321364F8850F3773CEABF037592AB105C7FFDF59B720E6C4F7AECB1C73A9A9B9BBFEE11EFBB1F1A42AC100BBDF87ED4B9939DEF4B717971B5AFBB0FE8EA2A57EDA9F91B96FBEF409D4C9C38F14BB90AC17BEFBD57F4B44B2EB9648D69057DF74343881562A1B7DF8F6AEAFDEAE5EE5A566B47CB6DD5FCDE8DFE3B50A751D85C073697D1AA87175E786193D1D83EFDA13139A71908B10D1962BF67E4C891DF7BE289277EA4B5B575FFFEFDFB7FDFA041833E1AED01A79E7AEAF747FB03A79D76DA0FC6EBF387A2FF879B9A9A0E8ABE1F899D931F8BF6E0810307FE78B43FD9D2D27248FC9F7FAA3C68E6B0E8FB993C9025DA23E2363F9BCBEA45FBF3F13C3832A70F45FB0BD1F78BD1FE72DCE657A2EFE8B8FED7E236BF1E7DC744FB9BD11E1B7DBF95CF9DB8FEB8E8FBDD7224ED84B3CF3EFBF7A33D31DA3F8CBE93A2FDE3683F19DBFE49B47F1AED9FC56DFF3C4F291A3F9F1ADB9E562EAB7446F4FD45B46745DB3FFACECEB336457B6EF435E5CE74B403A3EFBC680745FB97D10ECE538846FB5751AD511745FFC5D17749CEAF8C7648F40D8D7658B49747DFF09CFF18ED95D1F7D7D15E15EDD5D1F7B9A86BA3AE8BBEBF8D7664F4FF5DB4D7477B43B4A3A3FE3E6A4C5C7F53F4DD1CEDADD1DE167DFF10EDEDD1FE63F4DD11EDE7A3FDA768FF39DA7F89F6AEA87F8DBA3BEA8BB1ED3DD1DE17EDFDD13E10ED83D17E29EAA1A82F473D1C7DFF11B7FDCFB83C21EABFA21E899A147D5F89F6ABD13E16EDD7A27D3CDA27A2A6444D8B9A1EB79D11EDCC6867453B3BEAA9A8A7A39E899A1BF5DF51CF467D236A5ED4FCA8E7A35E88FB5B10EDC2B8ED8BD1BE14ED2BD17E2B6A51D4B7A35E8D5A12F55AD4B2A8D7A35644AD8C5A15B526EA8DA8F6A8EF44BD19F5BF516F45ADDF85F7A3CEAA87DADFE7D302EA20CFC4950773EDCD525ABB6BF0E0C16BF6B5A33777E7CDB62F544F86D8BBEFBE3BA7A66CD197FB6313274EECD6D03769D2A49CC75DA9BC9CBFE3C9279FDCE1ED729B5B6FBD75A7DBC46BA0F3E7F5EBD757FA7AF2312BFF2F1F467D501EADFD5ED4A61C318AEA887AA73CE3D0DB190E227CAC2BC3C29BE5998EDACB30B1BA0C1719329697A123C3C7D2328CBC5A7E85BBA80C2B2F97E12543CC37CB5093E1E67FCAB093A1E7B932046518FA7A198E3224CDC9D05486A727CB3035BD5C32694A19B62697E12B43D8A36528CB7036B10C6B19DAC667882BC3DCB832DC65C8FBF732F465F8BBB70C835F8CDBFE5B1912332C7EA10C8F1922EF2C436586CBB165D8CCD0794B1942338CDE5886D30CA9A3CAD09AE17544196633D45E9321B70CBB7F5386DF0CC15794A138C3F1656558CED0FC99324467986E2BC37586EC0B327467F88EFEF3CB309EA1BCB90CE919D60794E13D43FC9965A8CF707F7A19F633F49F52EE04E4CEC0C9E5CEC127A3FF8FCA9D86DC79F883726722772A8E2F77327267E3B7CB9D8FDC09F98D72A724774E7E357756CA9D965F2A77627267E613B97353EEE47CBCDCE9C99D9FC3CB9DA1DC293A3477927267296EFB13E5CED3C1F13AFCD1DCA92A77AE0ECC9DAD1DBC0765A03E2D9FD34662A10FCB53C96628A8A7B163C73EBFAF1DBDD957F6CC77F0A1F15C8E84E5285F6ED793812C03DF91471E590996871E7A68F1ECB3CF56FACE3CF3CCCEB0991F286BD6AC294E3AE9A44A5FAE0F79DC71C755FED66A38CDF681071E280E38E0806DFE8EF1E3C7EF3428CF9A356B8BFB3BE490438A134E38A172396BC28409C511471CB1D5FDE4699B33BC56B7CDBE3CB0B27AF995575E319D0076FFFD688BF7217362A18F1B3366CCFA3C956C3D3DF3CC33AFED6B476FF6E110BBC58746554F85D80C9D0B172E2CEEB9E79E62F1E2C59591D1871F7EB8331CE6F5B5DB6798CDFEEAC86D5ECEDB669BC133C3ED61871DB6CD107BFCF1C76F35129B472077DDAEFAFBAB3F8F1A35AAF3E7FDF7DFBFB8FAEAAB2B97D7AE5D5BB99FFDF6DBAF38FAE8A38B78ED554EDB3C7FFEFCCAEDB2352716F6E8FDE8EB3985A4EBFB90D509A08F1B3A74E8E6D5AB57D735C4AE59B3A67D5FDB53ED8321769B1F1A3D1D6273643383608E606618CD8078F0C10757FA8E3AEAA8E2A1871EAA04C2152B566C112CF3FAEAE50CC1D9E6B6AB56ADAA5C5EBE7C79E7F6D3A74FEFFCCABF36C4E6EFC9DF51FBF76CD8B0A1B27D75E4B57ABBBC7CC61967546E5BBB7D86D6DCE6F4D34FDFE2EFCB533567D0EEFAB708B1B0C3F7A36DEE4457592716FAB8FC5A333F58EB297FDFBE3667A80F85D81D7E68F46488CDE901D5107ADF7DF76D3567F5F0C30F2F5E7AE9A5CA36394A9B5FD75783654E99B9F3CE3B3BA709F4DBC1486CF5BABCFCEAABAF56EE7367D30CAA7DB58179F2E4C9C581071EB8CD109B954BDA659B5310AAE17BCE9C394662A19B386317EC03E1AA37EC6B073AED6B47ABF6D4486C06D36A583CF6D8633B036C8ED0665F86CEAE23A5D93F65CA94CEDB55475F3338E6F51978B73567B53A7DA136886E2FC4E6D483AE23B1194E6B475CB372EA416E93013743778EC056A73C54A715E4DC582116BA47792060E53D38775A7BC2B871E36ADFEBE778D4A14ECE3FFFFC0FEB3D12DBD1D1B1C6D19B42ECDE1EDC551B26F3399C07786D6FDBEAE86886D96AD8CC0FB4934F3E79ABAFFC6B4762F3F2F0E1C3BB2DC4665F8EFCE61484EA3CD96AF8CEBFAD3AD22CC442B785D84F5703668EC676F7015E797F79BF356B665B071DEA65C890219BEA3D2776D5AA55DF72F4A610BBB721B63A125B1D8DCD83A87264B3EBB6071D745071CC31C7545612A81DC9CD91D8EDDD778EECE6578FFDCAAFFD733EECB265CBB619947354755B81395718A89D8AB074E9D2CAA86B1ED8954177C1820595D1D8BCAE3AB5A0A70EEE1262D997E5126DD590993BA5DDB5DC56BE9EF34441B5A3B03B9B6A0574A3EBAEBB6E71BD572778E28927BEE6E84D21B6BB436CBF2EAB07E4E866BF7239AE9C4290CB6D5597DCEA578EB6562F6768ADBDFF0CACD97FFBEDB7577ECE83AD5A5A5AB6B942C1F6467D77B44D535353E5723528575730C8CBA79C728A100BDD1B623F56AE775C099B23468CD8EB209B0176F4E8D1B50136D7593ECAA30D7574CB2DB7DC5DEF7562E30DE431476F0AB17B1B6273F4B26B5FD78099735E6BA71CECE83EF3FAFC9A3FA70BE4086975D4B6EBEF18366CD85E87D87C7C726438D7AEDDD6F5DD7D809710CBBE2ECFD6563DC8AB3A22BBA7530BF2765D46604D2380DE70EDB5D77EFCD24B2FFDA08E67ECDAD8D4D4F4AAA337855855F7D3CEC23E2D4F2F5C1B64732E6BCE8DCFD505767515823C88AB760E6C569E6ED8A30BBD24F648BF3D6FDEBC7A4D2578D0D19B42AC1262A137E4886C795AE5A236CCE63AB27942841C65AD4E35C829037926AEFC86E78E3BEEA8AC5AD265D5993CADED208F2AF4A20B2EB8A0FF15575CB1B90EA3B1EB9A9A9AE6FBDA458855422CF496FC26B076E9AD3DAC39E6C04283686B6B5B90730C7B52CEBF75F4A610AB84586890307B56196637EF4E78CDD1579F63D0607BA683070FEE58B468518F04D8050B164C8ADFB1DA9EAB10AB845868247966AFF86C1A169F51E3A396E63AE66560CD7679AEA69307233B96031A584B4B4B735B5BDB3BEDEDEDDD1A6057AC58F1545353D332D308845825C402404FED910E6E6D6DDDD05D23B239029B01D6D19B42AC126201A047E5D19B2D2D2DEB1F79E491EFEEC5C15EEB6EBBEDB67B730A81A337855825C402405DE4DC9FA6A6A6E96D6D6D6BE6CF9FDFB13BEBC04E9932655C84E0E71CBD29C42A2116007A2BCC9E956176D0A041ED63C68C79F1A9A79E5AB672E5CAD57976A3D4D1D1B166D5AA55DF9A366DDA57478E1C39B9B9B97989A337116285580068088EDE448815620100845825C4020008B14A880500106285580000215609B1000042AC126201008458211600408855422C008010AB845800002156880500408815620100845825C4020008B1422C000042AC100B0020C42A211600408855422C00C0AE993E7DBAF0D838B53142EC66CF4A00809D983D7BF6EAF6F67601B2016AE5CA955F8E10FBB2672500C04ECC9831E3F4993367BEF5C61B6F740892BD37029B0176DAB469CBA2CEF2AC0400D805119C3E3575EAD4E7F2ABEC9C93A9EA5EF9B8BF2CC0020000000000000000000000000000000000000000000000000000505FFF07AC78DC6C22B030340000000049454E44AE426082',1),('53',1,'stacktrace',NULL,X'6F72672E61637469766974692E656E67696E652E4163746976697469457863657074696F6E3A2043616E6E6F74207365742073757370656E73696F6E20737461746520276163746976652720666F722050726F63657373446566696E6974696F6E456E746974795B7465737430313A323A35315D273A20616C726561647920696E2073746174652027616374697665272E0D0A096174206F72672E61637469766974692E656E67696E652E696D706C2E70657273697374656E63652E656E746974792E53757370656E73696F6E53746174652453757370656E73696F6E53746174655574696C2E73657453757370656E73696F6E53746174652853757370656E73696F6E53746174652E6A6176613A3832290D0A096174206F72672E61637469766974692E656E67696E652E696D706C2E636D642E416273747261637453657450726F63657373446566696E6974696F6E5374617465436D642E6368616E676550726F63657373446566696E6974696F6E537461746528416273747261637453657450726F63657373446566696E6974696F6E5374617465436D642E6A6176613A313439290D0A096174206F72672E61637469766974692E656E67696E652E696D706C2E636D642E416273747261637453657450726F63657373446566696E6974696F6E5374617465436D642E6578656375746528416273747261637453657450726F63657373446566696E6974696F6E5374617465436D642E6A6176613A3735290D0A096174206F72672E61637469766974692E656E67696E652E696D706C2E6A6F626578656375746F722E54696D6572416374697661746550726F63657373446566696E6974696F6E48616E646C65722E657865637574652854696D6572416374697661746550726F63657373446566696E6974696F6E48616E646C65722E6A6176613A3339290D0A096174206F72672E61637469766974692E656E67696E652E696D706C2E70657273697374656E63652E656E746974792E4A6F62456E746974792E65786563757465284A6F62456E746974792E6A6176613A3835290D0A096174206F72672E61637469766974692E656E67696E652E696D706C2E70657273697374656E63652E656E746974792E54696D6572456E746974792E657865637574652854696D6572456E746974792E6A6176613A3936290D0A096174206F72672E61637469766974692E656E67696E652E696D706C2E636D642E457865637574654A6F6273436D642E6578656375746528457865637574654A6F6273436D642E6A6176613A3838290D0A096174206F72672E61637469766974692E656E67696E652E696D706C2E696E746572636570746F722E436F6D6D616E64496E766F6B65722E6578656375746528436F6D6D616E64496E766F6B65722E6A6176613A3234290D0A096174206F72672E61637469766974692E656E67696E652E696D706C2E696E746572636570746F722E436F6D6D616E64436F6E74657874496E746572636570746F722E6578656375746528436F6D6D616E64436F6E74657874496E746572636570746F722E6A6176613A3537290D0A096174206F72672E61637469766974692E737072696E672E537072696E675472616E73616374696F6E496E746572636570746F7224312E646F496E5472616E73616374696F6E28537072696E675472616E73616374696F6E496E746572636570746F722E6A6176613A3437290D0A096174206F72672E737072696E676672616D65776F726B2E7472616E73616374696F6E2E737570706F72742E5472616E73616374696F6E54656D706C6174652E65786563757465285472616E73616374696F6E54656D706C6174652E6A6176613A313430290D0A096174206F72672E61637469766974692E737072696E672E537072696E675472616E73616374696F6E496E746572636570746F722E6578656375746528537072696E675472616E73616374696F6E496E746572636570746F722E6A6176613A3435290D0A096174206F72672E61637469766974692E656E67696E652E696D706C2E696E746572636570746F722E4C6F67496E746572636570746F722E65786563757465284C6F67496E746572636570746F722E6A6176613A3331290D0A096174206F72672E61637469766974692E656E67696E652E696D706C2E6366672E436F6D6D616E644578656375746F72496D706C2E6578656375746528436F6D6D616E644578656375746F72496D706C2E6A6176613A3430290D0A096174206F72672E61637469766974692E656E67696E652E696D706C2E6366672E436F6D6D616E644578656375746F72496D706C2E6578656375746528436F6D6D616E644578656375746F72496D706C2E6A6176613A3335290D0A096174206F72672E61637469766974692E656E67696E652E696D706C2E6A6F626578656375746F722E457865637574654A6F627352756E6E61626C652E68616E646C654D756C7469706C654A6F627328457865637574654A6F627352756E6E61626C652E6A6176613A3934290D0A096174206F72672E61637469766974692E656E67696E652E696D706C2E6A6F626578656375746F722E457865637574654A6F627352756E6E61626C652E72756E28457865637574654A6F627352756E6E61626C652E6A6176613A3439290D0A096174206A6176612E7574696C2E636F6E63757272656E742E546872656164506F6F6C4578656375746F722E72756E576F726B657228546872656164506F6F6C4578656375746F722E6A6176613A31313432290D0A096174206A6176612E7574696C2E636F6E63757272656E742E546872656164506F6F6C4578656375746F7224576F726B65722E72756E28546872656164506F6F6C4578656375746F722E6A6176613A363137290D0A096174206A6176612E6C616E672E5468726561642E72756E285468726561642E6A6176613A373438290D0A',NULL),('76',1,'source-extra',NULL,X'89504E470D0A1A0A0000000D49484452000002A7000000B10806000000F9F514AB000000206348524D00007A26000080840000FA00000080E8000075300000EA6000003A98000017709CBA513C0000000467414D410000B18E7CFB5193000000017352474200AECE1CE900000006624B474400FF00FF00FFA0BDA793000000097048597300000EC400000EC401952B0E1B00001F2D4944415478DAEDDD097854E5B9C0F12F9385B065212C41768A8A1424B42A5DA8A20571AF3E62090DD4A522D75A5A975BAD7DACD7ABF8685DDB524BC5A26C111050501481A8A0D48B5A9425403115C296044242860412493273DFF7644E1C86999090996466F8FF9EE77B663B33997C33DF9CF7BCDF728C0100000000000000000000000000000000000000000000000000000000000000000000000000000000000000000000000000000000000000000000000000000000000000000000000000000000000000000000000000000000000000000000000000000000000000000000000000000000000000000000000000000000000000000000000000000000000000000000000000000000000000000000000000000000000000000000000080A814431500C09963D5AA551931313137CAD591522E909248AD345B8D948D52D64859327AF4E8F5540940700A0068C0CA952B073A1C8E3FC7C5C50DEBD2A5CBBECE9D3B774F4E4E4E97FBA89C6672B95CBB0F1F3E9C5B545474A4B4B474A8DBED2E90FBEE1933664C2EB503109C02007CE4E4E48C8A898979AD77EFDEB5BD7AF5EA2CD7A994D0C9CFCDCD5D2D41EAB552CF93468D1AB59C2A01084E1165E8860C09BA21CFA0C0343E3E7EF1A0418392939292A8901622C1E992AD5BB7EAEFD5AF085001825344094F37E4F35206A7A6A66EE9D6AD5B4A5A5ADA20095493A99DE671B95C354EA733AFB8B8F8A0945EB5B5B53BE9868CCE362481E986214386B423306D9D00353737F787D2B646D3B680C68BA50A108E3CDD906FA6A7A71FCCC8C838AF6BD7AEE7B56BD7AE97DC47D6341847A531318EB66DDB769160BF6FEFDEBD53DD6EF71131E5E69B6FDE3E67CE9C2FA9A1E83069D2A477FB882E5DBAF87DFCEB8A03A668DB1BA668FB327368D707E6D8E15DA64DFBAE26AE0D816C30481B1B545E5E3EBFAAAA2A73AEA0460082534470602A1733860E1D6A7AF4E8314C02A9386A25B4525252D225508D3978F0E09513274EFC37016AE4FBF0C30F2F92B6F3E0C0810363FD8D31D5C074EFE72F9BAAF242E376D71AE37699EACAC3E648D166D33E6D00016A90C88175DA9E3D7B12A55D7D2EF1E93E6A043835A66922AC6837A4DBEDCE3EFFFCF3E39393937B52232DA743870EED32323274C8C46CF91C065323912D3131F1FEEEDDBBC7079AFC54BAFB235373FCE849F7BB6A8F9B43BBD65081C1D3B753A74E9BE4F246AA02681C325208AFA32587E3F95EBD7A154A603A34D03687F77C6CCA0A3658999FB884F626A9FB3093D6F712131BDF960A6CA6F6EDDBB7E9D7AF5FE5AE5DBBFE22372FA34622577575F5086947011FAF3CB23FE063DAB6103CE9E9E94925252567531340236301AA00E14267E5C7C6C60EEBDBB7EFB7036D53FC558E39F0E53BF53B4FCDFC94EE5E67F66F7ED5B8DD2E2A31087AF6EC99121F1F3F64F5EAD5DFA3362257555555D78E1D3B067CDC5D5B1DF8C9B4A5A04A4D4DD59E880C6A0220384584D1E5A2D2D3D3CB028D31D5EE460D44FDD1891C470FEDA01283A4478F1E1D1D0EC7386A2272B95CAE1816D80F931DADC3D1C7D05309109C222283D3CBD2D2D2FA057A5CB3A56E578D69E87104477272721BD9A15E494D0000084E71C672BBDD1724252525047CBC81C0B4EEF97445064B870E1D4C4D4D0D63E4A2587CDBD4808FC5B5E94805012038054402DD9061F2C350F739F06144B14EBD7F604D28F4A5130B3BF51941050120380500B49C0E5DCE33ED3B9FEBF7FE8E5DBF4D05012038054EA5A16E48159BD0814A029AA0B6BAF2A4FB6ABE2EA76200109C028D0A4E13534C4A8F0BFC3E9698D4C324751D4425018D70FC68B1D9B361A6A928DE7ED263474BF2CC9E7FBD646D030004A7C029A49F77BDDFFBBB9E7D059953A0119C059F4B60FA0F6BF9B5408E95ED36F99F4EB74E78C14443002D8D75D71051FC9D6ED1BA9FAE48A0419A09D513586866B431745D61DDBEBC78BBE97ACE5526B163772A11408B20738A88A1199FFC4F5EF0FB58E1D6C5D68E942C0FE09F66421B1B987AD30CEBEECF5EA40201B41832A7087B9A2D3DF4D56A53B6FF5F01B7D1A054BB202B6547DA6DE075A66D722F2A0EF0A299D0D375AA35860180E014670C67E1467330EF5D537BBCA251DB5795175A9339D2FA8DB4D66A74C42650898018386A2A95002022D0AD8FB0557E70ABD55DDFD8C0D4A659D4433BDF37C512D4020000825320285C355F37EFF9744502001071E8D647D84A3EEB3B56010000670E32A7000000081B644E0100005A41565656CF9A9A9AEB6362622E919B1952D2A5E81965AAA414B9DDEE8DF2D83F63636317646767EF233805000040D08D1F3F5E4F7778576D6DED08093E13FD6CA2F7F595C7FACAE5F5B2DDD39999996BE4F6CCF9F3E7CF233805000040B34980A9C1E674B7DB7DC5693C7DA43C6FA4BCC66409566F5DB468D17F084E5B817C08895BB66CB9F98B2FBEF85961616146414141BB23478EC455555599B8B83877C78E1DAB3B75EAB43F2929E963D9FCB1071E7860075F7D0000106EC68D1B972917D3A474B6EF8B8D8D3583070F36C3870F3703060C3029292946621B73ECD83153565666F2F3F3CDA79F7E6A3EFFFC73535D5D6D3F6D843CEF8BF1E3C7DF19AD59D4B00C4E35287DFDF5D7674C9D3A757C494949DC79E79D67468E1C697AF5EA652418358989894602D498F2F2F284BD7BF7F6CBCDCDED271FDCCFEEB9E79E3D478F1E9D3A63C68C7FD00C0000409804A6D7C4C4C4CCB5E32E0D4AAFBCF24A73F9E5979B2E5DBA9CB47DBB76EDAC72D65967991FFCE00756A0FAF6DB6F9B152B5698DADA5ADDA483C44A7325404D940035EA629EB00B4ED7AF5F7FDBE38F3FFE37A7D3D9263333D30C1D3AD4FA107D6980AA453FD4EF7CE73BE6E73FFF79CCA64D9BFA2C58B0E0EF93274FBEAFB4B4F4DA684E7903008088084C33BD03530D38EFBEFB6E2BE1D6589A51CDCACA32175F7CB199366D9AD9BB77AF75BF04A82F49805A156D19D4B0594A4A2A386ED9B265EFCF9A356BA604A46D9E78E2092BE8F4179806A281AC3C2FF6861B6E18D8B163C7CD77DC71C7ED340B0000D01A748CA904A6D3ECC0F4DC73CF358F3CF2489302536FFA3C7DFE902143BCE3A7E912A00E24380D4160BA76EDDA8F7372722EBDF7DE7BCD35D75CD3A4A0D4D7983163CCC30F3FDCD6E170FCE5F6DB6FBF8BE60100005A9A04A62F19CF1853CD98DE77DF7DD698D2E6D0EE7E9FCCAB76F1BF44701A646FBEF9E6AA254B965CF8873FFCC19C7DF6D94179CD3E7DFA98471F7D5403D427E58862024D040000B4145D2E4A82C6517A5D136E1A50363730F50E50A74C99E29DC81B114DB14EAB07A73AC674C58A15976A25FB1B14DC1CFA7ABFFFFDEF3BC4C7C74F8BB69437000008ADCCCCCC8734C81C3972E4E9CCD1A9EFB9D5C94FA7DB951F88BE9EF634DB24109E1C2DF5DEAA13A27456FE638F3D36FDEAABAF0E5AC6D4976650C78D1BD7E6D5575F7D456E7E9FA6062042768A6ECFEF64594C4CCC7229D9353535EB162D5A54D19AEF4B97B8D1AC8DB78A8A0AD3A143073E3444A3C7A40D9AF4F4F4A3124B2C75381CF31AD30EF5CC4FB5B5B523F5BA3D333F14AEB8E20AF3CE3BEFD8CB4C8DD031AE0B162CC88FF44A6FD5CCE9D2A54B67EA72503A463494AEBAEAAAB6C9C9C9FDE8DE07106924284D918B09B2835C213BB95DB2F379457ECBAEB8E5965B125BFABDB85C2E73DB6DB79983070F5AE5FDF7DF375BB76E353A244B76D8D636D9D9D9F5DBDA727272ACB51A67CF9EADC3B84E28BFFEF5AF4FF81BC78F1FD72159276D3775EA54B376EDDA06DFDF8C1933ACF7D5905FFCE217D67BD1F5B2274E9C58FFBEC78E1D5B7F1DF0A3BDB4C52C4F3BDC27ED704E43ED504F496A3C09409DACADCB608682CEE2D7C9E35EC6464365B75AE654B3A6F263F3535D2E2A3E3E3EE47F6FF2E4C9A94F3DF594A6D8E7D1C64247BB40A401E71616162E5FB3660DBFF440707E2FDD0E87A3462E7462C52D72798B045715D2DE164B7B5BD652ED6DEEDCB9467BBAE6CF9F6FFAF5EBA7274331CB962DB3160F5FB870A1359E4E8B06887BF6EC31FBF6ED3373E6CCD1B17766FFFEFD263535D55C77DD75E6CE3BEF34D3A74FB75E53D76DF4A5DD95BA9DB7AFBFFEFAA489B25BB66C31BB76ED3A2178FEDBDFFE76C2CE7AF3E6CDE6C61B6F34BA5EB64A484830175D749115045F76D965D6FFA07418987D1D3885642913A51D4E94765829ED70A16F3B94DB97D81BEBF72D94F4F53FF9E413FBA6FEDD67084E4F939EF9497EC0E2F488A2259C7FFEF9096DDAB4E9172D29EF30765A5D20E1467772F2DEF934111664471723EDCAFB285ED3921DEC4055DADB21090073E4F66CF99D5B336BD6ACAA60BF87BCBC3CD3A3470F336AD4282B43F9AD6F7DCBBCF5D65B465758D135A77FFBDBDF9AA79F7EBA7EFBAE5DBB9A0B2EB8C07CF0C107E6A69B6E32EBD6ADB302541D02A0194ABD0C64E3C68D56B6D4F7BE4183069D709F6664EFB9E79EFADB9A113D72E488F51E9566473550D6C054CFB0A301B39E714797E2D1257D802068EBD50E9D1263BC2BCD7596DC1E666FD0BF7FFF90BE81BE7DFB7ADFCC88864A6DB5E0544F491A6881FD5019326448911C5D8C8D86A38A0860778164C967AC0DF64DB9FD6AA8769C4DA13BD6EBAFBFDEDA7906A20B1D2F5EBC58836CEBB68EB3FBD39FFEA413ECFC6EAF5998279F7CD264649CF8BBA0599B1FFDE847E6924B2E69D6FBD1AEC8C99327EB41969934699279E59557AC2C8F7645CAC116199F0822815ABAB489443F0168A2B497F446BE8CC32750ED2CCFD55323666A40260786FF292A2A0AEAFBD67901DA85AF41A3B68BAFBEFACA3A807BF7DD77AD4BFD9EEB63EFBDF79E158C8E1831A2FEB97657BB06B81A401E3870C0BAF44733B1FEC6E7E9EBCB41AE95554D4A4AB202CDABAEBACABAB4DBA9BEA76EDDBA59ED51AD5AB5CAFCE4273FB1AE6B3655CBCA952BADE054B779F1C517AD6DF460546F17141458EDF177BFFB9D157007CBA14387ACE0587E071FA1054435CDA88E93B638CEFB4EED7A0F259FD7EF4C70DA0C858585197A4AD296347CF8F014094EA322E51D810DB6C12E90503A9DAE3F5DE0587778DECFD5CBA54B975A3B62DDC1E94E4F4F3D67A32B32BC023ABD5F1F6FECFD725F9B068243BDDF5FB492E879AC29CF3101DEEFE9568FC3CFFF3260C3860DE6A73FFD69D03E030D76A5CD5AE334350BAA13A0F4B48A5EBFE9D6775627666860BA69D326EB7BAEE5CF7FFEB3D5F5AF0757FAFDD520532F955EF70DE4EC80D2D7FAF5EBADC054F5EEDDDB6A0F3ADEF5D24B2FB5EECBCDCDB5B2B37670FAF2CB2FFB8EC73BA1DDE9FF346CD830AB1D9597979B9D3B775A5957EFF1B2C1F0D1471F694246AFFE0FBB83334FB0968F0AC46782626234D459ABEDD5E408B59DCEA46F49FDFBF7D74F3083A6D2AAFC7681684635547FB0295D7F9A19D2D3C26979F8E187ADE05303CEC3870F5BAFA3194EE51B84AA68EB8A743A9DFE323DED4F7164DE5040A6BF373D1B08CE523C937F1AADA1804E5EAB49F73723386C729CA71FB39FFBAB3C8FD94EFBE85DFEC79D728015D4BE440DD83483AFF4FBA8D9516F7A80A5F76980AAB4674C8B76EB3FFEF8E35686D29ED0A4CFB7DB8A6F20A89F8F1E8CA9E5CB979BDDBB779BBBEEAA5B91272D2DEDA4F7A5195D3B4B5B5C5C6CBA77EF6EBEF7BDEF59B775D841CF9EDF7CE53468D50054C7C76A40AB01B3FD5C7D6DEF6C6F3069D657FF0F0950FF975D40C469CC0145B5E7D2EF041A3DF0096580AA3D7B3EBF2304A7A74B76C671A14E759FF4EDA9AEEE223BA01ABA56C2467D17880664AFBDF69A35A64DC7B2054B53BBFE3420D4B37868C645670CDB74528776DB6B1648333DF7DF7FFF097F271ABB22F57DB564A62750D0D8C480CEFBF58AE4BB5515E0FEAFFD04A755FA58535EABA1E7C86751D49C212CF652528D0CD2CBE57DACD4E5A6E440EF5DFDBBB7DD765B50A36D6D177680F7E1871F9AB2B2B2131ED703B8865C78E185D60198F63CE82428FB00CF7B9D467F01F1A99619D449577A10A83400D4033DBB1DE8F0019B4EC0D276D7B66D5B1DF650DFDE5A42E7CE9DAD76FCC0030FB0EF8930D20E03FD06564BBB73698F8B1D947A967DCBD17628D7B587D6DA99695B096570EAD3160F119C36830623C1DC9136867609C99726CED0B51296F4E85203D4071F7C3068AFD9D4AE3FDD716A76473397D3A64DB3CEC0A1D91B3B1BF4FCF3CF5B4BDAF88AC6AE483D48F093E9A968E8C72F5010E7794C679BEF0BF45CF93D2893A0AA8C96D0F884899477A42C94802BA725EB4E67EC6765659D709F1E1C6DDFBEBD7E288ADAB16387D1E1053ABB5FBF4FFAB8CED8B733A71A4C6A50ABBD145E8176FDF52FBFFC5283830683571D4660B71D9D68A5C5BEAD8FDB931B35EBAB19595D29E0544A4A4AFC666971C6AB347563BCB50729DE7340ADBF89EFFAB643F9DE66D9C1A9FE46077B017E6FDA9EBC6C24386D0639BA774B801AD39201EA45175D7468F1E2C5DA75F8386D2C644EBB0B4403383B080CB6A674FD6DDBB6CDDAC1EA0425ED56D72C8F3E4783CC9B6FBED9DA713DF7DC735626D32BF08ABAAEC8E4E4649D6C45A627CC0252F9AE2D9600EE2DF9ED5CDE5A930BB55DF866823448D4F1D476BB78EAA9A74CFBF6EDAD0953F602FDF6923ADE99535F7AB066EDF12B2AAC9E0AFBC0CE3E803D2152A8ACB4261BDA6D4033A59AE1FDFEF7EBCEB7A2EDD066B74F7F7C278F6940ED3D9E1CF068EB7590BE58CADB81DAA1B4D1B5D256AD354775E8564393629BCB6772E15A82D366901F9CEAB2B2B204BB6BB325C4C7C797CA97A58A1D6EE89C6E17887645DE74D34D95E79C734E48DE5763BBFE7487A881A28E39D5AE3FA559CC254B96981B6EB8C19A00A2B3E6BD97CCF197CD8986AE4884076927BA237CCFE170CCF2AC76D1AAD965FD0EEAC19B3DA1C9A693FFF47B6DF31EFAD2D0D26C1ABC0E1E3CB8FE80EC85175EB032ACF3E6CDB37A29B45DE88199B6499DA7E0FD5A9A85F50E22F57E9D806807A2B7DE7A6BFD639A51D5C983760F83F676AC5EBDDAEAB5B8E38E3BACFF4BB7D1FBF56010F06987DAEED6C8776C7663DAA17CD796D6D6D63EAF577572606969694816E2D72E7D3D58F4B298E0B419525252F6C84E79404B06A77254AF83E86A69662DA6D15D20CAB79B30589AD2F5A763E97487661F896AB0FAC61B6F58EB35EA0E59BB1FEFBEFBEE13B2399E1FAEFAEB74452248FE206D265F82B3C5ADBDFC9A373D90D24CA3BFA5A002ADC0A2BD0E3A9BDF3EE18A0E43B12744695BD0A05683535D05400FCEB477402751D9EC03456D9FDA1E03F5B0E850170D5803B53B1D9B6D6771751CA81E70DA13BBF4A0534F32A0016C28B35C3833DA617676F6BEF1E3C7AF917DC3280952ADDE8250ECE3F4E0CE73EA52B52E5AD6716FCDCCE9DADCDCDC01C3870F6FB1BFF9F1C71F6B04B196B6D6621ADD0512D208B9095D7F3A59C99B762BEAD2393A465AB338BA53D56E47EF71758AAE48049BEC64A686E3FBD2EFEA430F3DD4A4E7782F39D590530D51D1F5871BE29BCDF5A66D4933A4DEB7BD571CD02107A13E930FCEB876F8821E8BE9150D4EF5FB1BCCB1A7DA9BA0C3C86C1244BF182DF5DE6AC1A9D3E97C4276C2B7CA1185A38516E2AFCACBCB1B289777D1DC42AFA95D20A1D494AE3F5FBADEA98EA3D37388EB18527D2D9D1DFF9BDFFCC65ABBB1FE1788AE48008097F9F3E72FCDCCCC5C2357476AF6544FE4A263B28331735F978FD249BBFABA1EEB0A0B0B17109C3693ECC0BFBAF7DE7B776DDAB4E95B81662607D3AA55AB96C80EBE0FA72E0DB9B0EC8AF4D650D79F7756451BBF7647EAF2561A8CDA3473A499200D0C753BBA2201000168B6E133FDF9D6C4C6B3CF3E6BEEBBEFBE6605A8F6190B35F9E15121FBDD492D71529BA80F4E95D3E97CF0553174E8D0B810674FCB66CF9E3D483EBCE76827A115AE5D91DE1AEAFAB3D959D140DBDA81A7A22B120010609F982FFB8B29127FCCD5984B9757D3ECA9CE5D389D2E7E0D483563EA15986A77FE9DF3E7CFFF7734D59BA335FFF8CC9933175554546CD7B118A1F4CC33CF68D6F46834A5BC010040F85BB870A1C61E93A458994DCDA0EA7ADED9D9D9279DCC2210DD4E025DEB79DE81A9DBED7E5002D379D15667AD7E526EA7D379DD1B6FBCB1EDDC73CF6D7BAAE5774EC7962D5BDEDCB061C3D57264716934A5BC0100406490C072D6B871E374A8DB743D4DB38E15D5C94C9A9CD3D3FC6A0F58FFFEFD752523ABCB5FBBEE3520D505F675B2AB2E17A51373BDE844E32912F8CE8AC6FA8A0B830F2C7FC28409939E7DF6D9198F3DF6583B1D7F172CFBF7EFFFE7934F3E99215F84DF465BCA1B0000440ECDA0666666AE9798E4255D624AEFD32055034F9FB54A4F659D8E318DE6B8C6110E6F62DEBC79D9151515531E7AE8A18ABCBCBCA0BCA6664CEFBFFFFE5EF2C14F8FC694370000882C9A90939864B45CBD494F42633C5DFD8D0D4AA5DC5A54547469B427DCE2C2E58D646767BF3C6EDCB8638F3EFAE88B63C78E8DBDE69A6BDA9FE624A9B2E79E7B6EE9679F7D76855C7F305A53DE0000206283545DFB7B715656564F97CB35D6ED76FF506E5F2045CF4CA4A70BD43EFC4352F45482BA3EFBE23369B5A1B8707A3376CAFBB5D75E9BB962C58A6F4F9E3C3969D8B0616D1BF9F4AAD5AB572F9D3367CE809A9A9A013AC694AE7C000010AEF44C5272F1274F413806A79EA3093D32F8B104A9639F79E6993B131212860C1C38B078C488111DFAF5EB97D0A953A7745DE0BCB2B2F24059599973DBB66D79EBD6AD8BCDCBCB3BB7B6B6564FCEFC425151D13C263F010000109C063348AD4F796FDAB469ECC68D1BED94B7A6BA35E59D2C454F28ABA7247D4FCA9D2CB00F0000C29CCEF771F9DC77A1A95BACBF211A07698F7009C1692B23E50D0000A2C84C5377E6286FFF23E53A3F41AB373D63CB275EB7BF2B6503C1290000004ED7F7A53C22A58F94B3A474F3DCEFF004A723A5FC454A8194AB7C82551DBA788DD76D3D07AA26F00E445B2539F89E000000B4081D96B85BCA14297BA42CF5949D9ECBBB3DD77508E3EB9E38EDB8A7547B5D3F4FCAF2680C4C5524674EF5A4B47B7D02ED8152B6F1DD0700006146B3A63F933242CA0C29C5522E3175D951CD8AFEC8D475DDFFD1139CAA5453370C40F595F28EE7FA39520E476B458553707AB9E728A2AFE7A8C1D6DFF321ECF41C25D81E92F2B494FF786EEB40E11BA5DC6B1A1EB3010000D0D2FE4FCA262943A47CE9B9EF0B4FCC32C1EBB6F76A43C9015EEB583457543805A7AB3C97BFF214DBAF7D6EDB749C85CE58EB2165BF94F1A62E1DAEE3370A69030000208C680FEF83A6AE8757BBF77571FD3BCC893DBE9A90FBABD7EDAEA66EECE94DA62EBB5AE3897F0E7962B8A85C36332E42DF7382E703D10F4B975F5866EAD2DEC73D81E97F49F93BED0000008409CD90CE357559538D63924C5D6FF1335EDBFCD5E739BF3375C3017496BE2E35B5C3D4F518EF8FF6283E52F4F05CDE2CE549CF9183BEFFF7A5DC2065A2E7084403D6A3A62E8B0A0000102EE23CB18A8E2D3DD288ED356BAA19533BE1A6D9564DCA5D1FED95140E7472D3773DD7FBFB54BA7D7BA49425E69BF5C1F4E843D3E3FF90B255CA669FD7FC2E6D00000084099D3F73AD94E74D5D4FAFF1049EFE024D1DA2A8736972CD37E353ED84A2CEEAD78954F3A53CE127FE21380D92BDE69B99F73D3D156F1B65BE596AC1E67D7604EDDEBFC113C4DA6E91329976000000C28406997FF4B96F8E4F7CE3F2BA7CDD67DB7CAFEB6B3D252A85E398D3EE8DD8A65CCA7F4B59EFB9BDCF4F407B8076000000C2986F00FAA6E7B2D8CFB6CBCF944A09B731A71A542E6AC4761F486963EAD60B4BE0BB0D0000101DC22973DAC5D49DCE2BA711DBFED2D42D60ABA7EE1AEA29DE63367A7B5EAF988F18C099C8E170B85D2E578C5C5219AD4C3E073D23500F6A0288ACE0541BAD8E359DE9E7B1CF7C6E9F2F65A1A91B77AAC1A72ECEAFE34DBDBBF597F2D10238932526261E2C2F2FEF969C9C4C65B4B2C3870FE71A922540E30FAEC3E47DE87A5D9F04786CB6CFEDCDE6C40951C613AC02003CE2E3E3D7399D4E2A220C141515E992416BA80920B28253401D77B938F36C38F07C0E7C1811ACAAAAEAA9C2C2C26AB7DB4D65B4AEFCD2D2521D7AB684AA00084E1161626262FE75E4C891E3D444EBABA8A83071717179D444E4BAF8E28B3F95C0747341410195D18A72737357CBE750307AF4E8F5D40640708A08233FE0EF979494ECA2265A9FD3E9FCDAE572ADA026225B5555D584FCFCFC6372D04765B482B2B2B265A5A5A5D74A5BBA87DA00084E1199C1E992A2A2A214B9ACA1365AD7FEFDFBCB6587CA58EE083766CC987FCBE7F893AD5BB73A09505B3E30DDB265CB9098989849F239E4522340E3C55205081773E7CE2D9A3061C28F2538AD4C4D4D4DA7465AC7BE7DFBCA4A4A4A368D1E3DFA716A23F2CD993367A7B4AB7F1D3870E07A09948E262525B5954B2A2674F273737317E5E7E75F26F5FCCB51A3462DA74A0082534430D9896E282F2F9F92929272243131B12335D2B28E1E3D5ABB7DFBF6AADADADA71F3E6CD3B488D444F809A9595B5D4E9740E2D282848AAAAAAFAD2E170C4B469D3A603816AF3E93AA6A5A5A5FFDCB56BD7861D3B76A4555656C6C97D59975F7EF93A6A07683A7E95107672727246C90EF3A5214386C4252727F7A4465A464545C5B1CD9B371F91C07412D99EE8B56AD5AA0C695F37CAD591522E909248AD349B0E45DA68EA968B5AC2E42780E014511AA0BADDEE05E9E9E91BCE3EFB6CED1E8BA35642273F3F7FE39E3D7B7A483DDF46600A00203805FC58B972E54087C3F1BC94C1A9A9A95BBA75EB96929696364802284E79D34C2E97ABC6E974E61517171F94D2ABB6B676A7CE2866E2060080E0143805BA2143826E4800000000000000000000000000000000000000000000000000000000000000000000000000000000000000000000000000000000000000000000000000000000000000000000000000000000000000000000000000000000000000000000000000000000000000000000000000000000000000000000000000000000000000000000000000000000000000000000000000000000000000000000000000000000000000000000000000000000000000000000000000000000000000000000000000000084AFFF0730A30A4372BE82FA0000000049454E44AE426082',NULL);
INSERT INTO `act_ge_bytearray` VALUES ('82',1,'test02.bpmn20.xml','81',X'3C3F786D6C2076657273696F6E3D22312E302220656E636F64696E673D225554462D38223F3E0A3C646566696E6974696F6E7320786D6C6E733D22687474703A2F2F7777772E6F6D672E6F72672F737065632F42504D4E2F32303130303532342F4D4F44454C2220786D6C6E733A7873693D22687474703A2F2F7777772E77332E6F72672F323030312F584D4C536368656D612D696E7374616E63652220786D6C6E733A7873643D22687474703A2F2F7777772E77332E6F72672F323030312F584D4C536368656D612220786D6C6E733A61637469766974693D22687474703A2F2F61637469766974692E6F72672F62706D6E2220786D6C6E733A62706D6E64693D22687474703A2F2F7777772E6F6D672E6F72672F737065632F42504D4E2F32303130303532342F44492220786D6C6E733A6F6D6764633D22687474703A2F2F7777772E6F6D672E6F72672F737065632F44442F32303130303532342F44432220786D6C6E733A6F6D6764693D22687474703A2F2F7777772E6F6D672E6F72672F737065632F44442F32303130303532342F44492220747970654C616E67756167653D22687474703A2F2F7777772E77332E6F72672F323030312F584D4C536368656D61222065787072657373696F6E4C616E67756167653D22687474703A2F2F7777772E77332E6F72672F313939392F585061746822207461726765744E616D6573706163653D22687474703A2F2F7777772E61637469766974692E6F72672F70726F63657373646566223E0A20203C70726F636573732069643D2274657374303122206E616D653D227465737430322220697345786563757461626C653D2274727565223E0A202020203C73746172744576656E742069643D227369642D41424333444131362D383441422D343734352D394542372D41383935363935373037383422206E616D653D22E5BC80E5A78B223E3C2F73746172744576656E743E0A202020203C757365725461736B2069643D227369642D31374535354141432D423938412D343136452D393739352D34353336453344333131453122206E616D653D22E5AEA1E6A0B8E59198E5AEA1E689B9223E3C2F757365725461736B3E0A202020203C757365725461736B2069643D227369642D35344435353945392D304330462D343441422D383233372D31353633454238443444363022206E616D653D22E7AEA1E79086E59198E5AEA1E689B9223E3C2F757365725461736B3E0A202020203C656E644576656E742069643D227369642D43443632343745392D323831442D344235432D384334382D41373045434331363337383222206E616D653D22E7BB93E69D9F223E3C2F656E644576656E743E0A202020203C73657175656E6365466C6F772069643D227369642D43453830343831372D373730322D343438382D393042462D4445414632344341324132422220736F757263655265663D227369642D41424333444131362D383441422D343734352D394542372D41383935363935373037383422207461726765745265663D227369642D31374535354141432D423938412D343136452D393739352D343533364533443331314531223E3C2F73657175656E6365466C6F773E0A202020203C73657175656E6365466C6F772069643D227369642D32304345324234352D413336452D343239392D423437442D3333413644464635344438302220736F757263655265663D227369642D31374535354141432D423938412D343136452D393739352D34353336453344333131453122207461726765745265663D227369642D35344435353945392D304330462D343441422D383233372D313536334542384434443630223E3C2F73657175656E6365466C6F773E0A202020203C73657175656E6365466C6F772069643D227369642D42383735384138352D433337432D344136392D423639362D3936384141303435354534412220736F757263655265663D227369642D35344435353945392D304330462D343441422D383233372D31353633454238443444363022207461726765745265663D227369642D43443632343745392D323831442D344235432D384334382D413730454343313633373832223E3C2F73657175656E6365466C6F773E0A20203C2F70726F636573733E0A20203C62706D6E64693A42504D4E4469616772616D2069643D2242504D4E4469616772616D5F746573743031223E0A202020203C62706D6E64693A42504D4E506C616E652062706D6E456C656D656E743D22746573743031222069643D2242504D4E506C616E655F746573743031223E0A2020202020203C62706D6E64693A42504D4E53686170652062706D6E456C656D656E743D227369642D41424333444131362D383441422D343734352D394542372D413839353639353730373834222069643D2242504D4E53686170655F7369642D41424333444131362D383441422D343734352D394542372D413839353639353730373834223E0A20202020202020203C6F6D6764633A426F756E6473206865696768743D2233302E30222077696474683D2232392E3939393939393939393939393939362220783D2233302E3030303030303030303030303030342220793D2237312E3939393939373335303930343634223E3C2F6F6D6764633A426F756E64733E0A2020202020203C2F62706D6E64693A42504D4E53686170653E0A2020202020203C62706D6E64693A42504D4E53686170652062706D6E456C656D656E743D227369642D31374535354141432D423938412D343136452D393739352D343533364533443331314531222069643D2242504D4E53686170655F7369642D31374535354141432D423938412D343136452D393739352D343533364533443331314531223E0A20202020202020203C6F6D6764633A426F756E6473206865696768743D2238302E30222077696474683D223130302E30303030303030303030303030332220783D223136332E36313131303130303737353536352220793D2234362E3939393939373335303930343632223E3C2F6F6D6764633A426F756E64733E0A2020202020203C2F62706D6E64693A42504D4E53686170653E0A2020202020203C62706D6E64693A42504D4E53686170652062706D6E456C656D656E743D227369642D35344435353945392D304330462D343441422D383233372D313536334542384434443630222069643D2242504D4E53686170655F7369642D35344435353945392D304330462D343441422D383233372D313536334542384434443630223E0A20202020202020203C6F6D6764633A426F756E6473206865696768743D2238302E30222077696474683D223130302E302220783D223337352E30303030303030303030303030362220793D2234332E3939393939373335303930343633223E3C2F6F6D6764633A426F756E64733E0A2020202020203C2F62706D6E64693A42504D4E53686170653E0A2020202020203C62706D6E64693A42504D4E53686170652062706D6E456C656D656E743D227369642D43443632343745392D323831442D344235432D384334382D413730454343313633373832222069643D2242504D4E53686170655F7369642D43443632343745392D323831442D344235432D384334382D413730454343313633373832223E0A20202020202020203C6F6D6764633A426F756E6473206865696768743D2232382E30222077696474683D2232382E302220783D223630302E363131313031303037373535392220793D2236392E3939393939373335303930343635223E3C2F6F6D6764633A426F756E64733E0A2020202020203C2F62706D6E64693A42504D4E53686170653E0A2020202020203C62706D6E64693A42504D4E456467652062706D6E456C656D656E743D227369642D32304345324234352D413336452D343239392D423437442D333341364446463534443830222069643D2242504D4E456467655F7369642D32304345324234352D413336452D343239392D423437442D333341364446463534443830223E0A20202020202020203C6F6D6764693A776179706F696E7420783D223236332E363131313031303037373535372220793D2238362E3239303430343734333535383138223E3C2F6F6D6764693A776179706F696E743E0A20202020202020203C6F6D6764693A776179706F696E7420783D223337352E30303030303030303030303030362220793D2238342E3730393538393935383235313036223E3C2F6F6D6764693A776179706F696E743E0A2020202020203C2F62706D6E64693A42504D4E456467653E0A2020202020203C62706D6E64693A42504D4E456467652062706D6E456C656D656E743D227369642D43453830343831372D373730322D343438382D393042462D444541463234434132413242222069643D2242504D4E456467655F7369642D43453830343831372D373730322D343438382D393042462D444541463234434132413242223E0A20202020202020203C6F6D6764693A776179706F696E7420783D2236302E302220793D2238362E3939393939373335303930343634223E3C2F6F6D6764693A776179706F696E743E0A20202020202020203C6F6D6764693A776179706F696E7420783D223136332E36313131303130303737353536352220793D2238362E3939393939373335303930343634223E3C2F6F6D6764693A776179706F696E743E0A2020202020203C2F62706D6E64693A42504D4E456467653E0A2020202020203C62706D6E64693A42504D4E456467652062706D6E456C656D656E743D227369642D42383735384138352D433337432D344136392D423639362D393638414130343535453441222069643D2242504D4E456467655F7369642D42383735384138352D433337432D344136392D423639362D393638414130343535453441223E0A20202020202020203C6F6D6764693A776179706F696E7420783D223437352E30303030303030303030303030362220793D2238332E3939393939373335303930343634223E3C2F6F6D6764693A776179706F696E743E0A20202020202020203C6F6D6764693A776179706F696E7420783D223630302E363131313031303037373535392220793D2238332E3939393939373335303930343635223E3C2F6F6D6764693A776179706F696E743E0A2020202020203C2F62706D6E64693A42504D4E456467653E0A202020203C2F62706D6E64693A42504D4E506C616E653E0A20203C2F62706D6E64693A42504D4E4469616772616D3E0A3C2F646566696E6974696F6E733E',0),('83',1,'test02.test01.png','81',X'89504E470D0A1A0A0000000D494844520000027E0000008808060000007984E64D000011C74944415478DAEDDD0B8C54F57A00705335D534A9B58931C65AAF7D786DDA9AC6D6B4C66A8C6D63AC3757AD22B22CBA5D2DAB56105152BD6AA122155FC547DB5B8DF555AE8F5282D4CB45DE2F1FC407C5BD285EA820C20A2E355C441710F5F4FF4DE66C8661775D60667676F7F74BBECCEBEC8361BEFDBEF9FE67CE39E4100000000000000000000000000000000000000000000000000000000000000000000000000000000000000000000000000000000000000000000000000000000000000000000000000000000000000000000000000000000000000000000000000000000000000000000000A0D2B22C3B6CDDBA75D3962F5FFEF582050BB279F3E6891AC7FCF9F3B3A54B97FE5F8A46AF4800A06AA2E95BB66C59D6DEDE9EEDDEBD5BF4516CDDBA355BB264C9F6D4045EEA55090054454CFA347D75D3FCED9E376FDE6AAF4A801296A62C4D513991439AAEFA89945F7BBC2A014A589AB23445E54423EFF55C578D5FE6550950C2D294A5296ADFF87DFEF3CDD9BA379FCCDE9D7F6721E27ADC270F347E00556569CAD214B56DFC766C6BCB56CDB9237B67D6B8BD22EE8BC7E481C60FA0CF271442A1A232F9B4F1DDFFDEA7E9CB63D3BB2FC903F904D0F78D9FA529858ACAE4D3EA45F774DBF8C563F2403E01F469A1B234A55051B97C5A356F42B78D5F3C260FE413409F162A4B530A151A3FF90430480A95A529858ACAE553EC2AD15D3EC563F2403E01985028540C907C5AFBEA3F779B4FF1983C904F001A3F858A01924F9FB6B566ABE68EDF3797D27DF1983C904F007D5AA82C4D2954542E9F22D6BFF5CC3EB914F7C901F904D0E785CAD2944245051BBF5DBBB2B5AFFD70DF5C4AF7C563F2403E01F469A1B234A55051997C8AC31FAD79F5916EDF48C5630E91249F00FA764261694AA1E2E0F269D7AE6CF3DA85D94F5FFE41B74D5F1EB14D6C6BFA279F00FAA6F1B334A55071C0F9F46D533ED33FF90450378D9FA529858A83CBA7DE4CF97A9AFEC90BF90450FDC6CFD294424545F2E9409BBE3CE4857C02A86AA1B234A550519D09BA904F007557A82C4D295468FCE413C020295496A6142A347EF20940A1120A15F2493E01285442A1423EC92700854A2854F249C827EAC4F0E1C37F6DE8D0A1D75F7EF9E5D352AC4DB123459662678AF5E9B119E9F2E6D8CEB3854225142AE4937CA21F1A366CD84529E6151BBCAC97B1287D4DA3670F854A2854C827F9443F909AB7EFA498BD1FCD5E57B16CC89021BF35209FA02CCB8E686D6D6D79FAE9A7974C9E3C79FBE8D1A3F734353515FEE18D8D8DDF5C7BEDB5BB6FBBEDB675F7DC73CFD414DFF59252A88442857C924FD4A3A14387A6F6E5F2ADA54DDCF0E1C3B3BBEFBE3B5BB87061F6D1471F659F7DF65916BEF8E28BACADAD2D7BF5D557B32953A66423468C286FFE760CA8E95F347CD3A74F7F66E2C4897BC68C19933DFAE8A3D9F2E5CB0B4FC2CE9D3B0B4F4A5CB6B7B7676FBFFD76961AC3EC861B6EF8E6C61B6FFC70E4C891577B79295442A1924FF2493E51474DDFF752B3B6A7B4E19B3A756AA18FE98D6DDBB615B68FAF2B6D0053F3D7FF7B9ED4E035DF75D75DBBC68D1B5768EABEFAEAABACB756AE5C99DD72CB2D5FB5B4B4AC1EB06350854A2854C827F9447F9BF475367D63C78E2D4CF70E447C5DF44765CD5FFF9CFCA57FCF613367CE5C78CD35D7642FBDF4D27E357CE55E7EF9E5ACB9B9B9C3F44FA1120A957C12F289BE52DCA7AF737977FCF8F19DCBB9072A9681274D9A54BEEC7B4ABF6BFA162F5EFCC6A851A3B2356BD66495F0E1871F66A989ECB8FAEAABFFD64B4FA1120A957C12F2895A2B7E72B773D277B04D5F69F35736F95BD6AF9E9898F445D3D7DBB5EEDE8AEF3772E4C81D3EFEAC5009854A3E09F9448D9BBE8B4AF7E93BD0E5DD9E967D4BF7F9EB37BD4EECD317CBBB959AF47535F9BBE28A2BB6F5BB31A84225142AE4937C62404CFBE28319D5F0DC73CFF5AFA95F7C7AF7CE3BEFDC1DFBF455D3AC59B33A5257FCBA97A14225142AF924E4139568EA52FC69778FC79936F20F74C454EED34F3FAD4A7F139FF62D3BD4CB77EAFA899B3163C68F628DFACB2FBFCCAAEDBAEBAEDB62C957A1120A557F17A776EACD0A867C924F54350FF3E5D57943870EFD93F2C78BA7612B6C73EFBDF756B5BF89E3FC95347E37D7F5B42F8ED317876CA98577DE7967B7A99FC64F285403A8E03C978ACBEFC927F944DFE56149CC2E9D0016CFBD5B786CF1E2C555ED6FE220CF25BFC74B75FBA4C51939E2031D0773D896FDD5DCDCBCA5EEC7A083742CAE5029541C70C199D6D0D0F007F2493ED1A779D839018C5A97AEAFCDEFABF4873ACAC5C92D4A7E878D75FBA4C569D81E7FFCF1AC96A64C99B2B2AEC7A083782CAE50295454A6E0C827F944DFE561497C955FAFD4215C7A3AB44BC9CFDD59B74F5A9C7B374EC3564BAFBDF6DA87753D061DC46371854AA1A262056776BCB9AA663EC59BF659B366ED755FFAD5B219336654F4F53773E6CC382A4321E27AFC8C458B16F5F875B1CDFDF7DFFFADDBDC7CF3CD85EB2FBCF042E114A0F9FDF1E9CB6A3C67BDF87F1303346AA1F4E7D5ED1FAFD1A347EFD9BC79734D1BBF2D5BB6B4D7F51874904F29347EF5D9F84D9830E117CE39E79CC3CE3FFFFC5F1C3264C89123468CF8A5E1C387FF725353D3AFA4DBBF9AE298F47F786C6363E371E9FAF1297E3D76A9686868F88D14BF9D6E7F373522BF13FBA3A5ED4E8D65C9147F986E9F9EB6FBE374DF19F11AB8ECB2CBCE4EB7CF49F167E9F65FA46DCE4BF197C5735C7E3F8E8995E292747B48BA1DE7406A880F6CA5DB57A4F8EB74FBAA147F93E29A74FF75C59DAB47A7B831DDBE29DD1E97E29674FB07296E4F313EDDFF0FE972628A7F4C3139DDBE376D737F8A29E9F643291E49F1AFE9F6BFA5CBC752FC7B8A27D3764FA7989AAE3F9BE2F974FD3FD3E5F4B4DD8C743933C58F53FC24DD7EB9784887052916A5EB4BD2E52B295E4BB13CC59B29DE4EDBFD4F8AD6747D558AF752FCACB854F4418AF5293E4AB129C5C7BD2834DF4454339FA2413AF9E4930BCDD8F1C71F9FBDF1C61B85FB2EB9E492CE062DA610E96F6E76EEB9E716EE8B86EA8C33CE28FC8E79431797CF3CF34C76E4914776F933A64D9BF6ADCDE592254BF6FA7EC71D775C76D6596715AE474C9F3E3D3BE9A493F6F93ED1BCE6D7E377C8AF4723E88D1407F106ECCDE2DFAC1D267E6552D128BCCBAAA5F87975FDA40CF22985C6AFFE1ABFE2FFCDD7C5C312EC4AD191E2F314DBD31FB76DE9F2D314F1866A4BB12989E66443B15989A6654D6A76DE2F36333F4DF14E3439D1ECA478A3D8FC4413B4ACD8142D4A313FC5DC689A52CC8A297D3453D154A5F8AF6293F57C8A1FA5F88F6213F644BAFE78B139FB61DAEE5F8A4D5B346FFF14CD5C347529EE4EB727159BBD09E9FEBF8F2630DD7F6BBAFCBB680EA3494C31269AC6681E535C9B6EB7149BCAE6144DC5667378BA7F5834A1D18CA6F8ABE2015BBF9FE28274FBFC685E5343FBE7E9FE73A3A98DE636C599D1EC46D39BE28FD276A745339C9AE9DF4FF7FF6EB1493E39CE371ECD73F1944F2744531DCD750F39F476FADE17A526FD8868D6AB954FD124AD5AB52A7BE28927B2B56BD716267079B354DA44E5114529EECF2784713DBE362EA3598B86F084134EE8B2F13BF3CC33F799F8C58EECE5DB95366B717BE2C4899DB70F3FFCF0ECD65B6F2D5C5FBF7E7DE7F739FBECB30BBF6B5C7FFFFDF73BBFB6B5B5B570F9D0430F69FCD89F9A5668F8E24D72F171FBF875F5A4F50563E7FA8D5A357EBD5D0A6A6E6EEEBCBD7DFBF6C27D3DFD8E036D694AA1EA370567759C043E2F38D5DE75222668F1DA8EA95A3470D1541D73CC3185FB4E39E594ECD9679F2DBC2E376DDAB4D7EB371ECFAF47E31897B1EDC71F7F5CB8BE71E3C6CEED172C58D09983A5F9143F277E46E9EFB363C78EC2F6F9842FFFBAB87EF1C51717BEB6AB7C2A9DF81D7BECB1D9DCB9730BD7633A185344F9442FF3F0F578C3579E7F3ED5DB852BAFBCF29B5A4FFC3A3A3AB698F8D5E7583C92A65A85EA409782622A1D0D5FBE6DDC176799C9AFE753024B53F4512EAD8DA5EEF43A3DA2ABEDAA914FB1749B376E4F3DF5D43E6F744E3CF1C4ECBDF7DE2B6C13D3C0C89F3C5FE2F5FBC8238F74E6494F13BFFCB1B8FEC1071F14BEE7B7E5597E5F6993397BF6ECECA8A38EEAB2F18B89DF5B6FBD55B8FEFAEBAF77DE1FBFA37CA21779B8D784AF9CE3F87561D4A851BB6BBD8F5F7A67F933FBF8D5E758BC9A138AFD590ADABA756BA1681C7AE8A1D9A9A79E9A4D9E3CB9305D5BB16245E1EBE2B2A79F63698A1AE4D2EA586EEEAEE0543B9FA299CB5F7BA79F7E7AE76B3DDEB0C47DD1A8954FE4E2FE98A8E55F974FF962E2178F4793D8D51BAF7C69B9B479EBAEF18BDC2B9FF8C59BAA0B2FBCB073BBC895989CC7368F3DF658974DA337525482337774E18E3BEE585BEB4FF5CE9933E7273ED55B9F63F16A16AAFD5D0A8A462FB6292D18717BE5CA9585FD94CA97A52C4D514BDFD6F0553B9FBA6BC0226FE2431EDD6D9B4FE1E2759BBFEE63DA77DE79E7EDF39A2F9DF8C5F5B163C756A4F18B896534A687942D3D97367EF91BA9D2A56AF9C48170AEDE32F7DD77DFE3B53E8EDFF8F1E367398E5F7D8EC5AB5DA8F66729286FFC22E23CD271190524DF7769D9B2655D7E7F4B53D4935A347EF9C42F7FA313D3EA788354BEEDD1471F9D9D76DA69853728A513C3C8A9EEBE774C10634A92E761BC89DAB0614397CD65E44D574D664CC64B73B1BB3752D1ECE5B91553F6C8CD7C3F5AF9C441347E17E54D594CFD2AFD218FF87EF17D4B8E9251DFA7A5BDFDF6DB7FF3FAEBAFFFBA8667EED8D9D0D0F08133770CCE42D5DB8940FEE189D8268A49ECB314852CFF6462BEE41BFBFA599A42E3777A8FBB36E4D3B538F44B2CEFC6A15DF2C3BBE46F96F2EBD1E8957EFF68F2E2FE071F7CB0703BA6EC8D8D8D5DEE3ED1DD74B1ABE97FBEF41CFB28E6DB47E46FF8C68F1F5FB8CC77B7904F1CE4D06351DE98C5E4BA528776899A346EDCB8BDA67DBD5D0DE853E949F8DF5A9DAB77CE9C3953EB7E0CAA50D545E317F7C5CEE6B11C9BEFF7774871DFA57C7935766EB734C5606FFC6212577E5F7953168D56E934BDA7EF198F47DEC5EB3BDE74E5D3C1F29F3166CC98036AFCF24F25974FCDF3EB0E884E151ABF381CD3D6BC418B371607DBFC45D33769D2A4D2A66FC7B061C34EE9174FC855575D35E4A69B6EDA5383A9DFB686868615753F0655A8AAF647B7B74B41B1CC1349151FEE88662C9AAA2840F158BEECDBD5073C0EB134C5206BFC847CA277E2704BF9073DF2C9DF812EFBC6D7954DFAB27ED7DBB4B4B4B44691ACA6D89FB0DF8C4115AA9A1CC7AFA78940BE4D7AB350B89E3773F9D24F5CBFE0820BF6F91A4B5368FC847CA29BC95F5369F317FBE6C5073EE253B9BDFDF46E7C90A3749FBE88381B51BF1C8336373777AC59B3A62A4D5F6B6B6B9C3E6973BF19832A5475D3F8C5EF133BA3C769A6BA7A3C3EE461690A8D9F904FF476F2573CE35156DA00C671FEE220CF31CDCB978163E529CEC8114383871F7EB8B00F79D921D1E294704DFDF6C9686C6C1CDED2D2F2457B7B7B459BBE4D9B36BDD2D0D0B0C112AF4225142AF924E413F530EC2A3DCCCB01C6B20131CC4A5D6FF3C8912377546AF21793BE68FAFAE51854A1120A15F2493E31901BC04B8B0DE09EFD69F87A73F0F67E37066D6C6CDCFEE28B2F7E7E101FF8D8F6C0030F3C19CBBBFD7A0CAA5009850AF9249F18D0E20C1FA9011C533CB7EFFA38AD6CB1C98BCB8D71D28938FEF0803E145DFCE31A1A1A16B4B4B46C59B16245C7FE1CA76FEEDCB9CFA5C6F1CD01330655A88442857C924F3058C6A0D100363535B54F9E3CF9DD575E7965435B5BDBE6D8993E7474746C8973EFCE9F3FFFC713264C989DBAE67503720CAA5009850AF9249FC01874108D41152AA150219FE413804225142AE4937C0250A88442259F847C0250A88442259F847C0250A88442259F847C0250A8142AE493904F000A9542857C12F20940A152A8904F423E0128540A15F2493E01285442A1423EC92700854A2854C827F904A05009850AF9249F00142AA150C927219F00142AA150C927219F00142A850AF924E4138042A550219F847C0250A8142AE493904F000A9542857C924F0028540A1515B560C102AFE3FA899D299FF678550268FC347E54C5D2A54B37B7B7B77B2DD741B4B5B53D9FF269B5572580C64FE347552C5CB8F0C2C58B17FFFC934F3EE9F07AEEBB495F347DF3E7CFDF90E252AF4A801296A62C4D5159A9D9F85EFA7F7C33FE2FA39117358F78DE576BFA00BA6069CAD214003048589AB23405000C2296A62C4D010000000000000000000000000000000000000000000040CDFC3FA6E3E28EEBBB5A7B0000000049454E44AE426082',1),('86',1,'stacktrace',NULL,X'6F72672E61637469766974692E656E67696E652E4163746976697469457863657074696F6E3A2043616E6E6F74207365742073757370656E73696F6E20737461746520276163746976652720666F722050726F63657373446566696E6974696F6E456E746974795B7465737430313A333A38345D273A20616C726561647920696E2073746174652027616374697665272E0D0A096174206F72672E61637469766974692E656E67696E652E696D706C2E70657273697374656E63652E656E746974792E53757370656E73696F6E53746174652453757370656E73696F6E53746174655574696C2E73657453757370656E73696F6E53746174652853757370656E73696F6E53746174652E6A6176613A3832290D0A096174206F72672E61637469766974692E656E67696E652E696D706C2E636D642E416273747261637453657450726F63657373446566696E6974696F6E5374617465436D642E6368616E676550726F63657373446566696E6974696F6E537461746528416273747261637453657450726F63657373446566696E6974696F6E5374617465436D642E6A6176613A313439290D0A096174206F72672E61637469766974692E656E67696E652E696D706C2E636D642E416273747261637453657450726F63657373446566696E6974696F6E5374617465436D642E6578656375746528416273747261637453657450726F63657373446566696E6974696F6E5374617465436D642E6A6176613A3735290D0A096174206F72672E61637469766974692E656E67696E652E696D706C2E6A6F626578656375746F722E54696D6572416374697661746550726F63657373446566696E6974696F6E48616E646C65722E657865637574652854696D6572416374697661746550726F63657373446566696E6974696F6E48616E646C65722E6A6176613A3339290D0A096174206F72672E61637469766974692E656E67696E652E696D706C2E70657273697374656E63652E656E746974792E4A6F62456E746974792E65786563757465284A6F62456E746974792E6A6176613A3835290D0A096174206F72672E61637469766974692E656E67696E652E696D706C2E70657273697374656E63652E656E746974792E54696D6572456E746974792E657865637574652854696D6572456E746974792E6A6176613A3936290D0A096174206F72672E61637469766974692E656E67696E652E696D706C2E636D642E457865637574654A6F6273436D642E6578656375746528457865637574654A6F6273436D642E6A6176613A3838290D0A096174206F72672E61637469766974692E656E67696E652E696D706C2E696E746572636570746F722E436F6D6D616E64496E766F6B65722E6578656375746528436F6D6D616E64496E766F6B65722E6A6176613A3234290D0A096174206F72672E61637469766974692E656E67696E652E696D706C2E696E746572636570746F722E436F6D6D616E64436F6E74657874496E746572636570746F722E6578656375746528436F6D6D616E64436F6E74657874496E746572636570746F722E6A6176613A3537290D0A096174206F72672E61637469766974692E737072696E672E537072696E675472616E73616374696F6E496E746572636570746F7224312E646F496E5472616E73616374696F6E28537072696E675472616E73616374696F6E496E746572636570746F722E6A6176613A3437290D0A096174206F72672E737072696E676672616D65776F726B2E7472616E73616374696F6E2E737570706F72742E5472616E73616374696F6E54656D706C6174652E65786563757465285472616E73616374696F6E54656D706C6174652E6A6176613A313430290D0A096174206F72672E61637469766974692E737072696E672E537072696E675472616E73616374696F6E496E746572636570746F722E6578656375746528537072696E675472616E73616374696F6E496E746572636570746F722E6A6176613A3435290D0A096174206F72672E61637469766974692E656E67696E652E696D706C2E696E746572636570746F722E4C6F67496E746572636570746F722E65786563757465284C6F67496E746572636570746F722E6A6176613A3331290D0A096174206F72672E61637469766974692E656E67696E652E696D706C2E6366672E436F6D6D616E644578656375746F72496D706C2E6578656375746528436F6D6D616E644578656375746F72496D706C2E6A6176613A3430290D0A096174206F72672E61637469766974692E656E67696E652E696D706C2E6366672E436F6D6D616E644578656375746F72496D706C2E6578656375746528436F6D6D616E644578656375746F72496D706C2E6A6176613A3335290D0A096174206F72672E61637469766974692E656E67696E652E696D706C2E6A6F626578656375746F722E457865637574654A6F627352756E6E61626C652E68616E646C654D756C7469706C654A6F627328457865637574654A6F627352756E6E61626C652E6A6176613A3934290D0A096174206F72672E61637469766974692E656E67696E652E696D706C2E6A6F626578656375746F722E457865637574654A6F627352756E6E61626C652E72756E28457865637574654A6F627352756E6E61626C652E6A6176613A3439290D0A096174206A6176612E7574696C2E636F6E63757272656E742E546872656164506F6F6C4578656375746F722E72756E576F726B657228546872656164506F6F6C4578656375746F722E6A6176613A31313432290D0A096174206A6176612E7574696C2E636F6E63757272656E742E546872656164506F6F6C4578656375746F7224576F726B65722E72756E28546872656164506F6F6C4578656375746F722E6A6176613A363137290D0A096174206A6176612E6C616E672E5468726561642E72756E285468726561642E6A6176613A373438290D0A',NULL);

#
# Structure for table "act_re_model"
#

DROP TABLE IF EXISTS `act_re_model`;
CREATE TABLE `act_re_model` (
  `ID_` varchar(64) COLLATE utf8_bin NOT NULL,
  `REV_` int(11) DEFAULT NULL,
  `NAME_` varchar(255) COLLATE utf8_bin DEFAULT NULL,
  `KEY_` varchar(255) COLLATE utf8_bin DEFAULT NULL,
  `CATEGORY_` varchar(255) COLLATE utf8_bin DEFAULT NULL,
  `CREATE_TIME_` timestamp(3) NULL DEFAULT NULL,
  `LAST_UPDATE_TIME_` timestamp(3) NULL DEFAULT NULL,
  `VERSION_` int(11) DEFAULT NULL,
  `META_INFO_` varchar(4000) COLLATE utf8_bin DEFAULT NULL,
  `DEPLOYMENT_ID_` varchar(64) COLLATE utf8_bin DEFAULT NULL,
  `EDITOR_SOURCE_VALUE_ID_` varchar(64) COLLATE utf8_bin DEFAULT NULL,
  `EDITOR_SOURCE_EXTRA_VALUE_ID_` varchar(64) COLLATE utf8_bin DEFAULT NULL,
  `TENANT_ID_` varchar(255) COLLATE utf8_bin DEFAULT '',
  PRIMARY KEY (`ID_`),
  KEY `ACT_FK_MODEL_SOURCE` (`EDITOR_SOURCE_VALUE_ID_`),
  KEY `ACT_FK_MODEL_SOURCE_EXTRA` (`EDITOR_SOURCE_EXTRA_VALUE_ID_`),
  KEY `ACT_FK_MODEL_DEPLOYMENT` (`DEPLOYMENT_ID_`),
  CONSTRAINT `ACT_FK_MODEL_DEPLOYMENT` FOREIGN KEY (`DEPLOYMENT_ID_`) REFERENCES `act_re_deployment` (`ID_`),
  CONSTRAINT `ACT_FK_MODEL_SOURCE` FOREIGN KEY (`EDITOR_SOURCE_VALUE_ID_`) REFERENCES `act_ge_bytearray` (`ID_`),
  CONSTRAINT `ACT_FK_MODEL_SOURCE_EXTRA` FOREIGN KEY (`EDITOR_SOURCE_EXTRA_VALUE_ID_`) REFERENCES `act_ge_bytearray` (`ID_`)
) ENGINE=InnoDB DEFAULT CHARSET=utf8 COLLATE=utf8_bin;

#
# Data for table "act_re_model"
#

INSERT INTO `act_re_model` VALUES ('1',9,'test01','123456',NULL,'2020-06-01 08:49:59.091','2020-06-03 17:36:33.497',1,'{\"name\":\"test01\",\"description\":\"description\",\"revision\":1}',NULL,'2','3',''),('45',6,'test02','test02',NULL,'2020-06-03 15:12:27.887','2020-06-04 09:06:14.499',1,'{\"name\":\"test02\",\"description\":\"test02\",\"revision\":1}',NULL,'46','76','');

#
# Structure for table "act_re_procdef"
#

DROP TABLE IF EXISTS `act_re_procdef`;
CREATE TABLE `act_re_procdef` (
  `ID_` varchar(64) COLLATE utf8_bin NOT NULL,
  `REV_` int(11) DEFAULT NULL,
  `CATEGORY_` varchar(255) COLLATE utf8_bin DEFAULT NULL,
  `NAME_` varchar(255) COLLATE utf8_bin DEFAULT NULL,
  `KEY_` varchar(255) COLLATE utf8_bin NOT NULL,
  `VERSION_` int(11) NOT NULL,
  `DEPLOYMENT_ID_` varchar(64) COLLATE utf8_bin DEFAULT NULL,
  `RESOURCE_NAME_` varchar(4000) COLLATE utf8_bin DEFAULT NULL,
  `DGRM_RESOURCE_NAME_` varchar(4000) COLLATE utf8_bin DEFAULT NULL,
  `DESCRIPTION_` varchar(4000) COLLATE utf8_bin DEFAULT NULL,
  `HAS_START_FORM_KEY_` tinyint(4) DEFAULT NULL,
  `HAS_GRAPHICAL_NOTATION_` tinyint(4) DEFAULT NULL,
  `SUSPENSION_STATE_` int(11) DEFAULT NULL,
  `TENANT_ID_` varchar(255) COLLATE utf8_bin DEFAULT '',
  PRIMARY KEY (`ID_`),
  UNIQUE KEY `ACT_UNIQ_PROCDEF` (`KEY_`,`VERSION_`,`TENANT_ID_`)
) ENGINE=InnoDB DEFAULT CHARSET=utf8 COLLATE=utf8_bin;

#
# Data for table "act_re_procdef"
#

INSERT INTO `act_re_procdef` VALUES ('test01:1:15',3,'test','test01','test01',1,'12','test01.bpmn20.xml','test01.test01.png',NULL,0,1,2,''),('test01:2:51',2,'test','test01','test01',2,'48','test01.bpmn20.xml','test01.test01.png',NULL,0,1,1,''),('test01:3:84',2,'test','test02','test01',3,'81','test02.bpmn20.xml','test02.test01.png',NULL,0,1,1,''),('test01:4:139',2,'test','test01','test01',4,'136','test01.bpmn20.xml','test01.test01.png',NULL,0,1,1,'');

#
# Structure for table "act_procdef_info"
#

DROP TABLE IF EXISTS `act_procdef_info`;
CREATE TABLE `act_procdef_info` (
  `ID_` varchar(64) COLLATE utf8_bin NOT NULL,
  `PROC_DEF_ID_` varchar(64) COLLATE utf8_bin NOT NULL,
  `REV_` int(11) DEFAULT NULL,
  `INFO_JSON_ID_` varchar(64) COLLATE utf8_bin DEFAULT NULL,
  PRIMARY KEY (`ID_`),
  UNIQUE KEY `ACT_UNIQ_INFO_PROCDEF` (`PROC_DEF_ID_`),
  KEY `ACT_IDX_INFO_PROCDEF` (`PROC_DEF_ID_`),
  KEY `ACT_FK_INFO_JSON_BA` (`INFO_JSON_ID_`),
  CONSTRAINT `ACT_FK_INFO_JSON_BA` FOREIGN KEY (`INFO_JSON_ID_`) REFERENCES `act_ge_bytearray` (`ID_`),
  CONSTRAINT `ACT_FK_INFO_PROCDEF` FOREIGN KEY (`PROC_DEF_ID_`) REFERENCES `act_re_procdef` (`ID_`)
) ENGINE=InnoDB DEFAULT CHARSET=utf8 COLLATE=utf8_bin;

#
# Data for table "act_procdef_info"
#


#
# Structure for table "act_ru_execution"
#

DROP TABLE IF EXISTS `act_ru_execution`;
CREATE TABLE `act_ru_execution` (
  `ID_` varchar(64) COLLATE utf8_bin NOT NULL,
  `REV_` int(11) DEFAULT NULL,
  `PROC_INST_ID_` varchar(64) COLLATE utf8_bin DEFAULT NULL,
  `BUSINESS_KEY_` varchar(255) COLLATE utf8_bin DEFAULT NULL,
  `PARENT_ID_` varchar(64) COLLATE utf8_bin DEFAULT NULL,
  `PROC_DEF_ID_` varchar(64) COLLATE utf8_bin DEFAULT NULL,
  `SUPER_EXEC_` varchar(64) COLLATE utf8_bin DEFAULT NULL,
  `ACT_ID_` varchar(255) COLLATE utf8_bin DEFAULT NULL,
  `IS_ACTIVE_` tinyint(4) DEFAULT NULL,
  `IS_CONCURRENT_` tinyint(4) DEFAULT NULL,
  `IS_SCOPE_` tinyint(4) DEFAULT NULL,
  `IS_EVENT_SCOPE_` tinyint(4) DEFAULT NULL,
  `SUSPENSION_STATE_` int(11) DEFAULT NULL,
  `CACHED_ENT_STATE_` int(11) DEFAULT NULL,
  `TENANT_ID_` varchar(255) COLLATE utf8_bin DEFAULT '',
  `NAME_` varchar(255) COLLATE utf8_bin DEFAULT NULL,
  `LOCK_TIME_` timestamp(3) NULL DEFAULT NULL,
  PRIMARY KEY (`ID_`),
  KEY `ACT_IDX_EXEC_BUSKEY` (`BUSINESS_KEY_`),
  KEY `ACT_FK_EXE_PROCINST` (`PROC_INST_ID_`),
  KEY `ACT_FK_EXE_PARENT` (`PARENT_ID_`),
  KEY `ACT_FK_EXE_SUPER` (`SUPER_EXEC_`),
  KEY `ACT_FK_EXE_PROCDEF` (`PROC_DEF_ID_`),
  CONSTRAINT `ACT_FK_EXE_PARENT` FOREIGN KEY (`PARENT_ID_`) REFERENCES `act_ru_execution` (`ID_`),
  CONSTRAINT `ACT_FK_EXE_PROCDEF` FOREIGN KEY (`PROC_DEF_ID_`) REFERENCES `act_re_procdef` (`ID_`),
  CONSTRAINT `ACT_FK_EXE_PROCINST` FOREIGN KEY (`PROC_INST_ID_`) REFERENCES `act_ru_execution` (`ID_`) ON DELETE CASCADE ON UPDATE CASCADE,
  CONSTRAINT `ACT_FK_EXE_SUPER` FOREIGN KEY (`SUPER_EXEC_`) REFERENCES `act_ru_execution` (`ID_`)
) ENGINE=InnoDB DEFAULT CHARSET=utf8 COLLATE=utf8_bin;

#
# Data for table "act_ru_execution"
#

INSERT INTO `act_ru_execution` VALUES ('185',2,'185','1268352362875801602',NULL,'test01:3:84',NULL,'sid-17E55AAC-B98A-416E-9795-4536E3D311E1',1,0,1,0,1,2,'','test02',NULL);

#
# Structure for table "act_ru_event_subscr"
#

DROP TABLE IF EXISTS `act_ru_event_subscr`;
CREATE TABLE `act_ru_event_subscr` (
  `ID_` varchar(64) COLLATE utf8_bin NOT NULL,
  `REV_` int(11) DEFAULT NULL,
  `EVENT_TYPE_` varchar(255) COLLATE utf8_bin NOT NULL,
  `EVENT_NAME_` varchar(255) COLLATE utf8_bin DEFAULT NULL,
  `EXECUTION_ID_` varchar(64) COLLATE utf8_bin DEFAULT NULL,
  `PROC_INST_ID_` varchar(64) COLLATE utf8_bin DEFAULT NULL,
  `ACTIVITY_ID_` varchar(64) COLLATE utf8_bin DEFAULT NULL,
  `CONFIGURATION_` varchar(255) COLLATE utf8_bin DEFAULT NULL,
  `CREATED_` timestamp(3) NOT NULL DEFAULT CURRENT_TIMESTAMP(3),
  `PROC_DEF_ID_` varchar(64) COLLATE utf8_bin DEFAULT NULL,
  `TENANT_ID_` varchar(255) COLLATE utf8_bin DEFAULT '',
  PRIMARY KEY (`ID_`),
  KEY `ACT_IDX_EVENT_SUBSCR_CONFIG_` (`CONFIGURATION_`),
  KEY `ACT_FK_EVENT_EXEC` (`EXECUTION_ID_`),
  CONSTRAINT `ACT_FK_EVENT_EXEC` FOREIGN KEY (`EXECUTION_ID_`) REFERENCES `act_ru_execution` (`ID_`)
) ENGINE=InnoDB DEFAULT CHARSET=utf8 COLLATE=utf8_bin;

#
# Data for table "act_ru_event_subscr"
#


#
# Structure for table "act_ru_job"
#

DROP TABLE IF EXISTS `act_ru_job`;
CREATE TABLE `act_ru_job` (
  `ID_` varchar(64) COLLATE utf8_bin NOT NULL,
  `REV_` int(11) DEFAULT NULL,
  `TYPE_` varchar(255) COLLATE utf8_bin NOT NULL,
  `LOCK_EXP_TIME_` timestamp(3) NULL DEFAULT NULL,
  `LOCK_OWNER_` varchar(255) COLLATE utf8_bin DEFAULT NULL,
  `EXCLUSIVE_` tinyint(1) DEFAULT NULL,
  `EXECUTION_ID_` varchar(64) COLLATE utf8_bin DEFAULT NULL,
  `PROCESS_INSTANCE_ID_` varchar(64) COLLATE utf8_bin DEFAULT NULL,
  `PROC_DEF_ID_` varchar(64) COLLATE utf8_bin DEFAULT NULL,
  `RETRIES_` int(11) DEFAULT NULL,
  `EXCEPTION_STACK_ID_` varchar(64) COLLATE utf8_bin DEFAULT NULL,
  `EXCEPTION_MSG_` varchar(4000) COLLATE utf8_bin DEFAULT NULL,
  `DUEDATE_` timestamp(3) NULL DEFAULT NULL,
  `REPEAT_` varchar(255) COLLATE utf8_bin DEFAULT NULL,
  `HANDLER_TYPE_` varchar(255) COLLATE utf8_bin DEFAULT NULL,
  `HANDLER_CFG_` varchar(4000) COLLATE utf8_bin DEFAULT NULL,
  `TENANT_ID_` varchar(255) COLLATE utf8_bin DEFAULT '',
  PRIMARY KEY (`ID_`),
  KEY `ACT_FK_JOB_EXCEPTION` (`EXCEPTION_STACK_ID_`),
  CONSTRAINT `ACT_FK_JOB_EXCEPTION` FOREIGN KEY (`EXCEPTION_STACK_ID_`) REFERENCES `act_ge_bytearray` (`ID_`)
) ENGINE=InnoDB DEFAULT CHARSET=utf8 COLLATE=utf8_bin;

#
# Data for table "act_ru_job"
#

INSERT INTO `act_ru_job` VALUES ('16',7,'timer',NULL,NULL,1,NULL,NULL,'test01:1:15',0,'17','Cannot set suspension state \'active\' for ProcessDefinitionEntity[test01:1:15]\': already in state \'active\'.','2020-06-01 15:29:00.009',NULL,'activate-processdefinition','{\"includeProcessInstances\":true}',''),('52',7,'timer',NULL,NULL,1,NULL,NULL,'test01:2:51',0,'53','Cannot set suspension state \'active\' for ProcessDefinitionEntity[test01:2:51]\': already in state \'active\'.','2020-06-03 17:37:44.049',NULL,'activate-processdefinition','{\"includeProcessInstances\":true}',''),('85',7,'timer',NULL,NULL,1,NULL,NULL,'test01:3:84',0,'86','Cannot set suspension state \'active\' for ProcessDefinitionEntity[test01:3:84]\': already in state \'active\'.','2020-06-04 09:22:12.248',NULL,'activate-processdefinition','{\"includeProcessInstances\":true}','');

#
# Structure for table "act_ru_task"
#

DROP TABLE IF EXISTS `act_ru_task`;
CREATE TABLE `act_ru_task` (
  `ID_` varchar(64) COLLATE utf8_bin NOT NULL,
  `REV_` int(11) DEFAULT NULL,
  `EXECUTION_ID_` varchar(64) COLLATE utf8_bin DEFAULT NULL,
  `PROC_INST_ID_` varchar(64) COLLATE utf8_bin DEFAULT NULL,
  `PROC_DEF_ID_` varchar(64) COLLATE utf8_bin DEFAULT NULL,
  `NAME_` varchar(255) COLLATE utf8_bin DEFAULT NULL,
  `PARENT_TASK_ID_` varchar(64) COLLATE utf8_bin DEFAULT NULL,
  `DESCRIPTION_` varchar(4000) COLLATE utf8_bin DEFAULT NULL,
  `TASK_DEF_KEY_` varchar(255) COLLATE utf8_bin DEFAULT NULL,
  `OWNER_` varchar(255) COLLATE utf8_bin DEFAULT NULL,
  `ASSIGNEE_` varchar(255) COLLATE utf8_bin DEFAULT NULL,
  `DELEGATION_` varchar(64) COLLATE utf8_bin DEFAULT NULL,
  `PRIORITY_` int(11) DEFAULT NULL,
  `CREATE_TIME_` timestamp(3) NULL DEFAULT NULL,
  `DUE_DATE_` datetime(3) DEFAULT NULL,
  `CATEGORY_` varchar(255) COLLATE utf8_bin DEFAULT NULL,
  `SUSPENSION_STATE_` int(11) DEFAULT NULL,
  `TENANT_ID_` varchar(255) COLLATE utf8_bin DEFAULT '',
  `FORM_KEY_` varchar(255) COLLATE utf8_bin DEFAULT NULL,
  PRIMARY KEY (`ID_`),
  KEY `ACT_IDX_TASK_CREATE` (`CREATE_TIME_`),
  KEY `ACT_FK_TASK_EXE` (`EXECUTION_ID_`),
  KEY `ACT_FK_TASK_PROCINST` (`PROC_INST_ID_`),
  KEY `ACT_FK_TASK_PROCDEF` (`PROC_DEF_ID_`),
  CONSTRAINT `ACT_FK_TASK_EXE` FOREIGN KEY (`EXECUTION_ID_`) REFERENCES `act_ru_execution` (`ID_`),
  CONSTRAINT `ACT_FK_TASK_PROCDEF` FOREIGN KEY (`PROC_DEF_ID_`) REFERENCES `act_re_procdef` (`ID_`),
  CONSTRAINT `ACT_FK_TASK_PROCINST` FOREIGN KEY (`PROC_INST_ID_`) REFERENCES `act_ru_execution` (`ID_`)
) ENGINE=InnoDB DEFAULT CHARSET=utf8 COLLATE=utf8_bin;

#
# Data for table "act_ru_task"
#

INSERT INTO `act_ru_task` VALUES ('204',2,'185','185','test01:3:84','审核员审批',NULL,NULL,'sid-17E55AAC-B98A-416E-9795-4536E3D311E1',NULL,NULL,NULL,0,'2020-06-08 09:27:10.720',NULL,NULL,1,'',NULL);

#
# Structure for table "act_ru_identitylink"
#

DROP TABLE IF EXISTS `act_ru_identitylink`;
CREATE TABLE `act_ru_identitylink` (
  `ID_` varchar(64) COLLATE utf8_bin NOT NULL,
  `REV_` int(11) DEFAULT NULL,
  `GROUP_ID_` varchar(255) COLLATE utf8_bin DEFAULT NULL,
  `TYPE_` varchar(255) COLLATE utf8_bin DEFAULT NULL,
  `USER_ID_` varchar(255) COLLATE utf8_bin DEFAULT NULL,
  `TASK_ID_` varchar(64) COLLATE utf8_bin DEFAULT NULL,
  `PROC_INST_ID_` varchar(64) COLLATE utf8_bin DEFAULT NULL,
  `PROC_DEF_ID_` varchar(64) COLLATE utf8_bin DEFAULT NULL,
  PRIMARY KEY (`ID_`),
  KEY `ACT_IDX_IDENT_LNK_USER` (`USER_ID_`),
  KEY `ACT_IDX_IDENT_LNK_GROUP` (`GROUP_ID_`),
  KEY `ACT_IDX_ATHRZ_PROCEDEF` (`PROC_DEF_ID_`),
  KEY `ACT_FK_TSKASS_TASK` (`TASK_ID_`),
  KEY `ACT_FK_IDL_PROCINST` (`PROC_INST_ID_`),
  CONSTRAINT `ACT_FK_ATHRZ_PROCEDEF` FOREIGN KEY (`PROC_DEF_ID_`) REFERENCES `act_re_procdef` (`ID_`),
  CONSTRAINT `ACT_FK_IDL_PROCINST` FOREIGN KEY (`PROC_INST_ID_`) REFERENCES `act_ru_execution` (`ID_`),
  CONSTRAINT `ACT_FK_TSKASS_TASK` FOREIGN KEY (`TASK_ID_`) REFERENCES `act_ru_task` (`ID_`)
) ENGINE=InnoDB DEFAULT CHARSET=utf8 COLLATE=utf8_bin;

#
# Data for table "act_ru_identitylink"
#

INSERT INTO `act_ru_identitylink` VALUES ('186',1,NULL,'starter','admin',NULL,'185',NULL),('205',1,NULL,'candidate','admin','204',NULL,NULL);

#
# Structure for table "act_ru_variable"
#

DROP TABLE IF EXISTS `act_ru_variable`;
CREATE TABLE `act_ru_variable` (
  `ID_` varchar(64) COLLATE utf8_bin NOT NULL,
  `REV_` int(11) DEFAULT NULL,
  `TYPE_` varchar(255) COLLATE utf8_bin NOT NULL,
  `NAME_` varchar(255) COLLATE utf8_bin NOT NULL,
  `EXECUTION_ID_` varchar(64) COLLATE utf8_bin DEFAULT NULL,
  `PROC_INST_ID_` varchar(64) COLLATE utf8_bin DEFAULT NULL,
  `TASK_ID_` varchar(64) COLLATE utf8_bin DEFAULT NULL,
  `BYTEARRAY_ID_` varchar(64) COLLATE utf8_bin DEFAULT NULL,
  `DOUBLE_` double DEFAULT NULL,
  `LONG_` bigint(20) DEFAULT NULL,
  `TEXT_` varchar(4000) COLLATE utf8_bin DEFAULT NULL,
  `TEXT2_` varchar(4000) COLLATE utf8_bin DEFAULT NULL,
  PRIMARY KEY (`ID_`),
  KEY `ACT_IDX_VARIABLE_TASK_ID` (`TASK_ID_`),
  KEY `ACT_FK_VAR_EXE` (`EXECUTION_ID_`),
  KEY `ACT_FK_VAR_PROCINST` (`PROC_INST_ID_`),
  KEY `ACT_FK_VAR_BYTEARRAY` (`BYTEARRAY_ID_`),
  CONSTRAINT `ACT_FK_VAR_BYTEARRAY` FOREIGN KEY (`BYTEARRAY_ID_`) REFERENCES `act_ge_bytearray` (`ID_`),
  CONSTRAINT `ACT_FK_VAR_EXE` FOREIGN KEY (`EXECUTION_ID_`) REFERENCES `act_ru_execution` (`ID_`),
  CONSTRAINT `ACT_FK_VAR_PROCINST` FOREIGN KEY (`PROC_INST_ID_`) REFERENCES `act_ru_execution` (`ID_`)
) ENGINE=InnoDB DEFAULT CHARSET=utf8 COLLATE=utf8_bin;

#
# Data for table "act_ru_variable"
#

INSERT INTO `act_ru_variable` VALUES ('188',1,'null','birthday','185','185',NULL,NULL,NULL,NULL,NULL,NULL),('189',1,'string','item','185','185',NULL,NULL,NULL,NULL,'123452321321',NULL),('190',1,'null','descc','185','185',NULL,NULL,NULL,NULL,NULL,NULL),('191',1,'null','create_time','185','185',NULL,NULL,NULL,NULL,NULL,NULL),('192',1,'null','sex','185','185',NULL,NULL,NULL,NULL,NULL,NULL),('193',1,'null','create_by','185','185',NULL,NULL,NULL,NULL,NULL,NULL),('194',1,'null','update_time','185','185',NULL,NULL,NULL,NULL,NULL,NULL),('195',1,'string','file','185','185',NULL,NULL,NULL,NULL,'temp/index_1591428584387.json',NULL),('196',1,'null','top_pic','185','185',NULL,NULL,NULL,NULL,NULL,NULL),('197',1,'null','user_code','185','185',NULL,NULL,NULL,NULL,NULL,NULL),('198',1,'string','name','185','185',NULL,NULL,NULL,NULL,'普通会员',NULL),('199',1,'string','tableId','185','185',NULL,NULL,NULL,NULL,'f03c0479375342309f529610b28c2f57',NULL),('200',1,'string','id','185','185',NULL,NULL,NULL,NULL,'f03c0479375342309f529610b28c2f57',NULL),('201',1,'null','update_by','185','185',NULL,NULL,NULL,NULL,NULL,NULL),('202',1,'null','age','185','185',NULL,NULL,NULL,NULL,NULL,NULL);

#
# Structure for table "act_z_business"
#

DROP TABLE IF EXISTS `act_z_business`;
CREATE TABLE `act_z_business` (
  `id` varchar(255) NOT NULL,
  `create_by` varchar(255) DEFAULT NULL,
  `create_time` datetime DEFAULT NULL,
  `del_flag` int(11) DEFAULT NULL,
  `update_by` varchar(255) DEFAULT NULL,
  `update_time` datetime DEFAULT NULL,
  `proc_def_id` varchar(255) DEFAULT NULL COMMENT '流程定义ID',
  `proc_inst_id` varchar(255) DEFAULT NULL COMMENT '流程实例ID',
  `result` int(11) DEFAULT '0' COMMENT '结果',
  `status` int(11) DEFAULT '0' COMMENT '状态',
  `table_id` varchar(255) DEFAULT NULL COMMENT '表ID',
  `title` varchar(255) DEFAULT NULL COMMENT '标题',
  `user_id` varchar(255) DEFAULT NULL COMMENT '用户ID',
  `apply_time` datetime DEFAULT NULL COMMENT '审批时间',
  `is_history` bit(1) DEFAULT NULL COMMENT '是否为历史',
  `table_name` varchar(255) DEFAULT NULL COMMENT '表名',
  PRIMARY KEY (`id`)
) ENGINE=MyISAM DEFAULT CHARSET=utf8 COMMENT='流程业务表';

#
# Data for table "act_z_business"
#

/*!40000 ALTER TABLE `act_z_business` DISABLE KEYS */;
INSERT INTO `act_z_business` VALUES ('1267357410083557378','admin','2020-06-01 15:28:48',NULL,'admin','2020-06-02 10:48:46','test01:1:15','18',2,2,'d96e8b3b50c1434e989ae5d4caebd472','test01','admin','2020-06-01 15:29:04',NULL,'test_demo'),('1268342809023041538','admin','2020-06-04 08:44:25',NULL,'admin','2020-06-06 15:20:27','test01:2:51','54',0,3,'29ff4d9666654621a97276119141365f','test01','admin','2020-06-04 08:45:22',NULL,'test_demo01'),('1268352362875801602','admin','2020-06-04 09:22:23',NULL,'admin','2020-06-08 09:27:11','test01:3:84','185',1,1,'f03c0479375342309f529610b28c2f57','test02','admin','2020-06-08 09:27:11',NULL,'test_demo01');
/*!40000 ALTER TABLE `act_z_business` ENABLE KEYS */;

#
# Structure for table "act_z_node"
#

DROP TABLE IF EXISTS `act_z_node`;
CREATE TABLE `act_z_node` (
  `id` varchar(255) NOT NULL,
  `create_by` varchar(255) DEFAULT NULL,
  `create_time` datetime DEFAULT NULL,
  `del_flag` int(11) DEFAULT NULL,
  `update_by` varchar(255) DEFAULT NULL,
  `update_time` datetime DEFAULT NULL,
  `node_id` varchar(255) DEFAULT NULL COMMENT '节点ID',
  `type` varchar(255) DEFAULT NULL COMMENT '节点类型',
  `relate_id` varchar(255) DEFAULT NULL COMMENT '关联ID',
  PRIMARY KEY (`id`)
) ENGINE=MyISAM DEFAULT CHARSET=utf8 COMMENT='流程节点表';

#
# Data for table "act_z_node"
#

/*!40000 ALTER TABLE `act_z_node` DISABLE KEYS */;
INSERT INTO `act_z_node` VALUES ('1270982895124459521','admin','2020-06-11 15:35:11',NULL,NULL,NULL,'qjsh','1',''),('1270982895183179777','admin','2020-06-11 15:35:11',NULL,NULL,NULL,'qjsh','0',''),('1270982895183179778','admin','2020-06-11 15:35:11',NULL,NULL,NULL,'qjsh','2','c6d7cb4deeac411cb3384b1b31278596'),('1270982895250288641','admin','2020-06-11 15:35:11',NULL,NULL,NULL,'qjsh','5',NULL),('1270989072625418241','admin','2020-06-11 15:59:43',NULL,NULL,NULL,'sid-17E55AAC-B98A-416E-9795-4536E3D311E1','1',''),('1270989072684138497','admin','2020-06-11 15:59:43',NULL,NULL,NULL,'sid-17E55AAC-B98A-416E-9795-4536E3D311E1','0',''),('1270989072726081538','admin','2020-06-11 15:59:43',NULL,NULL,NULL,'sid-17E55AAC-B98A-416E-9795-4536E3D311E1','2',''),('1270989072780607490','admin','2020-06-11 15:59:43',NULL,NULL,NULL,'sid-17E55AAC-B98A-416E-9795-4536E3D311E1','4',NULL),('1270989072847716353','admin','2020-06-11 15:59:43',NULL,NULL,NULL,'sid-17E55AAC-B98A-416E-9795-4536E3D311E1','5',NULL),('1270989350099599361','admin','2020-06-11 16:00:50',NULL,NULL,NULL,'sid-54D559E9-0C0F-44AB-8237-1563EB8D4D60','1',''),('1270989350145736706','admin','2020-06-11 16:00:50',NULL,NULL,NULL,'sid-54D559E9-0C0F-44AB-8237-1563EB8D4D60','0',''),('1270989350200262658','admin','2020-06-11 16:00:50',NULL,NULL,NULL,'sid-54D559E9-0C0F-44AB-8237-1563EB8D4D60','2',''),('1270989350242205698','admin','2020-06-11 16:00:50',NULL,NULL,NULL,'sid-54D559E9-0C0F-44AB-8237-1563EB8D4D60','5',NULL);
/*!40000 ALTER TABLE `act_z_node` ENABLE KEYS */;

#
# Structure for table "act_z_process"
#

DROP TABLE IF EXISTS `act_z_process`;
CREATE TABLE `act_z_process` (
  `id` varchar(255) NOT NULL,
  `create_by` varchar(255) DEFAULT NULL,
  `create_time` datetime DEFAULT NULL,
  `del_flag` int(11) DEFAULT NULL,
  `update_by` varchar(255) DEFAULT NULL,
  `update_time` datetime DEFAULT NULL,
  `category_id` varchar(255) DEFAULT NULL COMMENT '',
  `deployment_id` varchar(255) DEFAULT NULL COMMENT '',
  `description` varchar(255) DEFAULT NULL COMMENT '',
  `diagram_name` varchar(255) DEFAULT NULL COMMENT '',
  `latest` bit(1) DEFAULT NULL COMMENT '',
  `name` varchar(255) DEFAULT NULL COMMENT '',
  `process_key` varchar(255) DEFAULT NULL COMMENT '',
  `status` int(11) DEFAULT NULL COMMENT '',
  `version` int(11) DEFAULT NULL COMMENT '',
  `business_table` varchar(255) DEFAULT NULL COMMENT '',
  `route_name` varchar(255) DEFAULT NULL COMMENT '',
  `roles` varchar(225) DEFAULT NULL COMMENT '',
  PRIMARY KEY (`id`)
) ENGINE=MyISAM DEFAULT CHARSET=utf8 COMMENT='';

#
# Data for table "act_z_process"
#

/*!40000 ALTER TABLE `act_z_process` DISABLE KEYS */;
INSERT INTO `act_z_process` VALUES ('test01:1:15',NULL,'2020-06-01 15:27:22',NULL,'admin','2020-06-06 15:25:30','test','12','description','test01.test01.png',b'0','test01','123456',0,1,'test_demo01','@/views/activiti/form/testForm','admin'),('test01:2:51',NULL,'2020-06-03 17:36:43',NULL,'admin','2020-06-06 15:25:30','test','48','description','test01.test01.png',b'0','test01','123456',1,2,'test_demo01','@/views/activiti/form/testForm',NULL),('test01:3:84',NULL,'2020-06-04 09:06:25',NULL,'admin','2020-06-30 10:17:59','test','81','test02','test02.test01.png',b'1','test02','test02',1,3,'test_demo01','@/views/activiti/form/testForm',''),('test01:4:139',NULL,'2020-06-06 15:25:30',NULL,'admin','2020-06-06 15:25:47','test','136','description','test01.test01.png',b'1','test01','123456',NULL,4,'test_demo01','@/views/activiti/form/testForm',NULL);
/*!40000 ALTER TABLE `act_z_process` ENABLE KEYS */;

#
# Structure for table "demo"
#

DROP TABLE IF EXISTS `demo`;
CREATE TABLE `demo` (
  `id` varchar(50) NOT NULL COMMENT '主键ID',
  `name` varchar(30) DEFAULT NULL COMMENT '姓名',
  `key_word` varchar(255) DEFAULT NULL COMMENT '关键词',
  `punch_time` datetime DEFAULT NULL COMMENT '打卡时间',
  `salary_money` decimal(10,3) DEFAULT NULL COMMENT '工资',
  `bonus_money` double(10,2) DEFAULT NULL COMMENT '奖金',
  `sex` varchar(2) DEFAULT NULL COMMENT '性别 {男:1,女:2}',
  `age` int(11) DEFAULT NULL COMMENT '年龄',
  `birthday` date DEFAULT NULL COMMENT '生日',
  `email` varchar(50) DEFAULT NULL COMMENT '邮箱',
  `content` varchar(1000) DEFAULT NULL COMMENT '个人简介',
  `create_by` varchar(32) DEFAULT NULL COMMENT '创建人',
  `create_time` datetime DEFAULT NULL COMMENT '创建时间',
  `update_by` varchar(32) DEFAULT NULL COMMENT '修改人',
  `update_time` datetime DEFAULT NULL COMMENT '修改时间',
  `sys_org_code` varchar(64) DEFAULT NULL COMMENT '所属部门编码',
  PRIMARY KEY (`id`) USING BTREE
) ENGINE=InnoDB DEFAULT CHARSET=utf8 ROW_FORMAT=DYNAMIC;

#
# Data for table "demo"
#

INSERT INTO `demo` VALUES ('1c2ba51b29a42d9de02bbd708ea8121a','777777','777','2018-12-07 19:43:17',NULL,NULL,NULL,7,'2018-12-07',NULL,NULL,NULL,NULL,'admin','2019-02-21 18:26:04',NULL),('1dc29e80be14d1400f165b5c6b30c707','zhang daihao',NULL,NULL,NULL,NULL,'2',NULL,NULL,'zhangdaiscott@163.com',NULL,NULL,NULL,NULL,NULL,NULL),('304e651dc769d5c9b6e08fb30457a602','小白兔',NULL,NULL,NULL,NULL,'2',28,NULL,NULL,NULL,'scott','2019-01-19 13:12:53','qinfeng','2019-01-19 13:13:12',NULL),('4','Sandy','开源，很好','2018-12-15 00:00:00',NULL,NULL,'2',21,'2018-12-15','test4@baomidou.com','聪明00',NULL,NULL,'admin','2019-02-25 16:29:27',NULL),('4436302a0de50bb83025286bc414d6a9','zhang daihao',NULL,NULL,NULL,NULL,NULL,NULL,NULL,'zhangdaiscott@163.com',NULL,'admin','2019-01-19 15:39:04',NULL,NULL,NULL),('4981637bf71b0c1ed1365241dfcfa0ea','小虎',NULL,NULL,NULL,NULL,'2',28,NULL,NULL,NULL,'scott5','2019-01-19 13:12:53','qinfeng','2019-01-19 13:13:12',NULL),('7','zhangdaiscott',NULL,NULL,NULL,NULL,'1',NULL,'2019-01-03',NULL,NULL,NULL,NULL,NULL,NULL,NULL),('73bc58611012617ca446d8999379e4ac','郭靖','777','2018-12-07 00:00:00',NULL,NULL,'1',NULL,NULL,NULL,NULL,'jeecg-boot','2019-03-28 18:16:39','admin','2020-05-02 18:14:14',NULL),('917e240eaa0b1b2d198ae869b64a81c3','zhang daihao',NULL,NULL,NULL,NULL,'2',0,'2018-11-29','zhangdaiscott@163.com',NULL,NULL,NULL,NULL,NULL,NULL),('94420c5d8fc4420dde1e7196154b3a24','秦风',NULL,NULL,NULL,NULL,'2',NULL,NULL,NULL,NULL,'scott','2019-01-19 12:54:58','admin','2020-05-02 18:14:33',NULL),('b86897900c770503771c7bb88e5d1e9b','scott1','开源、很好、hello',NULL,NULL,NULL,'1',NULL,NULL,'zhangdaiscott@163.com',NULL,'scott','2019-01-19 12:22:34',NULL,NULL,NULL),('c28fa8391ef81d6fabd8bd894a7615aa','小麦',NULL,NULL,NULL,NULL,'2',NULL,NULL,'zhangdaiscott@163.com',NULL,'jeecg-boot','2019-04-04 17:18:09',NULL,NULL,NULL),('c2c0d49e3c01913067cf8d1fb3c971d2','zhang daihao',NULL,NULL,NULL,NULL,'2',NULL,NULL,'zhangdaiscott@163.com',NULL,'admin','2019-01-19 23:37:18','admin','2019-01-21 16:49:06',NULL),('c96279c666b4b82e3ef1e4e2978701ce','报名时间',NULL,NULL,NULL,NULL,NULL,NULL,NULL,NULL,NULL,'jeecg-boot','2019-03-28 18:00:52',NULL,NULL,NULL),('d24668721446e8478eeeafe4db66dcff','zhang daihao999',NULL,NULL,NULL,NULL,'1',NULL,NULL,'zhangdaiscott@163.com',NULL,NULL,NULL,NULL,NULL,NULL),('eaa6c1116b41dc10a94eae34cf990133','zhang daihao',NULL,NULL,NULL,NULL,NULL,NULL,NULL,'zhangdaiscott@163.com',NULL,NULL,NULL,NULL,NULL,NULL);

#
# Structure for table "demo_field_def_val_main"
#

DROP TABLE IF EXISTS `demo_field_def_val_main`;
CREATE TABLE `demo_field_def_val_main` (
  `id` varchar(36) NOT NULL,
  `code` varchar(200) DEFAULT NULL COMMENT '编码',
  `name` varchar(200) DEFAULT NULL COMMENT '姓名',
  `sex` varchar(200) DEFAULT NULL COMMENT '性别',
  `address` varchar(200) DEFAULT NULL COMMENT '地址',
  `address_param` varchar(32) DEFAULT NULL COMMENT '地址（传参）',
  `create_by` varchar(50) DEFAULT NULL COMMENT '创建人',
  `create_time` datetime DEFAULT NULL COMMENT '创建日期',
  `update_by` varchar(50) DEFAULT NULL COMMENT '更新人',
  `update_time` datetime DEFAULT NULL COMMENT '更新日期',
  `sys_org_code` varchar(64) DEFAULT NULL COMMENT '所属部门',
  PRIMARY KEY (`id`) USING BTREE
) ENGINE=InnoDB DEFAULT CHARSET=utf8mb4 ROW_FORMAT=DYNAMIC;

#
# Data for table "demo_field_def_val_main"
#

INSERT INTO `demo_field_def_val_main` VALUES ('1256548579457114114','q','q','1','q','q','admin','2020-05-02 19:38:21','admin','2020-05-03 01:02:51','A01');

#
# Structure for table "demo_field_def_val_sub"
#

DROP TABLE IF EXISTS `demo_field_def_val_sub`;
CREATE TABLE `demo_field_def_val_sub` (
  `id` varchar(36) NOT NULL,
  `code` varchar(200) DEFAULT NULL COMMENT '编码',
  `name` varchar(200) DEFAULT NULL COMMENT '名称',
  `date` varchar(200) DEFAULT NULL COMMENT '日期',
  `main_id` varchar(200) DEFAULT NULL COMMENT '主表ID',
  `create_by` varchar(50) DEFAULT NULL COMMENT '创建人',
  `create_time` datetime DEFAULT NULL COMMENT '创建日期',
  `update_by` varchar(50) DEFAULT NULL COMMENT '更新人',
  `update_time` datetime DEFAULT NULL COMMENT '更新日期',
  `sys_org_code` varchar(64) DEFAULT NULL COMMENT '所属部门',
  PRIMARY KEY (`id`) USING BTREE
) ENGINE=InnoDB DEFAULT CHARSET=utf8mb4 ROW_FORMAT=DYNAMIC;

#
# Data for table "demo_field_def_val_sub"
#

INSERT INTO `demo_field_def_val_sub` VALUES ('15884194974080425602','133','管理员','2020-05-02','1256548579457114114','admin','2020-05-03 01:02:51',NULL,NULL,'A01'),('15884194979201535108','1144','管理员','2020-05-02','1256548579457114114','admin','2020-05-03 01:02:51',NULL,NULL,'A01');

#
# Structure for table "jeecg_monthly_growth_analysis"
#

DROP TABLE IF EXISTS `jeecg_monthly_growth_analysis`;
CREATE TABLE `jeecg_monthly_growth_analysis` (
  `id` int(11) NOT NULL AUTO_INCREMENT,
  `year` varchar(50) DEFAULT NULL,
  `month` varchar(50) DEFAULT NULL COMMENT '月份',
  `main_income` decimal(18,2) DEFAULT '0.00' COMMENT '佣金/主营收入',
  `other_income` decimal(18,2) DEFAULT '0.00' COMMENT '其他收入',
  PRIMARY KEY (`id`) USING BTREE
) ENGINE=InnoDB AUTO_INCREMENT=25 DEFAULT CHARSET=utf8 ROW_FORMAT=DYNAMIC;

#
# Data for table "jeecg_monthly_growth_analysis"
#

INSERT INTO `jeecg_monthly_growth_analysis` VALUES (1,'2018','1月',114758.90,4426054.19),(2,'2018','2月',8970734.12,1230188.67),(3,'2018','3月',26755421.23,2048836.84),(4,'2018','4月',2404990.63,374171.44),(5,'2018','5月',5450793.02,502306.10),(6,'2018','6月',17186212.11,1375154.97),(7,'2018','7月',579975.67,461483.99),(8,'2018','8月',1393590.06,330403.76),(9,'2018','9月',735761.21,1647474.92),(10,'2018','10月',1670442.44,3423368.33),(11,'2018','11月',2993130.34,3552024.00),(12,'2018','12月',4206227.26,3645614.92),(13,'2019','1月',483834.66,418046.77),(14,'2019','2月',11666578.65,731352.20),(15,'2019','3月',27080982.08,1878538.81),(16,'2019','4月',0.00,0.00),(17,'2019','5月',0.00,0.00),(18,'2019','6月',0.00,0.00),(19,'2019','7月',0.00,0.00),(20,'2019','8月',0.00,0.00),(21,'2019','9月',0.00,0.00),(22,'2019','10月',0.00,0.00),(23,'2019','11月',0.00,0.00),(24,'2019','12月',0.00,0.00);

#
# Structure for table "jeecg_order_customer"
#

DROP TABLE IF EXISTS `jeecg_order_customer`;
CREATE TABLE `jeecg_order_customer` (
  `id` varchar(32) NOT NULL COMMENT '主键',
  `name` varchar(100) NOT NULL COMMENT '客户名',
  `sex` varchar(4) DEFAULT NULL COMMENT '性别',
  `idcard` varchar(18) DEFAULT NULL COMMENT '身份证号码',
  `idcard_pic` varchar(500) DEFAULT NULL COMMENT '身份证扫描件',
  `telphone` varchar(32) DEFAULT NULL COMMENT '电话1',
  `order_id` varchar(32) NOT NULL COMMENT '外键',
  `create_by` varchar(32) DEFAULT NULL COMMENT '创建人',
  `create_time` datetime DEFAULT NULL COMMENT '创建时间',
  `update_by` varchar(32) DEFAULT NULL COMMENT '修改人',
  `update_time` datetime DEFAULT NULL COMMENT '修改时间',
  PRIMARY KEY (`id`) USING BTREE
) ENGINE=InnoDB DEFAULT CHARSET=utf8 ROW_FORMAT=DYNAMIC;

#
# Data for table "jeecg_order_customer"
#

INSERT INTO `jeecg_order_customer` VALUES ('1256527640480821249','scott','2',NULL,NULL,NULL,'b190737bd04cca8360e6f87c9ef9ec4e','admin','2020-05-02 18:15:09',NULL,NULL),('1256527640531152898','x秦风','1',NULL,NULL,NULL,'b190737bd04cca8360e6f87c9ef9ec4e','admin','2020-05-02 18:15:09',NULL,NULL),('1256527874216800257','小王1','1','',NULL,'','9a57c850e4f68cf94ef7d8585dbaf7e6','admin','2020-05-02 18:17:37',NULL,NULL),('15538561502720','3333','1','',NULL,'','0d4a2e67b538ee1bc881e5ed34f670f0','jeecg-boot','2019-03-29 18:42:55',NULL,NULL),('15538561512681','3332333','2','',NULL,'','0d4a2e67b538ee1bc881e5ed34f670f0','jeecg-boot','2019-03-29 18:42:55','admin','2019-03-29 18:43:12'),('15538561550142','4442','2','',NULL,'','0d4a2e67b538ee1bc881e5ed34f670f0','jeecg-boot','2019-03-29 18:42:55',NULL,NULL),('15541168497342','444','','','','','f71f7f8930b5b6b1703d9948d189982b','admin','2019-04-01 19:08:45',NULL,NULL),('15541168499553','5555','','','','','f71f7f8930b5b6b1703d9948d189982b','admin','2019-04-01 19:08:45',NULL,NULL),('18dc5eb1068ccdfe90e358951ca1a3d6','dr2','','','','','8ab1186410a65118c4d746eb085d3bed','admin','2019-04-04 17:25:33',NULL,NULL),('195d280490fe88ca1475512ddcaf2af9','12',NULL,NULL,NULL,NULL,'54e739bef5b67569c963c38da52581ec','admin','2019-03-15 16:50:15',NULL,NULL),('217a2bf83709775d2cd85bf598392327','2',NULL,NULL,NULL,NULL,'54e739bef5b67569c963c38da52581ec','admin','2019-03-15 16:50:15',NULL,NULL),('22bc052ae53ed09913b946abba93fa89','1',NULL,NULL,NULL,NULL,'54e739bef5b67569c963c38da52581ec','admin','2019-03-15 16:50:15',NULL,NULL),('23bafeae88126c3bf3322a29a04f0d5e','x秦风',NULL,NULL,NULL,NULL,'163e2efcbc6d7d54eb3f8a137da8a75a','jeecg-boot','2019-03-29 18:43:59',NULL,NULL),('25c4a552c6843f36fad6303bfa99a382','1',NULL,NULL,NULL,NULL,'54e739bef5b67569c963c38da52581ec','admin','2019-03-15 16:50:15',NULL,NULL),('2d32144e2bee63264f3f16215c258381','33333','2',NULL,NULL,NULL,'d908bfee3377e946e59220c4a4eb414a','admin','2019-04-01 16:27:03',NULL,NULL),('2d43170d6327f941bd1a017999495e25','1',NULL,NULL,NULL,NULL,'54e739bef5b67569c963c38da52581ec','admin','2019-03-15 16:50:15',NULL,NULL),('2e5f62a8b6e0a0ce19b52a6feae23d48','3',NULL,NULL,NULL,NULL,'54e739bef5b67569c963c38da52581ec','admin','2019-03-15 16:50:15',NULL,NULL),('34a1c5cf6cee360ed610ed0bed70e0f9','导入秦风',NULL,NULL,NULL,NULL,'a2cce75872cc8fcc47f78de9ffd378c2','jeecg-boot','2019-03-29 18:43:59',NULL,NULL),('3c87400f8109b4cf43c5598f0d40e34d','2',NULL,NULL,NULL,NULL,'54e739bef5b67569c963c38da52581ec','admin','2019-03-15 16:50:15',NULL,NULL),('40964bcbbecb38e5ac15e6d08cf3cd43','233',NULL,NULL,NULL,NULL,'54e739bef5b67569c963c38da52581ec','admin','2019-03-15 16:50:15',NULL,NULL),('41e3dee0b0b6e6530eccb7fbb22fd7a3','4555','1','370285198602058823',NULL,'18611788674','54e739bef5b67569c963c38da52581ec','admin','2019-03-15 16:50:15',NULL,NULL),('4808ae8344c7679a4a2f461db5dc3a70','44','1','370285198602058823',NULL,'18611788674','54e739bef5b67569c963c38da52581ec','admin','2019-03-15 16:50:15',NULL,NULL),('4b6cef12f195fad94d57279b2241770d','dr12','','','','','8ab1186410a65118c4d746eb085d3bed','admin','2019-04-04 17:25:33',NULL,NULL),('524e695283f8e8c256cc24f39d6d8542','小王','2','370285198604033222',NULL,'18611788674','eb13ab35d2946a2b0cfe3452bca1e73f','admin','2019-02-25 16:29:41',NULL,NULL),('57c2a8367db34016114cbc9fa368dba0','2',NULL,NULL,NULL,NULL,'54e739bef5b67569c963c38da52581ec','admin','2019-03-15 16:50:15',NULL,NULL),('5df36a1608b8c7ac99ad9bc408fe54bf','4',NULL,NULL,NULL,NULL,'54e739bef5b67569c963c38da52581ec','admin','2019-03-15 16:50:15',NULL,NULL),('6c6fd2716c2dcd044ed03c2c95d261f8','李四','2','370285198602058833','','18611788676','f71f7f8930b5b6b1703d9948d189982b','admin','2019-04-01 19:08:45',NULL,NULL),('742d008214dee0afff2145555692973e','秦风','1','370285198602058822',NULL,'18611788676','54e739bef5b67569c963c38da52581ec','admin','2019-03-15 16:50:15',NULL,NULL),('7469c3e5d371767ff90a739d297689b5','导入秦风','2',NULL,NULL,NULL,'3a867ebf2cebce9bae3f79676d8d86f3','jeecg-boot','2019-03-29 18:43:59','admin','2019-04-08 17:35:02'),('7a96e2c7b24847d4a29940dbc0eda6e5','drscott',NULL,NULL,NULL,NULL,'e73434dad84ebdce2d4e0c2a2f06d8ea','jeecg-boot','2019-03-29 18:43:59',NULL,NULL),('7f5a40818e225ee18bda6da7932ac5f9','2',NULL,NULL,NULL,NULL,'54e739bef5b67569c963c38da52581ec','admin','2019-03-15 16:50:15',NULL,NULL),('8011575abfd7c8085e71ff66df1124b9','1',NULL,NULL,NULL,NULL,'54e739bef5b67569c963c38da52581ec','admin','2019-03-15 16:50:15',NULL,NULL),('8404f31d7196221a573c9bd6c8f15003','小张','1','370285198602058211',NULL,'18611788676','eb13ab35d2946a2b0cfe3452bca1e73f','admin','2019-02-25 16:29:41',NULL,NULL),('859020e10a2f721f201cdbff78cf7b9f','scott',NULL,NULL,NULL,NULL,'163e2efcbc6d7d54eb3f8a137da8a75a','jeecg-boot','2019-03-29 18:43:59',NULL,NULL),('8cc3c4d26e3060975df3a2adb781eeb4','dr33',NULL,NULL,NULL,NULL,'b2feb454e43c46b2038768899061e464','jeecg-boot','2019-04-04 17:23:09',NULL,NULL),('8d1725c23a6a50685ff0dedfd437030d','4',NULL,NULL,NULL,NULL,'54e739bef5b67569c963c38da52581ec','admin','2019-03-15 16:50:15',NULL,NULL),('933cae3a79f60a93922d59aace5346ce','小王',NULL,'370285198604033222',NULL,'18611788674','6a719071a29927a14f19482f8693d69a','jeecg-boot','2019-03-29 18:43:59',NULL,NULL),('9bdb5400b709ba4eaf3444de475880d7','dr22',NULL,NULL,NULL,NULL,'22c17790dcd04b296c4a2a089f71895f','jeecg-boot','2019-04-04 17:23:09',NULL,NULL),('9f87677f70e5f864679314389443a3eb','33','2','370285198602058823',NULL,'18611788674','54e739bef5b67569c963c38da52581ec','admin','2019-03-15 16:50:15',NULL,NULL),('a2c2b7101f75c02deb328ba777137897','44','2','370285198602058823',NULL,'18611788674','54e739bef5b67569c963c38da52581ec','admin','2019-03-15 16:50:15',NULL,NULL),('ab4d002dc552c326147e318c87d3bed4','小红1','1','370285198604033222',NULL,'18611755848','9a57c850e4f68cf94ef7d8585dbaf7e6','admin','2020-05-02 18:17:37',NULL,NULL),('ad116f722a438e5f23095a0b5fcc8e89','dr秦风',NULL,NULL,NULL,NULL,'e73434dad84ebdce2d4e0c2a2f06d8ea','jeecg-boot','2019-03-29 18:43:59',NULL,NULL),('b1ba147b75f5eaa48212586097fc3fd1','2',NULL,NULL,NULL,NULL,'54e739bef5b67569c963c38da52581ec','admin','2019-03-15 16:50:15',NULL,NULL),('b43bf432c251f0e6b206e403b8ec29bc','lisi',NULL,NULL,NULL,NULL,'f8889aaef6d1bccffd98d2889c0aafb5','jeecg-boot','2019-03-29 18:43:59',NULL,NULL),('bcdd300a7d44c45a66bdaac14903c801','33',NULL,NULL,NULL,NULL,'54e739bef5b67569c963c38da52581ec','admin','2019-03-15 16:50:15',NULL,NULL),('beb983293e47e2dc1a9b3d649aa3eb34','ddd3',NULL,NULL,NULL,NULL,'d908bfee3377e946e59220c4a4eb414a','admin','2019-04-01 16:27:03',NULL,NULL),('c219808196406f1b8c7f1062589de4b5','44','1','370285198602058823',NULL,'18611788674','54e739bef5b67569c963c38da52581ec','admin','2019-03-15 16:50:15',NULL,NULL),('c8ed061d4b27c0c7a64e100f2b1c8ab5','张经理','2','370285198602058823',NULL,'18611788674','54e739bef5b67569c963c38da52581ec','admin','2019-03-15 16:50:15',NULL,NULL),('cc5de4af7f06cd6d250965ebe92a0395','1',NULL,NULL,NULL,NULL,'54e739bef5b67569c963c38da52581ec','admin','2019-03-15 16:50:15',NULL,NULL),('cf8817bd703bf7c7c77a2118edc26cc7','1',NULL,NULL,NULL,NULL,'54e739bef5b67569c963c38da52581ec','admin','2019-03-15 16:50:15',NULL,NULL),('d72b26fae42e71270fce2097a88da58a','导入scott',NULL,'www',NULL,NULL,'3a867ebf2cebce9bae3f79676d8d86f3','jeecg-boot','2019-03-29 18:43:59','admin','2019-04-08 17:35:05'),('dbdc60a6ac1a8c43f24afee384039b68','xiaowang',NULL,NULL,NULL,NULL,'f8889aaef6d1bccffd98d2889c0aafb5','jeecg-boot','2019-03-29 18:43:59',NULL,NULL),('dc5883b50466de94d900919ed96d97af','33','1','370285198602058823',NULL,'18611788674','54e739bef5b67569c963c38da52581ec','admin','2019-03-15 16:50:15',NULL,NULL),('deeb73e553ad8dc0a0b3cfd5a338de8e','3333',NULL,NULL,NULL,NULL,'54e739bef5b67569c963c38da52581ec','admin','2019-03-15 16:50:15',NULL,NULL),('e2570278bf189ac05df3673231326f47','1',NULL,NULL,NULL,NULL,'54e739bef5b67569c963c38da52581ec','admin','2019-03-15 16:50:15',NULL,NULL),('e39cb23bb950b2bdedfc284686c6128a','1',NULL,NULL,NULL,NULL,'54e739bef5b67569c963c38da52581ec','admin','2019-03-15 16:50:15',NULL,NULL),('e46fe9111a9100844af582a18a2aa402','1',NULL,NULL,NULL,NULL,'54e739bef5b67569c963c38da52581ec','admin','2019-03-15 16:50:15',NULL,NULL),('ee7af0acb9beb9bf8d8b3819a8a7fdc3','2',NULL,NULL,NULL,NULL,'54e739bef5b67569c963c38da52581ec','admin','2019-03-15 16:50:15',NULL,NULL),('f5d2605e844192d9e548f9bd240ac908','小张',NULL,'370285198602058211',NULL,'18611788676','6a719071a29927a14f19482f8693d69a','jeecg-boot','2019-03-29 18:43:59',NULL,NULL),('f6db6547382126613a3e46e7cd58a5f2','导入scott',NULL,NULL,NULL,NULL,'a2cce75872cc8fcc47f78de9ffd378c2','jeecg-boot','2019-03-29 18:43:59',NULL,NULL);

#
# Structure for table "jeecg_order_main"
#

DROP TABLE IF EXISTS `jeecg_order_main`;
CREATE TABLE `jeecg_order_main` (
  `id` varchar(32) NOT NULL COMMENT '主键',
  `order_code` varchar(50) DEFAULT NULL COMMENT '订单号',
  `ctype` varchar(500) DEFAULT NULL COMMENT '订单类型',
  `order_date` datetime DEFAULT NULL COMMENT '订单日期',
  `order_money` double(10,3) DEFAULT NULL COMMENT '订单金额',
  `content` varchar(500) DEFAULT NULL COMMENT '订单备注',
  `create_by` varchar(32) DEFAULT NULL COMMENT '创建人',
  `create_time` datetime DEFAULT NULL COMMENT '创建时间',
  `update_by` varchar(32) DEFAULT NULL COMMENT '修改人',
  `update_time` datetime DEFAULT NULL COMMENT '修改时间',
  PRIMARY KEY (`id`) USING BTREE
) ENGINE=InnoDB DEFAULT CHARSET=utf8 ROW_FORMAT=DYNAMIC;

#
# Data for table "jeecg_order_main"
#

INSERT INTO `jeecg_order_main` VALUES ('163e2efcbc6d7d54eb3f8a137da8a75a','B100',NULL,NULL,3000.000,NULL,'jeecg-boot','2019-03-29 18:43:59',NULL,NULL),('3a867ebf2cebce9bae3f79676d8d86f3','导入B100','2222',NULL,3000.000,NULL,'jeecg-boot','2019-03-29 18:43:59','admin','2019-04-08 17:35:13'),('4cba137333127e8e31df7ad168cc3732','青岛订单A0001','2','2019-04-03 10:56:07',NULL,NULL,'admin','2019-04-03 10:56:11',NULL,NULL),('54e739bef5b67569c963c38da52581ec','NC911','1','2019-02-18 09:58:51',40.000,NULL,'admin','2019-02-18 09:58:47','admin','2019-02-18 09:58:59'),('6a719071a29927a14f19482f8693d69a','c100',NULL,NULL,5000.000,NULL,'jeecg-boot','2019-03-29 18:43:59',NULL,NULL),('8ab1186410a65118c4d746eb085d3bed','导入400','1','2019-02-18 09:58:51',40.000,NULL,'admin','2019-02-18 09:58:47','admin','2019-02-18 09:58:59'),('9a57c850e4f68cf94ef7d8585dbaf7e6','halou001','1','2019-04-04 17:30:32',500.000,NULL,'admin','2019-04-04 17:30:41','admin','2020-05-02 18:17:36'),('a2cce75872cc8fcc47f78de9ffd378c2','导入B100',NULL,NULL,3000.000,NULL,'jeecg-boot','2019-03-29 18:43:59',NULL,NULL),('b190737bd04cca8360e6f87c9ef9ec4e','B0018888','1',NULL,NULL,NULL,'admin','2019-02-15 18:39:29','admin','2020-05-02 18:15:09'),('d908bfee3377e946e59220c4a4eb414a','SSSS001',NULL,NULL,599.000,NULL,'admin','2019-04-01 15:43:03','admin','2019-04-01 16:26:52'),('e73434dad84ebdce2d4e0c2a2f06d8ea','导入200',NULL,NULL,3000.000,NULL,'jeecg-boot','2019-03-29 18:43:59',NULL,NULL),('eb13ab35d2946a2b0cfe3452bca1e73f','BJ9980','1',NULL,90.000,NULL,'admin','2019-02-16 17:36:42','admin','2019-02-16 17:46:16'),('f71f7f8930b5b6b1703d9948d189982b','BY911',NULL,'2019-04-06 19:08:39',NULL,NULL,'admin','2019-04-01 16:36:02','admin','2019-04-01 16:36:08'),('f8889aaef6d1bccffd98d2889c0aafb5','A100',NULL,'2018-10-10 00:00:00',6000.000,NULL,'jeecg-boot','2019-03-29 18:43:59',NULL,NULL);

#
# Structure for table "jeecg_order_ticket"
#

DROP TABLE IF EXISTS `jeecg_order_ticket`;
CREATE TABLE `jeecg_order_ticket` (
  `id` varchar(32) NOT NULL COMMENT '主键',
  `ticket_code` varchar(100) NOT NULL COMMENT '航班号',
  `tickect_date` datetime DEFAULT NULL COMMENT '航班时间',
  `order_id` varchar(32) NOT NULL COMMENT '外键',
  `create_by` varchar(32) DEFAULT NULL COMMENT '创建人',
  `create_time` datetime DEFAULT NULL COMMENT '创建时间',
  `update_by` varchar(32) DEFAULT NULL COMMENT '修改人',
  `update_time` datetime DEFAULT NULL COMMENT '修改时间',
  PRIMARY KEY (`id`) USING BTREE
) ENGINE=InnoDB DEFAULT CHARSET=utf8 ROW_FORMAT=DYNAMIC;

#
# Data for table "jeecg_order_ticket"
#

INSERT INTO `jeecg_order_ticket` VALUES ('0f0e3a40a215958f807eea08a6e1ac0a','88',NULL,'54e739bef5b67569c963c38da52581ec','admin','2019-03-15 16:50:15',NULL,NULL),('0fa3bd0bbcf53650c0bb3c0cac6d8cb7','ffff','2019-02-21 00:00:00','eb13ab35d2946a2b0cfe3452bca1e73f','admin','2019-02-25 16:29:41',NULL,NULL),('1256527640543735810','222','2019-02-23 00:00:00','b190737bd04cca8360e6f87c9ef9ec4e','admin','2020-05-02 18:15:09',NULL,NULL),('1256527640560513025','111','2019-02-01 00:00:00','b190737bd04cca8360e6f87c9ef9ec4e','admin','2020-05-02 18:15:09',NULL,NULL),('14221afb4f5f749c1deef26ac56fdac3','33','2019-03-09 00:00:00','54e739bef5b67569c963c38da52581ec','admin','2019-03-15 16:50:15',NULL,NULL),('15538561502730','222',NULL,'0d4a2e67b538ee1bc881e5ed34f670f0','jeecg-boot','2019-03-29 18:42:55',NULL,NULL),('15538561526461','2244','2019-03-29 00:00:00','0d4a2e67b538ee1bc881e5ed34f670f0','jeecg-boot','2019-03-29 18:42:55','admin','2019-03-29 18:43:26'),('15541168478913','hhhhh',NULL,'f71f7f8930b5b6b1703d9948d189982b','admin','2019-04-01 19:08:45',NULL,NULL),('18905bc89ee3851805aab38ed3b505ec','44',NULL,'54e739bef5b67569c963c38da52581ec','admin','2019-03-15 16:50:15',NULL,NULL),('1f809cbd26f4e574697e1c10de575d72','A100',NULL,'e73434dad84ebdce2d4e0c2a2f06d8ea','jeecg-boot','2019-03-29 18:43:59',NULL,NULL),('21051adb51529bdaa8798b5a3dd7f7f7','C10029','2019-02-20 00:00:00','54e739bef5b67569c963c38da52581ec','admin','2019-03-15 16:50:15',NULL,NULL),('269576e766b917f8b6509a2bb0c4d4bd','A100',NULL,'163e2efcbc6d7d54eb3f8a137da8a75a','jeecg-boot','2019-03-29 18:43:59',NULL,NULL),('2d473ffc79e5b38a17919e15f8b7078e','66','2019-03-29 00:00:00','54e739bef5b67569c963c38da52581ec','admin','2019-03-15 16:50:15',NULL,NULL),('3655b66fca5fef9c6aac6d70182ffda2','AA123','2019-04-01 00:00:00','d908bfee3377e946e59220c4a4eb414a','admin','2019-04-01 16:27:03',NULL,NULL),('365d5919155473ade45840fd626c51a9','dddd','2019-04-04 17:25:29','8ab1186410a65118c4d746eb085d3bed','admin','2019-04-04 17:25:33',NULL,NULL),('4889a782e78706ab4306a925cfb163a5','C34','2019-04-01 00:00:00','d908bfee3377e946e59220c4a4eb414a','admin','2019-04-01 16:35:00','admin','2019-04-01 16:35:07'),('48d385796382cf87fa4bdf13b42d9a28','导入A100',NULL,'3a867ebf2cebce9bae3f79676d8d86f3','jeecg-boot','2019-03-29 18:43:59',NULL,NULL),('541faed56efbeb4be9df581bd8264d3a','88',NULL,'54e739bef5b67569c963c38da52581ec','admin','2019-03-15 16:50:15',NULL,NULL),('57a27a7dfd6a48e7d981f300c181b355','6','2019-03-30 00:00:00','54e739bef5b67569c963c38da52581ec','admin','2019-03-15 16:50:15',NULL,NULL),('5ce4dc439c874266e42e6c0ff8dc8b5c','导入A100',NULL,'a2cce75872cc8fcc47f78de9ffd378c2','jeecg-boot','2019-03-29 18:43:59',NULL,NULL),('645a06152998a576c051474157625c41','88','2019-04-04 17:25:31','8ab1186410a65118c4d746eb085d3bed','admin','2019-04-04 17:25:33',NULL,NULL),('6e3562f2571ea9e96b2d24497b5f5eec','55','2019-03-23 00:00:00','54e739bef5b67569c963c38da52581ec','admin','2019-03-15 16:50:15',NULL,NULL),('8fd2b389151568738b1cc4d8e27a6110','导入A100',NULL,'a2cce75872cc8fcc47f78de9ffd378c2','jeecg-boot','2019-03-29 18:43:59',NULL,NULL),('93f1a84053e546f59137432ff5564cac','55',NULL,'54e739bef5b67569c963c38da52581ec','admin','2019-03-15 16:50:15',NULL,NULL),('969ddc5d2e198d50903686917f996470','A10029','2019-04-01 00:00:00','f71f7f8930b5b6b1703d9948d189982b','admin','2019-04-01 19:08:45',NULL,NULL),('96e7303a8d22a5c384e08d7bcf7ac2bf','A100',NULL,'e73434dad84ebdce2d4e0c2a2f06d8ea','jeecg-boot','2019-03-29 18:43:59',NULL,NULL),('9e8a3336f6c63f558f2b68ce2e1e666e','深圳1001','2020-05-02 00:00:00','9a57c850e4f68cf94ef7d8585dbaf7e6','admin','2020-05-02 18:17:37',NULL,NULL),('a28db02c810c65660015095cb81ed434','A100',NULL,'f8889aaef6d1bccffd98d2889c0aafb5','jeecg-boot','2019-03-29 18:43:59',NULL,NULL),('b217bb0e4ec6a45b6cbf6db880060c0f','A100',NULL,'6a719071a29927a14f19482f8693d69a','jeecg-boot','2019-03-29 18:43:59',NULL,NULL),('ba708df70bb2652ed1051a394cfa0bb3','333',NULL,'54e739bef5b67569c963c38da52581ec','admin','2019-03-15 16:50:15',NULL,NULL),('beabbfcb195d39bedeeafe8318794562','A1345','2019-04-01 00:00:00','d908bfee3377e946e59220c4a4eb414a','admin','2019-04-01 16:27:04',NULL,NULL),('bf450223cb505f89078a311ef7b6ed16','777','2019-03-30 00:00:00','54e739bef5b67569c963c38da52581ec','admin','2019-03-15 16:50:15',NULL,NULL),('c06165b6603e3e1335db187b3c841eef','北京2001','2020-05-23 00:00:00','9a57c850e4f68cf94ef7d8585dbaf7e6','admin','2020-05-02 18:17:37',NULL,NULL),('c113136abc26ace3a6da4e41d7dc1c7e','44','2019-03-15 00:00:00','54e739bef5b67569c963c38da52581ec','admin','2019-03-15 16:50:15',NULL,NULL),('c1abdc2e30aeb25de13ad6ee3488ac24','77','2019-03-22 00:00:00','54e739bef5b67569c963c38da52581ec','admin','2019-03-15 16:50:15',NULL,NULL),('c23751a7deb44f553ce50a94948c042a','33','2019-03-09 00:00:00','8ab1186410a65118c4d746eb085d3bed','admin','2019-04-04 17:25:33',NULL,NULL),('c64547666b634b3d6a0feedcf05f25ce','C10019','2019-04-01 00:00:00','f71f7f8930b5b6b1703d9948d189982b','admin','2019-04-01 19:08:45',NULL,NULL),('c8b8d3217f37da78dddf711a1f7da485','A100',NULL,'163e2efcbc6d7d54eb3f8a137da8a75a','jeecg-boot','2019-03-29 18:43:59',NULL,NULL),('cab691c1c1ff7a6dfd7248421917fd3c','A100',NULL,'f8889aaef6d1bccffd98d2889c0aafb5','jeecg-boot','2019-03-29 18:43:59',NULL,NULL),('cca10a9a850b456d9b72be87da7b0883','77',NULL,'54e739bef5b67569c963c38da52581ec','admin','2019-03-15 16:50:15',NULL,NULL),('d2fbba11f4814d9b1d3cb1a3f342234a','C10019','2019-02-18 00:00:00','54e739bef5b67569c963c38da52581ec','admin','2019-03-15 16:50:15',NULL,NULL),('dbdb07a16826808e4276e84b2aa4731a','导入A100',NULL,'3a867ebf2cebce9bae3f79676d8d86f3','jeecg-boot','2019-03-29 18:43:59',NULL,NULL),('e7075639c37513afc0bbc4bf7b5d98b9','88',NULL,'54e739bef5b67569c963c38da52581ec','admin','2019-03-15 16:50:15',NULL,NULL),('fa759dc104d0371f8aa28665b323dab6','888',NULL,'54e739bef5b67569c963c38da52581ec','admin','2019-03-15 16:50:15',NULL,NULL),('ff197da84a9a3af53878eddc91afbb2e','33',NULL,'54e739bef5b67569c963c38da52581ec','admin','2019-03-15 16:50:15',NULL,NULL);

#
# Structure for table "jeecg_project_nature_income"
#

DROP TABLE IF EXISTS `jeecg_project_nature_income`;
CREATE TABLE `jeecg_project_nature_income` (
  `id` int(11) NOT NULL AUTO_INCREMENT,
  `nature` varchar(50) NOT NULL COMMENT '项目性质',
  `insurance_fee` decimal(18,2) DEFAULT '0.00' COMMENT '保险经纪佣金费',
  `risk_consulting_fee` decimal(18,2) DEFAULT '0.00' COMMENT '风险咨询费',
  `evaluation_fee` decimal(18,2) DEFAULT '0.00' COMMENT '承保公估评估费',
  `insurance_evaluation_fee` decimal(18,2) DEFAULT '0.00' COMMENT '保险公估费',
  `bidding_consulting_fee` decimal(18,2) DEFAULT '0.00' COMMENT '投标咨询费',
  `interol_consulting_fee` decimal(18,2) DEFAULT '0.00' COMMENT '内控咨询费',
  PRIMARY KEY (`id`) USING BTREE
) ENGINE=InnoDB AUTO_INCREMENT=9 DEFAULT CHARSET=utf8 ROW_FORMAT=DYNAMIC;

#
# Data for table "jeecg_project_nature_income"
#

INSERT INTO `jeecg_project_nature_income` VALUES (1,'市场化-电商业务',4865.41,0.00,0.00,0.00,0.00,0.00),(2,'统筹型',35767081.88,0.00,0.00,0.00,0.00,0.00),(3,'市场化-非股东',1487045.35,0.00,0.00,0.00,0.00,0.00),(4,'市场化-参控股',382690.56,0.00,0.00,0.00,0.00,0.00),(5,'市场化-员工福利',256684.91,0.00,0.00,0.00,0.00,0.00),(6,'市场化-再保险',563451.03,0.00,0.00,0.00,0.00,0.00),(7,'市场化-海外业务',760576.25,770458.75,0.00,0.00,0.00,0.00),(8,'市场化-风险咨询',910183.93,0.00,0.00,0.00,0.00,226415.09);

#
# Structure for table "joa_demo"
#

DROP TABLE IF EXISTS `joa_demo`;
CREATE TABLE `joa_demo` (
  `id` varchar(32) DEFAULT NULL COMMENT 'ID',
  `name` varchar(100) DEFAULT NULL COMMENT '请假人',
  `days` int(11) DEFAULT NULL COMMENT '请假天数',
  `begin_date` datetime DEFAULT NULL COMMENT '开始时间',
  `end_date` datetime DEFAULT NULL COMMENT '请假结束时间',
  `reason` varchar(500) DEFAULT NULL COMMENT '请假原因',
  `bpm_status` varchar(50) DEFAULT '1' COMMENT '流程状态',
  `create_by` varchar(32) DEFAULT NULL COMMENT '创建人id',
  `create_time` datetime DEFAULT NULL COMMENT '创建时间',
  `update_time` datetime DEFAULT NULL COMMENT '修改时间',
  `update_by` varchar(32) DEFAULT NULL COMMENT '修改人id'
) ENGINE=InnoDB DEFAULT CHARSET=utf8 ROW_FORMAT=DYNAMIC COMMENT='流程测试';

#
# Data for table "joa_demo"
#


#
# Structure for table "onl_cgform_button"
#

DROP TABLE IF EXISTS `onl_cgform_button`;
CREATE TABLE `onl_cgform_button` (
  `id` varchar(32) NOT NULL COMMENT '主键ID',
  `button_code` varchar(50) DEFAULT NULL COMMENT '按钮编码',
  `button_icon` varchar(20) DEFAULT NULL COMMENT '按钮图标',
  `button_name` varchar(50) DEFAULT NULL COMMENT '按钮名称',
  `button_status` varchar(2) DEFAULT NULL COMMENT '按钮状态',
  `button_style` varchar(20) DEFAULT NULL COMMENT '按钮样式',
  `exp` varchar(255) DEFAULT NULL COMMENT '表达式',
  `cgform_head_id` varchar(32) DEFAULT NULL COMMENT '表单ID',
  `opt_type` varchar(20) DEFAULT NULL COMMENT '按钮类型',
  `order_num` int(11) DEFAULT NULL COMMENT '排序',
  `opt_position` varchar(3) DEFAULT NULL COMMENT '按钮位置1侧面 2底部',
  PRIMARY KEY (`id`) USING BTREE,
  KEY `index_formid` (`cgform_head_id`) USING BTREE,
  KEY `index_button_code` (`button_code`) USING BTREE,
  KEY `index_button_status` (`button_status`) USING BTREE,
  KEY `index_button_order` (`order_num`) USING BTREE
) ENGINE=InnoDB DEFAULT CHARSET=utf8 ROW_FORMAT=DYNAMIC COMMENT='Online表单自定义按钮';

#
# Data for table "onl_cgform_button"
#

INSERT INTO `onl_cgform_button` VALUES ('a45bc1c6fba96be6b0c91ffcdd6b54aa','genereate_person_config','icon-edit','生成配置','1','link',NULL,'e2faf977fdaf4b25a524f58c2441a51c','js',NULL,'2'),('cc1d12de57a1a41d3986ed6d13e3ac11','链接按钮测试','icon-edit','自定义link','1','link',NULL,'d35109c3632c4952a19ecc094943dd71','js',NULL,'2'),('ebcc48ef0bde4433a6faf940a5e170c1','button按钮测试','icon-edit','自定义button','1','button',NULL,'d35109c3632c4952a19ecc094943dd71','js',NULL,'2');

#
# Structure for table "onl_cgform_enhance_java"
#

DROP TABLE IF EXISTS `onl_cgform_enhance_java`;
CREATE TABLE `onl_cgform_enhance_java` (
  `id` varchar(36) NOT NULL,
  `button_code` varchar(32) DEFAULT NULL COMMENT '按钮编码',
  `cg_java_type` varchar(32) NOT NULL COMMENT '类型',
  `cg_java_value` varchar(200) NOT NULL COMMENT '数值',
  `cgform_head_id` varchar(32) NOT NULL COMMENT '表单ID',
  `active_status` varchar(2) DEFAULT '1' COMMENT '生效状态',
  `event` varchar(10) NOT NULL DEFAULT 'end' COMMENT '事件状态(end:结束，start:开始)',
  PRIMARY KEY (`id`) USING BTREE,
  KEY `index_fmid` (`cgform_head_id`) USING BTREE,
  KEY `index_buttoncode` (`button_code`) USING BTREE,
  KEY `index_status` (`active_status`) USING BTREE
) ENGINE=InnoDB DEFAULT CHARSET=utf8 ROW_FORMAT=DYNAMIC;

#
# Data for table "onl_cgform_enhance_java"
#


#
# Structure for table "onl_cgform_enhance_js"
#

DROP TABLE IF EXISTS `onl_cgform_enhance_js`;
CREATE TABLE `onl_cgform_enhance_js` (
  `id` varchar(32) NOT NULL COMMENT '主键ID',
  `cg_js` longtext COMMENT 'JS增强内容',
  `cg_js_type` varchar(20) DEFAULT NULL COMMENT '类型',
  `content` varchar(1000) DEFAULT NULL COMMENT '备注',
  `cgform_head_id` varchar(32) DEFAULT NULL COMMENT '表单ID',
  PRIMARY KEY (`id`) USING BTREE,
  KEY `index_fmid` (`cgform_head_id`) USING BTREE,
  KEY `index_jstype` (`cg_js_type`) USING BTREE
) ENGINE=InnoDB DEFAULT CHARSET=utf8 ROW_FORMAT=DYNAMIC;

#
# Data for table "onl_cgform_enhance_js"
#

INSERT INTO `onl_cgform_enhance_js` VALUES ('274b5d741a0262d3411958f0c465c5f0','genereate_person_config(row){\nconsole.log(\'选择\',row)\nalert(row.name + \'，个人积分配置生成成功！\');\n}','list',NULL,'e2faf977fdaf4b25a524f58c2441a51c'),('2cbaf25f1edb620bea2d8de07f8233a1','air_china_post_materiel_item_onlChange(){\n    return {\n        wl_name(){\n           \n            let id = event.row.id\n            let cnum = event.row.num\n            let value = event.value\n            let targrt = event.target\n            let columnKey = event.column.key\n           let nval = 200*cnum\n           console.log(\'row\',event.row);\n           console.log(\'cnum\',cnum);\n           let otherValues = {\'jifen\': nval}\n              \n                that.triggleChangeValues(targrt,id,otherValues)\n\n        }\n    }\n}','form',NULL,'e67d26b610dd414c884c4dbb24e71ce3'),('35d4ef464e5e8c87c9aa82ea89215fc1','','list',NULL,'e67d26b610dd414c884c4dbb24e71ce3'),('44cad4eec436328ed3cc134855f8d1d5',' onlChange(){\n   return {\n    name(that, event) {\n      that.executeMainFillRule()\n    }\n  }\n }','form',NULL,'4adec929a6594108bef5b35ee9966e9f'),('90394fbc3d48978cc0937bc56f2d5370','','list',NULL,'deea5a8ec619460c9245ba85dbc59e80'),('beec235f0b2d633ff3a6c395affdf59d','','list',NULL,'4adec929a6594108bef5b35ee9966e9f');

#
# Structure for table "onl_cgform_enhance_sql"
#

DROP TABLE IF EXISTS `onl_cgform_enhance_sql`;
CREATE TABLE `onl_cgform_enhance_sql` (
  `id` varchar(32) NOT NULL COMMENT '主键ID',
  `button_code` varchar(50) DEFAULT NULL COMMENT '按钮编码',
  `cgb_sql` longtext COMMENT 'SQL内容',
  `cgb_sql_name` varchar(50) DEFAULT NULL COMMENT 'Sql名称',
  `content` varchar(1000) DEFAULT NULL COMMENT '备注',
  `cgform_head_id` varchar(32) DEFAULT NULL COMMENT '表单ID',
  PRIMARY KEY (`id`) USING BTREE,
  KEY `index_formid` (`cgform_head_id`) USING BTREE
) ENGINE=InnoDB DEFAULT CHARSET=utf8 ROW_FORMAT=DYNAMIC;

#
# Data for table "onl_cgform_enhance_sql"
#

INSERT INTO `onl_cgform_enhance_sql` VALUES ('5ab418a13fd0bbf30ee9dd04203f3c28','add','',NULL,'','4adec929a6594108bef5b35ee9966e9f');

#
# Structure for table "onl_cgform_field"
#

DROP TABLE IF EXISTS `onl_cgform_field`;
CREATE TABLE `onl_cgform_field` (
  `id` varchar(32) NOT NULL COMMENT '主键ID',
  `cgform_head_id` varchar(32) NOT NULL COMMENT '表ID',
  `db_field_name` varchar(32) NOT NULL COMMENT '字段名字',
  `db_field_txt` varchar(200) DEFAULT NULL COMMENT '字段备注',
  `db_field_name_old` varchar(32) DEFAULT NULL COMMENT '原字段名',
  `db_is_key` tinyint(1) DEFAULT NULL COMMENT '是否主键 0否 1是',
  `db_is_null` tinyint(1) DEFAULT NULL COMMENT '是否允许为空0否 1是',
  `db_type` varchar(32) NOT NULL COMMENT '数据库字段类型',
  `db_length` int(11) NOT NULL COMMENT '数据库字段长度',
  `db_point_length` int(11) DEFAULT NULL COMMENT '小数点',
  `db_default_val` varchar(20) DEFAULT NULL COMMENT '表字段默认值',
  `dict_field` varchar(100) DEFAULT NULL COMMENT '字典code',
  `dict_table` varchar(255) DEFAULT NULL COMMENT '字典表',
  `dict_text` varchar(100) DEFAULT NULL COMMENT '字典Text',
  `field_show_type` varchar(10) DEFAULT NULL COMMENT '表单控件类型',
  `field_href` varchar(200) DEFAULT NULL COMMENT '跳转URL',
  `field_length` int(11) DEFAULT NULL COMMENT '表单控件长度',
  `field_valid_type` varchar(300) DEFAULT NULL COMMENT '表单字段校验规则',
  `field_must_input` varchar(2) DEFAULT NULL COMMENT '字段是否必填',
  `field_extend_json` varchar(500) DEFAULT NULL COMMENT '扩展参数JSON',
  `field_default_value` varchar(100) DEFAULT NULL COMMENT '控件默认值，不同的表达式展示不同的结果。\r\n1. 纯字符串直接赋给默认值；\r\n2. #{普通变量}；\r\n3. {{ 动态JS表达式 }}；\r\n4. ${填值规则编码}；\r\n填值规则表达式只允许存在一个，且不能和其他规则混用。',
  `is_query` tinyint(1) DEFAULT NULL COMMENT '是否查询条件0否 1是',
  `is_show_form` tinyint(1) DEFAULT NULL COMMENT '表单是否显示0否 1是',
  `is_show_list` tinyint(1) DEFAULT NULL COMMENT '列表是否显示0否 1是',
  `is_read_only` tinyint(1) DEFAULT '0' COMMENT '是否是只读（1是 0否）',
  `query_mode` varchar(10) DEFAULT NULL COMMENT '查询模式',
  `main_table` varchar(100) DEFAULT NULL COMMENT '外键主表名',
  `main_field` varchar(100) DEFAULT NULL COMMENT '外键主键字段',
  `order_num` int(11) DEFAULT NULL COMMENT '排序',
  `update_by` varchar(32) DEFAULT NULL COMMENT '修改人',
  `update_time` datetime DEFAULT NULL COMMENT '修改时间',
  `create_time` datetime DEFAULT NULL COMMENT '创建时间',
  `create_by` varchar(255) DEFAULT NULL COMMENT '创建人',
  `converter` varchar(255) DEFAULT NULL COMMENT '自定义值转换器',
  `query_def_val` varchar(50) DEFAULT NULL COMMENT '查询默认值',
  `query_dict_text` varchar(100) DEFAULT NULL COMMENT '查询配置字典text',
  `query_dict_field` varchar(100) DEFAULT NULL COMMENT '查询配置字典code',
  `query_dict_table` varchar(500) DEFAULT NULL COMMENT '查询配置字典table',
  `query_show_type` varchar(50) DEFAULT NULL COMMENT '查询显示控件',
  `query_config_flag` varchar(3) DEFAULT NULL COMMENT '是否启用查询配置1是0否',
  `query_valid_type` varchar(50) DEFAULT NULL COMMENT '查询字段校验类型',
  `query_must_input` varchar(3) DEFAULT NULL COMMENT '查询字段是否必填1是0否',
  `sort_flag` varchar(3) DEFAULT NULL COMMENT '是否支持排序1是0否',
  PRIMARY KEY (`id`) USING BTREE,
  KEY `inex_table_id` (`cgform_head_id`) USING BTREE
) ENGINE=InnoDB DEFAULT CHARSET=utf8 ROW_FORMAT=DYNAMIC;

#
# Data for table "onl_cgform_field"
#

INSERT INTO `onl_cgform_field` VALUES ('0021c969dc23a9150d6f70a13b52e73e','402860816aa5921f016aa5921f480000','begin_date','开始时间','begin_date',0,1,'Date',0,0,'','','','','date','',120,NULL,'0','','',0,1,1,0,'group','','',4,'admin','2019-05-11 15:31:54','2019-05-11 14:26:19','admin',NULL,NULL,NULL,NULL,NULL,NULL,NULL,NULL,NULL,NULL),('020c1622c3df0aef30185f57874f6959','79091e8277c744158530321513119c68','bpm_status','流程状态',NULL,0,1,'String',32,0,'1','bpm_status','','','text','',120,NULL,'0','','',0,0,1,0,'single','','',8,'admin','2019-05-11 15:29:47','2019-05-11 15:29:26','admin',NULL,NULL,NULL,NULL,NULL,NULL,NULL,NULL,NULL,NULL),('02b20e692456403e2fed1a89a06833b4','402860816bff91c0016bff91d2810005','phone','联系方式','phone',0,1,'string',20,0,'','','','','text','',120,NULL,'0','','',0,1,1,0,'group','','',8,'admin','2019-07-19 18:05:55','2019-07-17 18:54:35','admin',NULL,NULL,NULL,NULL,NULL,NULL,NULL,NULL,NULL,NULL),('03668009f0ad92b20abb1a377197ee47','deea5a8ec619460c9245ba85dbc59e80','order_fk_id','订单外键ID',NULL,0,0,'String',32,0,'','','','','text','',120,NULL,'0','','',0,0,0,0,'single','test_order_main','id',10,'admin','2020-05-03 01:01:18','2019-04-20 11:42:53','admin','','','','','',NULL,'0',NULL,NULL,'0'),('03709092184fdf4a66b0cdb4dd10a159','402860816bff91c0016bffa220a9000b','bpm_status','流程状态',NULL,0,1,'String',32,0,'1','','','','text','',120,NULL,'0','','',0,1,1,0,'single','','',46,'admin','2019-07-22 16:15:32','2019-07-19 15:34:44','admin',NULL,NULL,NULL,NULL,NULL,NULL,NULL,NULL,NULL,NULL),('03988419d751a330c2b0f0519a531880','997ee931515a4620bc30a9c1246429a9','create_time','创建日期',NULL,0,1,'Date',20,0,'','','','','datetime','',120,NULL,'0','','',0,0,0,0,'single','','',3,'admin','2020-05-03 00:57:44','2020-05-03 00:56:56','admin','','','','','',NULL,'0',NULL,NULL,'0'),('03c105d2706c8286416833684de67406','79091e8277c744158530321513119c68','create_by','创建人',NULL,0,1,'string',50,0,'','','','','text','',120,NULL,'0','','',0,0,0,0,'single','','',2,'admin','2019-05-11 15:29:47','2019-05-11 15:27:17','admin',NULL,NULL,NULL,NULL,NULL,NULL,NULL,NULL,NULL,NULL),('03fd5ab69f331ff760c3f7d86b4a93f8','4028318169e81b970169e81b97650000','log_content','日志内容','log_content',0,1,'string',1000,0,NULL,NULL,NULL,NULL,'text',NULL,120,NULL,'0',NULL,NULL,0,1,1,0,'group',NULL,NULL,3,NULL,NULL,'2019-04-04 19:28:36','admin',NULL,NULL,NULL,NULL,NULL,NULL,NULL,NULL,NULL,NULL),('045eb432c418b2b103b1e1b8e8a8a75d','fb7125a344a649b990c12949945cb6c1','age','年龄',NULL,0,1,'int',32,0,'','','','','text','',120,'','0','','',0,1,1,0,'single','','',NULL,NULL,NULL,'2019-03-26 19:24:11','admin',NULL,NULL,NULL,NULL,NULL,NULL,NULL,NULL,NULL,NULL),('04e4185a503e6aaaa31c243829ff4ac7','d35109c3632c4952a19ecc094943dd71','birthday','生日',NULL,0,1,'Date',32,0,'','','','','date','',120,'','0','','',0,1,1,0,'single','','',9,'admin','2020-02-24 17:29:16','2019-03-15 14:24:35','admin',NULL,NULL,NULL,NULL,NULL,NULL,NULL,NULL,NULL,NULL),('04ff134cb4aae845059e10b3b85f1451','7ea60a25fa27470e9080d6a921aabbd1','update_time','更新日期',NULL,0,1,'Date',20,0,'','','','','datetime','',120,NULL,'0','','',0,0,0,0,'single','','',5,NULL,NULL,'2019-04-17 00:22:21','admin',NULL,NULL,NULL,NULL,NULL,NULL,NULL,NULL,NULL,NULL),('051dd70c504c97a028daab2af261ea35','1acb6f81a1d9439da6cc4e868617b565','update_time','更新日期',NULL,0,1,'Date',20,0,'','','','','datetime','',120,NULL,'0','','',0,0,0,0,'single','','',5,'admin','2019-06-10 14:47:14','2019-04-23 22:58:19','admin',NULL,NULL,NULL,NULL,NULL,NULL,NULL,NULL,NULL,NULL),('052dcc6f34976b66754fd99415bd22ce','79091e8277c744158530321513119c68','update_time','更新日期',NULL,0,1,'Date',20,0,'','','','','datetime','',120,NULL,'0','','',0,0,0,0,'single','','',5,'admin','2019-05-11 15:29:47','2019-05-11 15:27:17','admin',NULL,NULL,NULL,NULL,NULL,NULL,NULL,NULL,NULL,NULL),('054db05394e83b318f097a60bc044134','402860816bff91c0016bffa220a9000b','residence_address','户籍地址','residence_address',0,1,'string',200,0,'','','','','text','',120,NULL,'0','','',0,1,1,0,'group','','',28,'admin','2019-07-22 16:15:32','2019-07-17 19:12:24','admin',NULL,NULL,NULL,NULL,NULL,NULL,NULL,NULL,NULL,NULL),('05dbdd8d9f0f84c8504faa6f24c7d4ac','402880eb71d61d3d0171d61d3de30000','update_time','更新日期',NULL,0,1,'Date',20,0,'','','','','datetime','',120,NULL,'0','','',0,0,0,0,'single','','',9,'admin','2020-05-03 00:54:16','2020-05-02 23:59:33','admin','','','','','','text','0',NULL,NULL,'0'),('05ed6a78a2e9d0c82bfa2c55898570b8','997ee931515a4620bc30a9c1246429a9','id','主键',NULL,1,0,'string',36,0,'','','','','text','',120,NULL,'0','','',0,0,0,1,'single','','',1,'admin','2020-05-03 00:57:44','2020-05-03 00:56:56','admin','','','','','',NULL,'0',NULL,NULL,'0'),('0604945c206e867644e9a44b4c9b20c6','fb19fb067cd841f9ae93d4eb3b883dc0','2','4',NULL,0,1,'string',32,0,'','','','','text','',120,'','0','','',0,1,1,0,'single','','',5,NULL,NULL,'2019-03-23 11:39:48','admin',NULL,NULL,NULL,NULL,NULL,NULL,NULL,NULL,NULL,NULL),('0617de6d735b37a3f80f2f35ad5d1511','4028839a6de2ebd3016de2ebd3870000','size_type','尺码类型','size_type',0,1,'string',2,0,NULL,NULL,NULL,NULL,'text',NULL,120,NULL,'0',NULL,NULL,0,1,1,0,'group',NULL,NULL,13,NULL,NULL,'2019-10-19 15:29:30','admin',NULL,NULL,NULL,NULL,NULL,NULL,NULL,NULL,NULL,NULL),('0619dfc3fbf9e193534bb3460a1a9d92','cb2d8534a2f544bc9c618dd49da66336','id','主键',NULL,1,0,'string',36,0,'','','','','text','',120,NULL,'0','','',0,0,0,1,'single','','',1,'admin','2020-02-24 17:22:42','2020-02-24 15:15:13','admin',NULL,NULL,NULL,NULL,NULL,NULL,NULL,NULL,NULL,NULL),('06a1badae6119abf4ec48858a3e94e1c','402860816bff91c0016bffa220a9000b','sys_org_code','组织机构编码','sys_org_code',0,1,'string',50,0,'','','','','text','',120,NULL,'0','','',0,1,1,0,'group','','',43,'admin','2019-07-22 16:15:32','2019-07-17 19:12:24','admin',NULL,NULL,NULL,NULL,NULL,NULL,NULL,NULL,NULL,NULL),('06f1cfff58395ff62526b894f6182641','e67d26b610dd414c884c4dbb24e71ce3','create_by','创建人',NULL,0,1,'string',50,0,'','','','','text','',120,NULL,'0','','',0,0,0,0,'single','','',2,'admin','2019-04-24 11:03:32','2019-04-24 11:02:57','admin',NULL,NULL,NULL,NULL,NULL,NULL,NULL,NULL,NULL,NULL),('07a307972076a392ffc61b11437f89dd','402860816bff91c0016bff91c0cb0000','create_time','创建时间','create_time',0,1,'Date',0,0,'','','','','date','',120,NULL,'0','','',0,1,1,0,'group','','',13,'admin','2019-07-19 18:09:01','2019-07-17 18:54:32','admin',NULL,NULL,NULL,NULL,NULL,NULL,NULL,NULL,NULL,NULL),('07f4776fd641389a8c98a85713990dce','402860816bff91c0016bff91c0cb0000','update_by','更新人','update_by',0,1,'string',100,0,'','','','','text','',120,NULL,'0','','',0,1,1,0,'group','','',14,'admin','2019-07-19 18:09:01','2019-07-17 18:54:32','admin',NULL,NULL,NULL,NULL,NULL,NULL,NULL,NULL,NULL,NULL),('09450359eb90b40d224ec43588a62f9e','402860816bff91c0016bff91c0cb0000','user_id','用户ID','user_id',0,1,'string',32,0,'','','','','text','',120,NULL,'0','','',0,1,1,0,'group','','',3,'admin','2019-07-19 18:09:01','2019-07-17 18:54:32','admin',NULL,NULL,NULL,NULL,NULL,NULL,NULL,NULL,NULL,NULL),('0a453a63e33654aa1b9ee2affa854a6d','4fb8e12a697f4d5bbe9b9fb1e9009486','create_by','创建人',NULL,0,1,'string',50,0,'','','','','text','',120,NULL,'0','','',0,0,0,0,'single','','',6,'admin','2020-04-10 19:51:27','2020-04-10 19:47:01','admin','','','','','',NULL,'0',NULL,NULL,'0'),('0a4cdcb7e54f614ab952024f6c72bb6d','beee191324fd40c1afec4fda18bd9d47','update_time','更新日期',NULL,0,1,'Date',20,0,'','','','','datetime','',120,NULL,'0','','',0,0,0,0,'single','','',5,'admin','2019-04-13 13:41:13','2019-04-13 13:40:56','admin',NULL,NULL,NULL,NULL,NULL,NULL,NULL,NULL,NULL,NULL),('0adc06d9b497684bcbb5a781e044517c','1acb6f81a1d9439da6cc4e868617b565','supplier','供应商',NULL,0,1,'String',32,0,'','air_china_ supplier','','','list','',120,NULL,'0','','',0,1,1,0,'single','','',15,'admin','2019-06-10 14:47:14','2019-04-24 16:52:00','admin',NULL,NULL,NULL,NULL,NULL,NULL,NULL,NULL,NULL,NULL),('0b3e833ac4aae3a13ec2f8ae460708f8','4028839a6de2ebd3016de2ebd3870000','no','预算表序号','no',0,1,'string',50,0,NULL,NULL,NULL,NULL,'text',NULL,120,NULL,'0',NULL,NULL,0,1,1,0,'group',NULL,NULL,8,NULL,NULL,'2019-10-19 15:29:30','admin',NULL,NULL,NULL,NULL,NULL,NULL,NULL,NULL,NULL,NULL),('0ba1bf74e2a6a94a7a63010ec7230706','402860816bff91c0016bffa220a9000b','update_time','更新时间','update_time',0,1,'Date',0,0,'','','','','date','',120,NULL,'0','','',0,1,1,0,'group','','',42,'admin','2019-07-22 16:15:32','2019-07-17 19:12:24','admin',NULL,NULL,NULL,NULL,NULL,NULL,NULL,NULL,NULL,NULL),('0c34ebfe2e2a619d42db13f93d2a2d40','b81de38db24047b497d476516f8a0865','create_time','创建日期',NULL,0,1,'Date',20,0,'','','','','datetime','',120,NULL,'0','','',0,0,0,0,'single','','',3,NULL,NULL,'2020-02-24 14:56:08','admin',NULL,NULL,NULL,NULL,NULL,NULL,NULL,NULL,NULL,NULL),('0cba94f0497d4d3d829fc573f58eff9f','402860816bff91c0016bffa220a9000b','graduation_time','毕业时间','graduation_time',0,1,'Date',0,0,'','','','','date','',120,NULL,'0','','',0,1,1,0,'group','','',16,'admin','2019-07-22 16:15:32','2019-07-17 19:12:24','admin',NULL,NULL,NULL,NULL,NULL,NULL,NULL,NULL,NULL,NULL),('0d00c51a4ddad2598a587fadc968a8b2','402860816bff91c0016bff91cfea0004','sys_org_code','组织机构编码','sys_org_code',0,1,'string',50,0,'','','','','text','',120,NULL,'0','','',0,1,1,0,'group','','',13,'admin','2019-07-19 18:05:13','2019-07-17 18:54:35','admin',NULL,NULL,NULL,NULL,NULL,NULL,NULL,NULL,NULL,NULL),('0ddd0c0afc967a9ab6050401ca62a4be','e67d26b610dd414c884c4dbb24e71ce3','create_time','创建日期',NULL,0,1,'Date',20,0,'','','','','datetime','',120,NULL,'0','','',0,0,0,0,'single','','',3,'admin','2019-04-24 11:03:32','2019-04-24 11:02:57','admin',NULL,NULL,NULL,NULL,NULL,NULL,NULL,NULL,NULL,NULL),('0fb6fa76c5c78a1e957dbb411e110738','402860816bff91c0016bff91d8830007','politically_status','政治面貌','politically_status',0,1,'string',100,0,'','','','','text','',120,NULL,'0','','',0,1,1,0,'group','','',7,'admin','2019-07-19 18:04:41','2019-07-17 18:54:37','admin',NULL,NULL,NULL,NULL,NULL,NULL,NULL,NULL,NULL,NULL),('101a73df0aa5199ac05c4ce92a4f0e3e','4adec929a6594108bef5b35ee9966e9f','name','姓名',NULL,0,1,'String',200,0,'','','','','text','',120,NULL,'0','','#{sysUserCode}',0,1,1,0,'single','','',3,'admin','2020-04-10 19:43:38','2020-04-10 19:35:58','admin','','','','','',NULL,'0',NULL,NULL,'0'),('105c8e44ad13026b641f0363601f30f3','e5464aa8fa7b47c580e91593cf9b46dc','num','循环数量',NULL,0,1,'int',32,0,'','','','','text','',120,NULL,'0','','',0,1,1,0,'single','','',9,'admin','2019-04-24 17:09:49','2019-04-24 11:05:10','admin',NULL,NULL,NULL,NULL,NULL,NULL,NULL,NULL,NULL,NULL),('10b78ee7954f230117689a226c44c0db','402880e570a5d7000170a5d700f50000','descc','描述',NULL,0,1,'String',32,0,'','','','','text','',120,NULL,'0','','',0,1,1,0,'single',NULL,NULL,11,NULL,NULL,'2020-03-04 21:58:16','admin',NULL,NULL,NULL,NULL,NULL,NULL,NULL,NULL,NULL,NULL),('1130f1e252533529bb1167b896dffe32','deea5a8ec619460c9245ba85dbc59e80','update_time','更新日期',NULL,0,1,'Date',20,0,'','','','','datetime','',120,NULL,'0','','',0,0,0,0,'single','','',5,'admin','2020-05-03 01:01:18','2019-04-20 11:41:19','admin','','','','','',NULL,'0',NULL,NULL,'0'),('117fc4ba649d6690a3ac482ad5e4ad38','56870166aba54ebfacb20ba6c770bd73','create_time','创建日期',NULL,0,1,'Date',20,0,'','','','','datetime','',120,NULL,'0','','',0,0,0,0,'single','','',3,'admin','2020-05-03 01:01:30','2019-04-20 11:38:39','admin','','','','','',NULL,'0',NULL,NULL,'0'),('13246645b7650491b70205d99703ca06','402860816aa5921f016aa5dedcb90009','bpm_status','流程状态','bpm_status',0,1,'string',32,0,'1','bpm_status','','','text','',120,NULL,'0','','',0,0,1,0,'group','','',8,'admin','2019-05-11 15:56:47','2019-05-11 15:50:08','admin',NULL,NULL,NULL,NULL,NULL,NULL,NULL,NULL,NULL,NULL),('135dd0ee50712722db65b8762bd487ea','8994f2817b5a45d9890aa04497a317c5','update_time','更新日期',NULL,0,1,'date',20,0,'','','','','text','',120,'','0','','',0,1,1,0,'single','','',4,NULL,NULL,'2019-03-23 11:39:16','admin',NULL,NULL,NULL,NULL,NULL,NULL,NULL,NULL,NULL,NULL),('14ec4c83c29966ab42b6b718c5a3e774','7ea60a25fa27470e9080d6a921aabbd1','create_by','创建人',NULL,0,1,'string',50,0,'','','','','text','',120,NULL,'0','','',0,0,0,0,'single','','',2,NULL,NULL,'2019-04-17 00:22:21','admin',NULL,NULL,NULL,NULL,NULL,NULL,NULL,NULL,NULL,NULL),('16363d0bc125125e395772278d0cf22e','4b556f0168f64976a3d20bfb932bc798','update_time','更新日期',NULL,0,1,'Date',20,0,'','','','','datetime','',120,NULL,'0','','',0,0,0,0,'single','','',5,NULL,NULL,'2019-04-12 23:38:28','admin',NULL,NULL,NULL,NULL,NULL,NULL,NULL,NULL,NULL,NULL),('16918ac159cb6313fec1dea7ac4bd0a0','402880eb71d52dc30171d52dc3a10000','sys_org_code','所属部门',NULL,0,1,'string',64,0,'','','','','text','',120,NULL,'0','','',0,0,0,0,'single',NULL,NULL,10,NULL,NULL,'2020-05-02 19:37:58','admin','','','','','','text','0',NULL,NULL,'0'),('179c290e383009810fb738f07bd5af8d','402860816bff91c0016bff91d2810005','id','id','id',1,1,'string',32,0,'','','','','text','',120,NULL,'0','','',0,0,0,0,'group','','',1,'admin','2019-07-19 18:05:55','2019-07-17 18:54:35','admin',NULL,NULL,NULL,NULL,NULL,NULL,NULL,NULL,NULL,NULL),('17cbda69da9dd3632625a0647c259070','73162c3b8161413e8ecdca7eb288d0c9','wl_name','物料名字',NULL,0,1,'String',200,0,'','','','','text','',120,NULL,'1','','',0,1,1,0,'single','','',7,'admin','2019-07-01 14:23:32','2019-06-10 15:18:34','admin',NULL,NULL,NULL,NULL,NULL,NULL,NULL,NULL,NULL,NULL),('18fefb2257901f05508f8ec13ada78a3','e5464aa8fa7b47c580e91593cf9b46dc','id','主键',NULL,1,0,'string',36,0,'','','','','text','',120,NULL,'0','','',0,0,0,0,'single','','',1,'admin','2019-04-24 17:09:48','2019-04-24 11:05:10','admin',NULL,NULL,NULL,NULL,NULL,NULL,NULL,NULL,NULL,NULL),('1973ef1d3728fbff2db6a352e001f5f7','fb7125a344a649b990c12949945cb6c1','name','用户名',NULL,0,1,'string',32,0,'','','','','text','',120,'','0','','',0,1,1,0,'single','','',5,'admin','2019-03-26 19:24:11','2019-03-26 19:01:52','admin',NULL,NULL,NULL,NULL,NULL,NULL,NULL,NULL,NULL,NULL),('1ab5be1f937f393b3e5cc214ef1b855c','7ea60a25fa27470e9080d6a921aabbd1','update_by','更新人',NULL,0,1,'string',50,0,'','','','','text','',120,NULL,'0','','',0,0,0,0,'single','','',4,NULL,NULL,'2019-04-17 00:22:21','admin',NULL,NULL,NULL,NULL,NULL,NULL,NULL,NULL,NULL,NULL),('1b6c7b95028bed9ff656d65557dd2bdf','402860816bff91c0016bffa220a9000b','user_id','用户id','user_id',0,1,'string',32,0,'','','','','text','',120,NULL,'0','','',0,1,1,0,'group','','',3,'admin','2019-07-22 16:15:32','2019-07-17 19:12:24','admin',NULL,NULL,NULL,NULL,NULL,NULL,NULL,NULL,NULL,NULL),('1c2f307e315bac77a6d3f02e88387a43','deea5a8ec619460c9245ba85dbc59e80','id','主键',NULL,1,0,'string',36,0,'','','','','text','',120,NULL,'0','','',0,0,0,0,'single','','',1,'admin','2020-05-03 01:01:18','2019-04-20 11:41:19','admin','','','','','',NULL,'0',NULL,NULL,'0'),('1c3b2ad0a52ecb47fa7fd53f25875beb','deea5a8ec619460c9245ba85dbc59e80','price','价格',NULL,0,1,'double',32,0,'','','','','text','',120,'n','0','','',0,1,1,0,'single','','',7,'admin','2020-05-03 01:01:18','2019-04-20 11:41:19','admin','','','','','',NULL,'0',NULL,NULL,'0'),('1c4d25a12388c80d397bb4f4664fe4e6','4b556f0168f64976a3d20bfb932bc798','update_by','更新人',NULL,0,1,'string',50,0,'','','','','text','',120,NULL,'0','','',0,0,0,0,'single','','',4,NULL,NULL,'2019-04-12 23:38:28','admin',NULL,NULL,NULL,NULL,NULL,NULL,NULL,NULL,NULL,NULL),('1cfe967bb457cbaa6e041e45d019b583','402860816bff91c0016bff91c7010001','update_time','更新时间','update_time',0,1,'Date',0,0,'','','','','date','',120,NULL,'0','','',0,1,1,0,'group','','',10,'admin','2019-07-19 18:07:47','2019-07-17 18:54:32','admin',NULL,NULL,NULL,NULL,NULL,NULL,NULL,NULL,NULL,NULL),('1d95bdf1120c5a1776df022d0a571f21','4fb8e12a697f4d5bbe9b9fb1e9009486','create_time','创建日期',NULL,0,1,'Date',20,0,'','','','','datetime','',120,NULL,'0','','',0,0,0,0,'single','','',7,'admin','2020-04-10 19:51:27','2020-04-10 19:47:01','admin','','','','','','text','0',NULL,NULL,'0'),('1e3d8cfbf12155559666a23ee2c6c5ca','e5464aa8fa7b47c580e91593cf9b46dc','update_time','更新日期',NULL,0,1,'Date',20,0,'','','','','datetime','',120,NULL,'0','','',0,0,0,0,'single','','',5,'admin','2019-04-24 17:09:49','2019-04-24 11:05:10','admin',NULL,NULL,NULL,NULL,NULL,NULL,NULL,NULL,NULL,NULL),('1ed46fdeb289bd7805c9b83332ccd3b4','402860816bff91c0016bff91d2810005','relation','关系','relation',0,1,'string',20,0,'','','','','text','',120,NULL,'0','','',0,1,1,0,'group','','',4,'admin','2019-07-19 18:05:55','2019-07-17 18:54:35','admin',NULL,NULL,NULL,NULL,NULL,NULL,NULL,NULL,NULL,NULL),('1f0c6d33b79713fe79fb30373c81f6f7','758334cb1e7445e2822b60e807aec4a3','update_time','更新日期',NULL,0,1,'Date',20,0,'','','','','datetime','',120,NULL,'0','','',0,0,0,0,'single','','',5,NULL,NULL,'2019-10-18 18:02:09','admin',NULL,NULL,NULL,NULL,NULL,NULL,NULL,NULL,NULL,NULL),('1fa5f07b3e70d4925b69b2bf51309421','56870166aba54ebfacb20ba6c770bd73','update_time','更新日期',NULL,0,1,'Date',20,0,'','','','','datetime','',120,NULL,'0','','',0,0,0,0,'single','','',5,'admin','2020-05-03 01:01:30','2019-04-20 11:38:39','admin','','','','','',NULL,'0',NULL,NULL,'0'),('209ddb923d8dab9f454d56d82c0cc725','3d447fa919b64f6883a834036c14aa67','create_by','创建人',NULL,0,1,'string',50,0,'','','','','text','',120,NULL,'0','','',0,0,0,0,'single','','',6,'admin','2020-02-21 17:58:46','2020-02-20 16:19:00','admin',NULL,NULL,NULL,NULL,NULL,NULL,NULL,NULL,NULL,NULL),('20ff34fb0466089cb633d73d5a6f08d6','d35109c3632c4952a19ecc094943dd71','update_time','更新日期',NULL,0,1,'date',20,0,'','','','','text','',120,'','0','','',0,0,0,0,'single','','',4,'admin','2020-02-24 17:29:16','2019-03-15 14:24:35','admin',NULL,NULL,NULL,NULL,NULL,NULL,NULL,NULL,NULL,NULL),('2113a4ec7b88b4820dcbbdf96e46bbb7','fbc35f067da94a70adb622ddba259352','create_time','创建日期',NULL,0,1,'Date',20,0,'','','','','datetime','',120,NULL,'0','','',0,0,0,0,'single','','',3,NULL,NULL,'2019-07-03 19:44:23','admin',NULL,NULL,NULL,NULL,NULL,NULL,NULL,NULL,NULL,NULL),('2150e48b2cb6072d2d8ecd79a7daf7cc','402860816bff91c0016bff91ca7e0002','create_time','创建时间','create_time',0,1,'Date',0,0,'','','','','date','',120,NULL,'0','','',0,1,1,0,'group','','',10,'admin','2019-07-19 18:07:13','2019-07-17 18:54:33','admin',NULL,NULL,NULL,NULL,NULL,NULL,NULL,NULL,NULL,NULL),('2323239efb5a40b73034411868dfc41d','fb19fb067cd841f9ae93d4eb3b883dc0','update_by','更新人登录名称',NULL,0,1,'string',50,0,'','','','','text','',120,'','0','','',0,1,1,0,'single','','',3,NULL,NULL,'2019-03-23 11:39:48','admin',NULL,NULL,NULL,NULL,NULL,NULL,NULL,NULL,NULL,NULL),('23f42061ed218bdbc1262913c071e1cd','e5464aa8fa7b47c580e91593cf9b46dc','iz_valid','启动状态',NULL,0,1,'int',2,0,'','air_china_valid','','','list','',120,NULL,'0','','',0,1,1,0,'single','','',12,'admin','2019-04-24 17:09:49','2019-04-24 14:09:06','admin',NULL,NULL,NULL,NULL,NULL,NULL,NULL,NULL,NULL,NULL),('242cc59b23965a92161eca69ffdbf018','d35109c3632c4952a19ecc094943dd71','age','年龄',NULL,0,1,'int',32,0,'','','','','text','http://www.baidu.com',120,'','0','','',0,1,1,0,'single','','',7,'admin','2020-02-24 17:29:16','2019-03-15 14:24:35','admin',NULL,NULL,NULL,NULL,NULL,NULL,NULL,NULL,NULL,NULL),('2640235b9638547f1776b930bd8c12b4','997ee931515a4620bc30a9c1246429a9','update_time','更新日期',NULL,0,1,'Date',20,0,'','','','','datetime','',120,NULL,'0','','',0,0,0,0,'single','','',5,'admin','2020-05-03 00:57:44','2020-05-03 00:56:56','admin','','','','','',NULL,'0',NULL,NULL,'0'),('265702edb8872e322fe72d3640e34ac5','402860816bff91c0016bff91cfea0004','from_time','开始日期','from_time',0,1,'Date',0,0,'','','','','date','',120,NULL,'0','','',0,1,1,0,'group','','',3,'admin','2019-07-19 18:05:13','2019-07-17 18:54:35','admin',NULL,NULL,NULL,NULL,NULL,NULL,NULL,NULL,NULL,NULL),('2739ab1ece4d6053ba931bb6572f4ed8','4028839a6de2ebd3016de2ebd3870000','iz_valid','启用状态','iz_valid',0,1,'string',2,0,NULL,NULL,NULL,NULL,'text',NULL,120,NULL,'0',NULL,NULL,0,1,1,0,'group',NULL,NULL,9,NULL,NULL,'2019-10-19 15:29:30','admin',NULL,NULL,NULL,NULL,NULL,NULL,NULL,NULL,NULL,NULL),('281ce0b5343cd42b28825d7df16422f1','b81de38db24047b497d476516f8a0865','vv','vv',NULL,0,1,'String',32,0,'','','','','text','',120,NULL,'0','','',0,1,1,0,'single','','',8,NULL,NULL,'2020-02-24 14:56:08','admin',NULL,NULL,NULL,NULL,NULL,NULL,NULL,NULL,NULL,NULL),('283f42283b9d0bf3b95ba3384ab2d255','758334cb1e7445e2822b60e807aec4a3','update_by','更新人',NULL,0,1,'string',50,0,'','','','','text','',120,NULL,'0','','',0,0,0,0,'single','','',4,NULL,NULL,'2019-10-18 18:02:09','admin',NULL,NULL,NULL,NULL,NULL,NULL,NULL,NULL,NULL,NULL),('284864d99fddfdcb00e188e3a512cb28','1acb6f81a1d9439da6cc4e868617b565','no','预算表序号',NULL,0,1,'string',50,0,'','','','','text','',120,NULL,'0','','',0,1,1,0,'single','','',10,'admin','2019-06-10 14:47:14','2019-04-23 22:58:19','admin',NULL,NULL,NULL,NULL,NULL,NULL,NULL,NULL,NULL,NULL),('2889d3cef706f91e092d76a56b8055be','402860816bff91c0016bff91cda80003','order_no','序号','order_no',0,1,'int',10,0,'','','','','text','',120,NULL,'0','','',0,1,1,0,'group','','',8,'admin','2019-07-19 18:06:36','2019-07-17 18:54:34','admin',NULL,NULL,NULL,NULL,NULL,NULL,NULL,NULL,NULL,NULL),('29e4abea55d9fa7dbbd0c8dbbb2b3756','402860816bff91c0016bff91cda80003','update_time','更新时间','update_time',0,1,'Date',0,0,'','','','','date','',120,NULL,'0','','',0,1,1,0,'group','','',12,'admin','2019-07-19 18:06:36','2019-07-17 18:54:34','admin',NULL,NULL,NULL,NULL,NULL,NULL,NULL,NULL,NULL,NULL),('2c9be627e7cab7f5a2ae9c7ca7ce94a2','cb2d8534a2f544bc9c618dd49da66336','create_by','创建人',NULL,0,1,'string',50,0,'','','','','text','',120,NULL,'0','','',0,0,0,0,'single','','',2,'admin','2020-02-24 17:22:42','2020-02-24 15:15:14','admin',NULL,NULL,NULL,NULL,NULL,NULL,NULL,NULL,NULL,NULL),('2d53a66f0b72d820b86ff445e2181d76','beee191324fd40c1afec4fda18bd9d47','id','主键',NULL,1,0,'string',36,0,'','','','','text','',120,NULL,'0','','',0,0,0,0,'single','','',1,'admin','2019-04-13 13:41:13','2019-04-13 13:40:56','admin',NULL,NULL,NULL,NULL,NULL,NULL,NULL,NULL,NULL,NULL),('2dfc4c81926f678c5f8d5ffd27858201','e2faf977fdaf4b25a524f58c2441a51c','account','用户编码',NULL,0,1,'String',32,0,'','','','','text','',120,NULL,'0','','',0,1,1,0,'single','','',7,'admin','2019-06-10 17:27:00','2019-04-24 17:12:11','admin',NULL,NULL,NULL,NULL,NULL,NULL,NULL,NULL,NULL,NULL),('2e5275b6407e1b4265af8519077fa4a5','d3ae1c692b9640e0a091f8c46e17bb01','sys_org_code','所属部门',NULL,0,1,'string',64,0,'','','','','text','',120,NULL,'0','','',0,0,0,0,'single','','',6,NULL,NULL,'2019-07-24 14:47:30','admin',NULL,NULL,NULL,NULL,NULL,NULL,NULL,NULL,NULL,NULL),('2e66b9db37648389e0846e2204111732','73162c3b8161413e8ecdca7eb288d0c9','has_child','是否有子节点',NULL,0,1,'string',3,0,'','valid_status','','','list','',120,NULL,'0','','',0,0,0,0,'single','','',10,'admin','2019-07-01 14:23:32','2019-06-10 15:18:34','admin',NULL,NULL,NULL,NULL,NULL,NULL,NULL,NULL,NULL,NULL),('2e6f741fa96a49a0adccc7b4682c1cef','4fb8e12a697f4d5bbe9b9fb1e9009486','name','名称',NULL,0,1,'String',200,0,'','','','','text','',120,NULL,'0','','#{sysUserName}',0,1,1,0,'single','','',3,'admin','2020-04-10 19:51:27','2020-04-10 19:47:01','admin','','','','','',NULL,'0',NULL,NULL,'0'),('2ee58d8e4844dfe1fa6b1b841ae0b312','402860816bff91c0016bff91d2810005','politically_status','政治面貌','politically_status',0,1,'string',100,0,'','','','','text','',120,NULL,'0','','',0,1,1,0,'group','','',7,'admin','2019-07-19 18:05:55','2019-07-17 18:54:35','admin',NULL,NULL,NULL,NULL,NULL,NULL,NULL,NULL,NULL,NULL),('2f111722eb3a994450e67e3211fd69a8','402860816bff91c0016bff91ca7e0002','id','id','id',1,1,'string',32,0,'','','','','text','',120,NULL,'0','','',0,0,0,0,'group','','',1,'admin','2019-07-19 18:07:13','2019-07-17 18:54:33','admin',NULL,NULL,NULL,NULL,NULL,NULL,NULL,NULL,NULL,NULL),('30143cc3de69c413828f9fba20662026','402860816bff91c0016bffa220a9000b','healthy','健康状况','healthy',0,1,'string',100,0,'','','','','text','',120,NULL,'0','','',0,1,1,0,'group','','',12,'admin','2019-07-22 16:15:32','2019-07-17 19:12:24','admin',NULL,NULL,NULL,NULL,NULL,NULL,NULL,NULL,NULL,NULL),('31193dc8ceacf979e4042e784ea8278a','402880e570a5d7000170a5d700f50000','order_fk_id','订单外键ID',NULL,0,0,'String',32,0,'','','','','text','',120,NULL,'0','','',0,0,0,0,'single',NULL,NULL,10,NULL,NULL,'2020-03-04 21:58:16','admin',NULL,NULL,NULL,NULL,NULL,NULL,NULL,NULL,NULL,NULL),('31fd90306c3942f09cb79deabbf2f541','402860816bff91c0016bff91d2810005','employee_id','员工ID','employee_id',0,1,'string',32,0,'','','','','text','',120,NULL,'0','','',0,1,1,0,'group','oa_employee_info','id',2,'admin','2019-07-19 18:05:55','2019-07-17 18:54:35','admin',NULL,NULL,NULL,NULL,NULL,NULL,NULL,NULL,NULL,NULL),('336495117e3a31351fed6963b950dddb','402860816bff91c0016bffa220a9000b','inside_transfer','内部工作调动情况','inside_transfer',0,1,'string',255,0,'','','','','text','',120,NULL,'0','','',0,1,1,0,'group','','',37,'admin','2019-07-22 16:15:32','2019-07-17 19:12:24','admin',NULL,NULL,NULL,NULL,NULL,NULL,NULL,NULL,NULL,NULL),('34138092d743d4232341a920efd2699e','402880eb71d52dc30171d52dc3a10000','name','名称',NULL,0,1,'String',200,0,'','','','','text','',120,NULL,'0','','#{sysUserName}',0,1,1,0,'single',NULL,NULL,3,NULL,NULL,'2020-05-02 19:37:58','admin','','','','','',NULL,'0',NULL,NULL,'0'),('345c8b48e1e128e77c4c6e2b36512804','402860816aa5921f016aa5dedcb90009','create_by','创建人','create_by',0,1,'string',50,0,'','','','','text','',120,NULL,'0','','',0,0,0,0,'group','','',2,'admin','2019-05-11 15:56:47','2019-05-11 15:50:08','admin',NULL,NULL,NULL,NULL,NULL,NULL,NULL,NULL,NULL,NULL),('34625a911b39e0596690c1a15f784448','402880e570a5d7000170a5d700f50000','update_time','更新日期',NULL,0,1,'Date',20,0,'','','','','datetime','',120,NULL,'0','','',0,0,0,0,'single',NULL,NULL,5,NULL,NULL,'2020-03-04 21:58:16','admin',NULL,NULL,NULL,NULL,NULL,NULL,NULL,NULL,NULL,NULL),('351faaeb2dd8105e9c66f678211c9d4f','dbf4675875e14676a3f9a8b2b8941140','update_time','更新日期',NULL,0,1,'Date',20,0,'','','','','datetime','',120,NULL,'0','','',0,0,0,0,'single','','',5,NULL,NULL,'2019-05-27 18:02:07','admin',NULL,NULL,NULL,NULL,NULL,NULL,NULL,NULL,NULL,NULL),('354b2ce39c5e8ec3f0bbb01bf8ff0fb7','32f75e4043ef4070919dbd4337186a3d','content','描述',NULL,0,1,'String',300,0,'','','','','textarea','',120,NULL,'0','','',0,1,1,0,'single','','',9,'admin','2019-04-11 10:15:31','2019-03-28 15:24:24','admin',NULL,NULL,NULL,NULL,NULL,NULL,NULL,NULL,NULL,NULL),('35ca1c8aa1501bc8a79c880928841f18','402860816aa5921f016aa5921f480000','update_by','修改人id','update_by',0,1,'string',32,0,'','','','','text','',120,NULL,'0','','',0,0,0,0,'group','','',11,'admin','2019-05-11 15:31:55','2019-05-11 14:26:19','admin',NULL,NULL,NULL,NULL,NULL,NULL,NULL,NULL,NULL,NULL),('3635793767371c6db9f76b4b79f9d321','402860816bff91c0016bff91d8830007','create_time','创建时间','create_time',0,1,'Date',0,0,'','','','','date','',120,NULL,'0','','',0,1,1,0,'group','','',11,'admin','2019-07-19 18:04:41','2019-07-17 18:54:37','admin',NULL,NULL,NULL,NULL,NULL,NULL,NULL,NULL,NULL,NULL),('370a6eebc2d732eaf121fe0830d853a6','e5464aa8fa7b47c580e91593cf9b46dc','wl_code','物料编码',NULL,0,1,'String',100,0,'','','','','text','',120,NULL,'0','','',0,0,0,0,'single','','',7,'admin','2019-04-24 17:09:49','2019-04-24 11:05:10','admin',NULL,NULL,NULL,NULL,NULL,NULL,NULL,NULL,NULL,NULL),('37462a4d78968d0e432d746423603b81','3d447fa919b64f6883a834036c14aa67','province','省份',NULL,0,1,'String',100,0,'','','{table:\'sys_category\',txt:\'name\',key:\'id\',linkField:\'city,area\',idField:\'id\',pidField:\'pid\', condition:\" pid = \'1230769196661510146\' \"         }','','link_down','',120,NULL,'0','','',0,1,1,0,'single','','',2,'admin','2020-02-21 17:58:46','2020-02-20 16:19:00','admin',NULL,NULL,NULL,NULL,NULL,NULL,NULL,NULL,NULL,NULL),('37e2548874f09ef7d08642a30bc918fa','fbc35f067da94a70adb622ddba259352','group_name','小组名',NULL,0,1,'String',32,0,'','','','','text','',120,NULL,'0','','',0,1,1,0,'single','','',7,NULL,NULL,'2019-07-03 19:44:23','admin',NULL,NULL,NULL,NULL,NULL,NULL,NULL,NULL,NULL,NULL),('391e7cbd9f29743b11bb555c50547b1f','32f75e4043ef4070919dbd4337186a3d','update_time','更新日期',NULL,0,1,'Date',20,0,'','','','','datetime','',120,NULL,'0','','',0,0,0,0,'single','','',4,'admin','2019-04-11 10:15:32','2019-03-27 15:54:49','admin',NULL,NULL,NULL,NULL,NULL,NULL,NULL,NULL,NULL,NULL),('396c36fa5320975851d06772d10ea7b1','cb2d8534a2f544bc9c618dd49da66336','update_by','更新人',NULL,0,1,'string',50,0,'','','','','text','',120,NULL,'0','','',0,0,0,0,'single','','',4,'admin','2020-02-24 17:22:42','2020-02-24 15:15:14','admin',NULL,NULL,NULL,NULL,NULL,NULL,NULL,NULL,NULL,NULL),('3b439859f98e30e34d25e983eb22e408','402860816bff91c0016bff91c7010001','award_time','获奖时间','award_time',0,1,'Date',0,0,'','','','','date','',120,NULL,'0','','',0,1,1,0,'group','','',3,'admin','2019-07-19 18:07:47','2019-07-17 18:54:32','admin',NULL,NULL,NULL,NULL,NULL,NULL,NULL,NULL,NULL,NULL),('3bf44e68de518f3ddf72b87671d0ff90','8994f2817b5a45d9890aa04497a317c5','update_by','更新人登录名称',NULL,0,1,'string',50,0,'','','','','text','',120,'','0','','',0,1,1,0,'single','','',3,NULL,NULL,'2019-03-23 11:39:16','admin',NULL,NULL,NULL,NULL,NULL,NULL,NULL,NULL,NULL,NULL),('3cd2061ea15ce9eeb4b7cf2e544ccb6b','d35109c3632c4952a19ecc094943dd71','file_kk','附件',NULL,0,1,'String',500,0,'','','','','file','',120,NULL,'0','','',0,1,1,0,'single','','',12,'admin','2020-02-24 17:29:16','2019-06-10 20:06:57','admin',NULL,NULL,NULL,NULL,NULL,NULL,NULL,NULL,NULL,NULL),('3cfd4d60c7d8409ae716a579bcb0910d','402860816bff91c0016bff91c0cb0000','sys_org_code','组织机构编码','sys_org_code',0,1,'string',50,0,'','','','','text','',120,NULL,'0','','',0,1,1,0,'group','','',16,'admin','2019-07-19 18:09:01','2019-07-17 18:54:32','admin',NULL,NULL,NULL,NULL,NULL,NULL,NULL,NULL,NULL,NULL),('3e32f6c30c9028872388f70743c5d6a5','402860816bff91c0016bff91c0cb0000','reason','申请理由','reason',0,1,'string',200,0,'','','','','text','',120,NULL,'0','','',0,1,1,0,'group','','',9,'admin','2019-07-19 18:09:01','2019-07-17 18:54:32','admin',NULL,NULL,NULL,NULL,NULL,NULL,NULL,NULL,NULL,NULL),('3e70d1c516c3533c6698300665c669e1','402860816bff91c0016bff91c0cb0000','id','id','id',1,1,'string',32,0,'','','','','text','',120,NULL,'0','','',0,0,0,0,'group','','',1,'admin','2019-07-19 18:09:01','2019-07-17 18:54:31','admin',NULL,NULL,NULL,NULL,NULL,NULL,NULL,NULL,NULL,NULL),('3eff1d21b946e23d7f83de977962d9cf','402880eb71d61d3d0171d61d3de30000','main_id','主表ID',NULL,0,1,'String',200,0,'','','','','text','',120,NULL,'0','','',0,0,0,0,'single','','',5,'admin','2020-05-03 00:54:16','2020-05-02 23:59:33','admin','','','','','',NULL,'0',NULL,NULL,'0'),('3f2ace8f968a0e5b91d1340ee2957cda','402860816bff91c0016bff91d8830007','real_name','姓名','real_name',0,1,'string',100,0,'','','','','text','',120,NULL,'0','','',0,1,1,0,'group','','',3,'admin','2019-07-19 18:04:41','2019-07-17 18:54:37','admin',NULL,NULL,NULL,NULL,NULL,NULL,NULL,NULL,NULL,NULL),('40471eb4560bf0bbd2ffef17d48a269d','dbf4675875e14676a3f9a8b2b8941140','update_by','更新人',NULL,0,1,'string',50,0,'','','','','text','',120,NULL,'0','','',0,0,0,0,'single','','',4,NULL,NULL,'2019-05-27 18:02:07','admin',NULL,NULL,NULL,NULL,NULL,NULL,NULL,NULL,NULL,NULL),('404b516d4f2229f292783db595b02ba1','402860816bff91c0016bff91d8830007','update_time','更新时间','update_time',0,1,'Date',0,0,'','','','','date','',120,NULL,'0','','',0,1,1,0,'group','','',13,'admin','2019-07-19 18:04:41','2019-07-17 18:54:37','admin',NULL,NULL,NULL,NULL,NULL,NULL,NULL,NULL,NULL,NULL),('405de5ea82e54138a0613dd41b006dfb','56870166aba54ebfacb20ba6c770bd73','update_by','更新人',NULL,0,1,'string',50,0,'','','','','text','',120,NULL,'0','','',0,0,0,0,'single','','',4,'admin','2020-05-03 01:01:30','2019-04-20 11:38:39','admin','','','','','',NULL,'0',NULL,NULL,'0'),('40675bb9f053aabf8823ddf4b5389141','b81de38db24047b497d476516f8a0865','aa','aa',NULL,0,1,'String',32,0,'','','','','text','',120,NULL,'0','','',0,1,1,0,'single','','',7,NULL,NULL,'2020-02-24 14:56:08','admin',NULL,NULL,NULL,NULL,NULL,NULL,NULL,NULL,NULL,NULL),('4164314d6a51d100169a29872b7504d8','402860816bff91c0016bff91ca7e0002','cert_time','发证时间','cert_time',0,1,'Date',0,0,'','','','','date','',120,NULL,'0','','',0,1,1,0,'group','','',3,'admin','2019-07-19 18:07:13','2019-07-17 18:54:33','admin',NULL,NULL,NULL,NULL,NULL,NULL,NULL,NULL,NULL,NULL),('41d4215c01b0d26871f2cb83d3e532ae','402860816bff91c0016bff91c0cb0000','bpm_status','流程状态',NULL,0,1,'String',32,0,'1','','','','text','',120,NULL,'0','','',0,1,1,0,'single','','',17,'admin','2019-07-19 18:09:01','2019-07-19 15:35:23','admin',NULL,NULL,NULL,NULL,NULL,NULL,NULL,NULL,NULL,NULL),('422a44a15fa39fd57c3c23eb601f7c03','56870166aba54ebfacb20ba6c770bd73','descc','描述',NULL,0,1,'String',100,0,'','','','','text','',120,NULL,'0','','',0,1,1,0,'single','','',8,'admin','2020-05-03 01:01:30','2019-04-20 11:38:39','admin','','','','','',NULL,'0',NULL,NULL,'0'),('42cccfa014c9e131a0a1b23f563d3688','402860816bff91c0016bffa220a9000b','sex','性别','sex',0,1,'string',20,0,'','','','','text','',120,NULL,'0','','',0,1,1,0,'group','','',6,'admin','2019-07-22 16:15:32','2019-07-17 19:12:24','admin',NULL,NULL,NULL,NULL,NULL,NULL,NULL,NULL,NULL,NULL),('4312f618c83e07db82e468b81a1eaa45','402860816bff91c0016bffa220a9000b','photo','照片','photo',0,1,'string',255,0,'','','','','text','',120,NULL,'0','','',0,1,1,0,'group','','',20,'admin','2019-07-22 16:15:32','2019-07-17 19:12:24','admin',NULL,NULL,NULL,NULL,NULL,NULL,NULL,NULL,NULL,NULL),('435b57180fc995e3c4ec42516963bca3','4028839a6de2ebd3016de2ebd3870000','wl_code','物料编码','wl_code',0,1,'string',60,0,NULL,NULL,NULL,NULL,'text',NULL,120,NULL,'0',NULL,NULL,0,1,1,0,'group',NULL,NULL,6,NULL,NULL,'2019-10-19 15:29:30','admin',NULL,NULL,NULL,NULL,NULL,NULL,NULL,NULL,NULL,NULL),('44bdc595f1e565fc053e01134b92bb47','d3ae1c692b9640e0a091f8c46e17bb01','update_by','更新人',NULL,0,1,'string',50,0,'','','','','text','',120,NULL,'0','','',0,0,0,0,'single','','',4,NULL,NULL,'2019-07-24 14:47:30','admin',NULL,NULL,NULL,NULL,NULL,NULL,NULL,NULL,NULL,NULL),('44e81e24d2384b0f187e8f69eda55390','402860816bff91c0016bff91cda80003','create_time','创建时间','create_time',0,1,'Date',0,0,'','','','','date','',120,NULL,'0','','',0,1,1,0,'group','','',10,'admin','2019-07-19 18:06:36','2019-07-17 18:54:34','admin',NULL,NULL,NULL,NULL,NULL,NULL,NULL,NULL,NULL,NULL),('45c0a1a89a1e2a72533b9af894be1011','27fc5f91274344afa7673a732b279939','create_time','创建日期',NULL,0,1,'Date',20,0,'','','','','datetime','',120,NULL,'0','','',0,0,0,0,'single','','',3,'admin','2019-07-01 16:28:20','2019-07-01 16:26:42','admin',NULL,NULL,NULL,NULL,NULL,NULL,NULL,NULL,NULL,NULL),('45d59eb647257fcbcb9d143ff1ba2080','deea5a8ec619460c9245ba85dbc59e80','pro_type','产品类型',NULL,0,1,'String',32,0,'','sex','','','radio','',120,NULL,'0','','',0,1,1,0,'single','','',9,'admin','2020-05-03 01:01:18','2019-04-23 20:54:08','admin','','','','','',NULL,'0',NULL,NULL,'0'),('469b250595f15dfebe69991d72e4bfb2','e9faf717024b4aae95cff224ae9b6d97','name','员工姓名',NULL,0,1,'String',32,0,'','','','','text','',120,NULL,'0','','',0,1,1,0,'single','','',6,'admin','2019-07-03 18:23:49','2019-07-03 18:22:35','admin',NULL,NULL,NULL,NULL,NULL,NULL,NULL,NULL,NULL,NULL),('46be01bef342519e268902d0d36a7473','deea5a8ec619460c9245ba85dbc59e80','descc','描述',NULL,0,1,'String',32,0,'','','','','text','',120,NULL,'0','','',0,1,1,0,'single','','',11,'admin','2020-05-03 01:01:18','2019-04-20 11:41:19','admin','','','','','',NULL,'0',NULL,NULL,'0'),('46f1a875f86a4f48d0540ad0d5e667d7','56870166aba54ebfacb20ba6c770bd73','order_date','下单时间',NULL,0,1,'Date',32,0,'','','','','date','',120,NULL,'0','','',0,1,1,0,'single','','',7,'admin','2020-05-03 01:01:30','2019-04-20 11:38:39','admin','','','','','',NULL,'0',NULL,NULL,'0'),('47c21a6b45e59a6b70bb9c0cc4510a68','1acb6f81a1d9439da6cc4e868617b565','integral_val','积分值',NULL,0,1,'int',32,0,'','','','','text','',120,NULL,'0','','',0,1,1,0,'single','','',13,'admin','2019-06-10 14:47:14','2019-04-23 22:58:19','admin',NULL,NULL,NULL,NULL,NULL,NULL,NULL,NULL,NULL,NULL),('47fa05530f3537a1be8f9e7a9e98be82','d35109c3632c4952a19ecc094943dd71','sex','性别',NULL,0,1,'string',32,0,'','sex','','','list','',120,'','0','','',0,1,1,0,'single','','',6,'admin','2020-02-24 17:29:16','2019-03-15 14:24:35','admin',NULL,NULL,NULL,NULL,NULL,NULL,NULL,NULL,NULL,NULL),('4851697fdf63709d2bc7451b7415f4af','32f75e4043ef4070919dbd4337186a3d','sex','性别',NULL,0,1,'String',32,0,'1','sex','','','list','',120,NULL,'0','','',1,1,1,0,'single','','',6,'admin','2019-04-11 10:15:32','2019-03-27 15:54:49','admin',NULL,NULL,NULL,NULL,NULL,NULL,NULL,NULL,NULL,NULL),('485a8ddce2c033f88af674ec98b68e32','402860816bff91c0016bffa220a9000b','create_time','创建时间','create_time',0,1,'Date',0,0,'','','','','date','',120,NULL,'0','','',0,1,1,0,'group','','',40,'admin','2019-07-22 16:15:32','2019-07-17 19:12:24','admin',NULL,NULL,NULL,NULL,NULL,NULL,NULL,NULL,NULL,NULL),('492a462b212fc34b0ee70e872684ed7e','7ea60a25fa27470e9080d6a921aabbd1','name','用户名',NULL,0,1,'String',32,0,'','','','','text','',120,NULL,'0','','',0,1,1,0,'single','','',6,NULL,NULL,'2019-04-17 00:22:21','admin',NULL,NULL,NULL,NULL,NULL,NULL,NULL,NULL,NULL,NULL),('499a5dac033a01ce58009e4c5b786697','e9faf717024b4aae95cff224ae9b6d97','age','员工年龄',NULL,0,1,'int',32,0,'','','','','text','',120,NULL,'0','','',0,1,1,0,'single','','',7,'admin','2019-07-03 18:23:49','2019-07-03 18:22:35','admin',NULL,NULL,NULL,NULL,NULL,NULL,NULL,NULL,NULL,NULL),('49cd3dbd4f7f7cf0d19b1ee1045cfa69','e67d26b610dd414c884c4dbb24e71ce3','post_code','岗位编码',NULL,0,1,'String',32,0,'','','','','text','',120,NULL,'0','','',0,1,1,0,'single','','',6,'admin','2019-04-24 11:03:32','2019-04-24 11:02:57','admin',NULL,NULL,NULL,NULL,NULL,NULL,NULL,NULL,NULL,NULL),('4b136f953675fffcc1b6d7d6d414d57e','402880eb71d61d3d0171d61d3de30000','date','日期',NULL,0,1,'string',200,0,'','','','','text','',120,NULL,'0','','#{date}',0,1,1,0,'single','','',4,'admin','2020-05-03 00:54:16','2020-05-02 23:59:33','admin','','','','','',NULL,'0',NULL,NULL,'0'),('4ba7c553ca4babcec75273c531cd65e1','402860816bff91c0016bff91cfea0004','workplace','工作单位','workplace',0,1,'string',100,0,'','','','','text','',120,NULL,'0','','',0,1,1,0,'group','','',5,'admin','2019-07-19 18:05:13','2019-07-17 18:54:35','admin',NULL,NULL,NULL,NULL,NULL,NULL,NULL,NULL,NULL,NULL),('4c2cba9fc950333421c4193576b8384d','32f75e4043ef4070919dbd4337186a3d','salary','工资',NULL,0,1,'double',32,0,'','','','','text','',120,NULL,'0','','',0,1,1,0,'single','','',10,'admin','2019-04-11 10:15:32','2019-03-28 15:24:24','admin',NULL,NULL,NULL,NULL,NULL,NULL,NULL,NULL,NULL,NULL),('4c4f4067fa31737f3ff9e088130ef793','4adec929a6594108bef5b35ee9966e9f','sex','性别',NULL,0,1,'String',200,0,'','sex','','','list','',120,NULL,'0','','{{ 2 }}',0,1,1,0,'single','','',4,'admin','2020-04-10 19:43:38','2020-04-10 19:35:58','admin','','','','','',NULL,'0',NULL,NULL,'0'),('4c570c5cf05590348e12621ca62773cf','402860816aa5921f016aa5921f480000','name','请假人','name',0,1,'string',100,0,'','','','','text','',120,NULL,'0','','',0,1,1,0,'group','','',2,'admin','2019-05-11 15:31:54','2019-05-11 14:26:19','admin',NULL,NULL,NULL,NULL,NULL,NULL,NULL,NULL,NULL,NULL),('4cacfa054e96791ab938b5c8f8e02cd1','27fc5f91274344afa7673a732b279939','bpm_status','流程状态',NULL,0,1,'String',2,0,'','bpm_status','','','list','',120,NULL,'0','','',0,1,1,0,'single','','',9,NULL,NULL,'2019-07-01 16:28:20','admin',NULL,NULL,NULL,NULL,NULL,NULL,NULL,NULL,NULL,NULL),('4f718d95ad9de33eac18fd0663e4c1f1','32f75e4043ef4070919dbd4337186a3d','birthday','生日',NULL,0,1,'Date',32,0,'','','','','date','',120,NULL,'0','','',1,1,1,0,'single','','',8,'admin','2019-04-11 10:15:32','2019-03-27 15:54:49','admin',NULL,NULL,NULL,NULL,NULL,NULL,NULL,NULL,NULL,NULL),('4f7cba71de7afe6efbd024f5f9935521','402860816bff91c0016bff91cda80003','to_time','截止时间','to_time',0,1,'Date',0,0,'','','','','date','',120,NULL,'0','','',0,1,1,0,'group','','',4,'admin','2019-07-19 18:06:36','2019-07-17 18:54:34','admin',NULL,NULL,NULL,NULL,NULL,NULL,NULL,NULL,NULL,NULL),('4faa7848b92f05bcb3cf03de34af9ff2','cb2d8534a2f544bc9c618dd49da66336','ddd','dd',NULL,0,1,'String',32,0,'','','','','text','',120,NULL,'0','','',0,1,1,0,'single','','',9,'admin','2020-02-24 17:22:42','2020-02-24 15:15:14','admin',NULL,NULL,NULL,NULL,NULL,NULL,NULL,NULL,NULL,NULL),('506c9b0b2331a24e5c284274d28fe569','27fc5f91274344afa7673a732b279939','kkk','描述',NULL,0,1,'String',32,0,'','','','','text','',120,NULL,'0','','',0,1,1,0,'single','','',8,'admin','2019-07-01 16:28:20','2019-07-01 16:26:42','admin',NULL,NULL,NULL,NULL,NULL,NULL,NULL,NULL,NULL,NULL),('508eb28e1409a2a9501cdf6fd7eb24c7','dbf4675875e14676a3f9a8b2b8941140','create_by','创建人',NULL,0,1,'string',50,0,'','','','','text','',120,NULL,'0','','',0,0,0,0,'single','','',2,NULL,NULL,'2019-05-27 18:02:07','admin',NULL,NULL,NULL,NULL,NULL,NULL,NULL,NULL,NULL,NULL),('509a4f63f02e784bc04499a6a9be8528','d35109c3632c4952a19ecc094943dd71','update_by','更新人登录名称',NULL,0,1,'string',50,0,'','','','','text','',120,'','0','','',0,0,0,0,'single','','',3,'admin','2020-02-24 17:29:16','2019-03-15 14:24:35','admin',NULL,NULL,NULL,NULL,NULL,NULL,NULL,NULL,NULL,NULL),('519f68557b953fc2d38400182b187366','402860816bff91c0016bffa220a9000b','residence_type','户籍类别','residence_type',0,1,'string',100,0,'','','','','text','',120,NULL,'0','','',0,1,1,0,'group','','',13,'admin','2019-07-22 16:15:32','2019-07-17 19:12:24','admin',NULL,NULL,NULL,NULL,NULL,NULL,NULL,NULL,NULL,NULL),('52ee861bc1b62cd8e4f10632b3d9d1b2','79091e8277c744158530321513119c68','name','顺序会签标题',NULL,0,1,'String',32,0,'','','','','text','',120,NULL,'0','','',0,1,1,0,'single','','',6,'admin','2019-05-11 15:29:47','2019-05-11 15:27:17','admin',NULL,NULL,NULL,NULL,NULL,NULL,NULL,NULL,NULL,NULL),('56a7800e4e476812c74217c2aad781aa','32feeb502544416c9bf41329c10a88f4','update_time','更新日期',NULL,0,1,'Date',20,0,'','','','','datetime','',120,NULL,'0','','',0,0,0,0,'single','','',5,'admin','2019-08-23 20:03:40','2019-07-02 18:23:23','admin',NULL,NULL,NULL,NULL,NULL,NULL,NULL,NULL,NULL,NULL),('56cd0a76f922bf76d982b24a509e4782','4028839a6de2ebd3016de2ebd3870000','create_time','创建日期','create_time',0,1,'Date',0,0,NULL,NULL,NULL,NULL,'date',NULL,120,NULL,'0',NULL,NULL,0,1,1,0,'group',NULL,NULL,3,NULL,NULL,'2019-10-19 15:29:30','admin',NULL,NULL,NULL,NULL,NULL,NULL,NULL,NULL,NULL,NULL),('56e247f12d62b49cd9bd537e3efecf16','402860816bff91c0016bff91c0cb0000','create_by','创建人','create_by',0,1,'string',100,0,'','','','','text','',120,NULL,'0','','',0,1,1,0,'group','','',12,'admin','2019-07-19 18:09:01','2019-07-17 18:54:32','admin',NULL,NULL,NULL,NULL,NULL,NULL,NULL,NULL,NULL,NULL),('57552a4f0b7b5c096ab8985ced57cc7d','cb2d8534a2f544bc9c618dd49da66336','update_time','更新日期',NULL,0,1,'Date',20,0,'','','','','datetime','',120,NULL,'0','','',0,0,0,0,'single','','',5,'admin','2020-02-24 17:22:42','2020-02-24 15:15:14','admin',NULL,NULL,NULL,NULL,NULL,NULL,NULL,NULL,NULL,NULL),('588400f6ebcdd0bc9bb560dd36636af9','e2faf977fdaf4b25a524f58c2441a51c','update_by','更新人',NULL,0,1,'string',50,0,'','','','','text','',120,NULL,'0','','',0,0,0,0,'single','','',4,'admin','2019-06-10 17:27:00','2019-04-24 17:12:11','admin',NULL,NULL,NULL,NULL,NULL,NULL,NULL,NULL,NULL,NULL),('58a96f945912d33b64ebf5dee98156dc','402860816bff91c0016bffa220a9000b','mobile','手机号','mobile',0,1,'string',20,0,'','','','','text','',120,NULL,'0','','',0,1,1,0,'group','','',19,'admin','2019-07-22 16:15:32','2019-07-17 19:12:24','admin',NULL,NULL,NULL,NULL,NULL,NULL,NULL,NULL,NULL,NULL),('58eea85add4788b83c893092434bc413','fb19fb067cd841f9ae93d4eb3b883dc0','update_time','更新日期',NULL,0,1,'date',20,0,'','','','','text','',120,'','0','','',0,1,1,0,'single','','',4,NULL,NULL,'2019-03-23 11:39:48','admin',NULL,NULL,NULL,NULL,NULL,NULL,NULL,NULL,NULL,NULL),('59ae1e853668c676e85329aa029c68a6','402860816bff91c0016bff91c0cb0000','status','状态（1：申请中 2：通过）','status',0,1,'string',2,0,'','','','','text','',120,NULL,'0','','',0,1,1,0,'group','','',11,'admin','2019-07-19 18:09:01','2019-07-17 18:54:32','admin',NULL,NULL,NULL,NULL,NULL,NULL,NULL,NULL,NULL,NULL),('5a043c7ae042e48f50d1fb0bb3d760a8','402880eb71d61d3d0171d61d3de30000','code','编码',NULL,0,1,'String',200,0,'','','','','text','',120,NULL,'0','','${order_num_rule_param}',0,1,1,0,'single','','',2,'admin','2020-05-03 00:54:16','2020-05-02 23:59:33','admin','','','','','',NULL,'0',NULL,NULL,'0'),('5a1ab458d88bb766f92c3d791495cdcd','402860816bff91c0016bff91d2810005','age','年龄','age',0,1,'int',10,0,'','','','','text','',120,NULL,'0','','',0,1,1,0,'group','','',5,'admin','2019-07-19 18:05:55','2019-07-17 18:54:35','admin',NULL,NULL,NULL,NULL,NULL,NULL,NULL,NULL,NULL,NULL),('5a4ef083dd572114aeb581b6828de545','402860816bff91c0016bff91c7010001','award_name','获奖名称','award_name',0,1,'string',255,0,'','','','','text','',120,NULL,'0','','',0,1,1,0,'group','','',5,'admin','2019-07-19 18:07:47','2019-07-17 18:54:32','admin',NULL,NULL,NULL,NULL,NULL,NULL,NULL,NULL,NULL,NULL),('5a621f27aa443fe9eccc73717e4fa172','4028318169e81b970169e81b97650000','method','请求java方法','method',0,1,'string',500,0,NULL,NULL,NULL,NULL,'text',NULL,120,NULL,'0',NULL,NULL,0,1,1,0,'group',NULL,NULL,8,NULL,NULL,'2019-04-04 19:28:36','admin',NULL,NULL,NULL,NULL,NULL,NULL,NULL,NULL,NULL,NULL),('5a655b208d6318ed02f236f15a319b5f','fbc35f067da94a70adb622ddba259352','update_time','更新日期',NULL,0,1,'Date',20,0,'','','','','datetime','',120,NULL,'0','','',0,0,0,0,'single','','',5,NULL,NULL,'2019-07-03 19:44:23','admin',NULL,NULL,NULL,NULL,NULL,NULL,NULL,NULL,NULL,NULL),('5a6f88710c49bbe8e2e0ca58e149abad','402860816bff91c0016bff91cda80003','create_by','创建人','create_by',0,1,'string',100,0,'','','','','text','',120,NULL,'0','','',0,1,1,0,'group','','',9,'admin','2019-07-19 18:06:36','2019-07-17 18:54:34','admin',NULL,NULL,NULL,NULL,NULL,NULL,NULL,NULL,NULL,NULL),('5b17ba693745c258f6b66380ac851e5f','d35109c3632c4952a19ecc094943dd71','id','主键',NULL,1,0,'string',36,0,'','','','','text','',120,'','0','','',0,1,1,0,'single','','',0,'admin','2020-02-24 17:29:16','2019-03-15 14:24:35','admin',NULL,NULL,NULL,NULL,NULL,NULL,NULL,NULL,NULL,NULL),('5c76f5ecc774d7339eb0c2199c0052bc','402860816bff91c0016bff91c0cb0000','biz_no','编号','biz_no',0,1,'string',64,0,'','','','','text','',120,NULL,'0','','',0,1,1,0,'group','','',2,'admin','2019-07-19 18:09:01','2019-07-17 18:54:32','admin',NULL,NULL,NULL,NULL,NULL,NULL,NULL,NULL,NULL,NULL),('5c8c8d573e01e4f40b5a7c451515e1d2','32feeb502544416c9bf41329c10a88f4','create_time','创建日期',NULL,0,1,'Date',20,0,'','','','','datetime','',120,NULL,'0','','',0,0,0,0,'single','','',3,'admin','2019-08-23 20:03:40','2019-07-02 18:23:23','admin',NULL,NULL,NULL,NULL,NULL,NULL,NULL,NULL,NULL,NULL),('5dfbea516ee2390d712eace5405c5219','402860816bff91c0016bff91ca7e0002','create_by','创建人','create_by',0,1,'string',100,0,'','','','','text','',120,NULL,'0','','',0,1,1,0,'group','','',9,'admin','2019-07-19 18:07:13','2019-07-17 18:54:33','admin',NULL,NULL,NULL,NULL,NULL,NULL,NULL,NULL,NULL,NULL),('5e4484b7348dc3e59a0c58bdc3828cc0','27fc5f91274344afa7673a732b279939','update_by','更新人',NULL,0,1,'string',50,0,'','','','','text','',120,NULL,'0','','',0,0,0,0,'single','','',4,'admin','2019-07-01 16:28:20','2019-07-01 16:26:42','admin',NULL,NULL,NULL,NULL,NULL,NULL,NULL,NULL,NULL,NULL),('5e4ac29ac2007ceabf93368330290a42','402860816bff91c0016bff91d8830007','order_no','序号','order_no',0,1,'int',10,0,'','','','','text','',120,NULL,'0','','',0,1,1,0,'group','','',9,'admin','2019-07-19 18:04:41','2019-07-17 18:54:37','admin',NULL,NULL,NULL,NULL,NULL,NULL,NULL,NULL,NULL,NULL),('5f5ac4d37fd1a3a09e2b19f0d4d99c0f','4adec929a6594108bef5b35ee9966e9f','code','编码',NULL,0,1,'String',200,0,'','','','','text','',120,NULL,'0','','${order_num_rule_param}',0,1,1,0,'single','','',2,'admin','2020-04-10 19:43:38','2020-04-10 19:35:58','admin','','','','','',NULL,'0',NULL,NULL,'0'),('5f718d8968d908cd2e4de6ee4c74d644','402880eb71d61d3d0171d61d3de30000','create_time','创建日期',NULL,0,1,'Date',20,0,'','','','','datetime','',120,NULL,'0','','',0,0,0,0,'single','','',7,'admin','2020-05-03 00:54:16','2020-05-02 23:59:33','admin','','','','','','text','0',NULL,NULL,'0'),('6130dbb6d36bab8ee9154e7ab58af34c','402880e570a5d7000170a5d700f50000','id','主键',NULL,1,0,'string',36,0,'','','','','text','',120,NULL,'0','','',0,0,0,0,'single',NULL,NULL,1,NULL,NULL,'2020-03-04 21:58:16','admin',NULL,NULL,NULL,NULL,NULL,NULL,NULL,NULL,NULL,NULL),('617349b18dab429009ccd304fd7d459c','4028839a6de2ebd3016de2ebd3870000','update_by','更新人','update_by',0,1,'string',50,0,NULL,NULL,NULL,NULL,'text',NULL,120,NULL,'0',NULL,NULL,0,1,1,0,'group',NULL,NULL,4,NULL,NULL,'2019-10-19 15:29:30','admin',NULL,NULL,NULL,NULL,NULL,NULL,NULL,NULL,NULL,NULL),('61c7a0058c264dd746eb35e6f50fc15b','402860816aa5921f016aa5dedcb90009','update_time','更新日期','update_time',0,1,'Date',0,0,'','','','','date','',120,NULL,'0','','',0,0,0,0,'group','','',5,'admin','2019-05-11 15:56:47','2019-05-11 15:50:08','admin',NULL,NULL,NULL,NULL,NULL,NULL,NULL,NULL,NULL,NULL),('6232ade7e2a0c1e97e2c0945b32e61b6','402860816bff91c0016bffa220a9000b','paying_social_insurance','是否上社保','paying_social_insurance',0,1,'string',20,0,'','','','','text','',120,NULL,'0','','',0,1,1,0,'group','','',32,'admin','2019-07-22 16:15:32','2019-07-17 19:12:24','admin',NULL,NULL,NULL,NULL,NULL,NULL,NULL,NULL,NULL,NULL),('6352d477b6b2751780c5852e92d0daa6','402880eb71d61d3d0171d61d3de30000','create_by','创建人',NULL,0,1,'string',50,0,'','','','','text','',120,NULL,'0','','',0,0,0,0,'single','','',6,'admin','2020-05-03 00:54:16','2020-05-02 23:59:33','admin','','','','','',NULL,'0',NULL,NULL,'0'),('635e09afc01aad757faacf1321465c23','b81de38db24047b497d476516f8a0865','update_by','更新人',NULL,0,1,'string',50,0,'','','','','text','',120,NULL,'0','','',0,0,0,0,'single','','',4,NULL,NULL,'2020-02-24 14:56:08','admin',NULL,NULL,NULL,NULL,NULL,NULL,NULL,NULL,NULL,NULL),('6490a98dccb6df218feaeb4ce11bc03b','402860816aa5921f016aa5921f480000','update_time','修改时间','update_time',0,1,'Date',0,0,'','','','','date','',120,NULL,'0','','',0,0,0,0,'group','','',10,'admin','2019-05-11 15:31:54','2019-05-11 14:26:19','admin',NULL,NULL,NULL,NULL,NULL,NULL,NULL,NULL,NULL,NULL),('654362725195829005036b3db47ec826','402860816bff91c0016bffa220a9000b','post','职务','post',0,1,'string',100,0,'','','','','text','',120,NULL,'0','','',0,1,1,0,'group','','',4,'admin','2019-07-22 16:15:32','2019-07-17 19:12:24','admin',NULL,NULL,NULL,NULL,NULL,NULL,NULL,NULL,NULL,NULL),('66a7ef842bc34e105a90186e48167ef2','dbf4675875e14676a3f9a8b2b8941140','create_time','创建日期',NULL,0,1,'Date',20,0,'','','','','datetime','',120,NULL,'0','','',0,0,0,0,'single','','',3,NULL,NULL,'2019-05-27 18:02:07','admin',NULL,NULL,NULL,NULL,NULL,NULL,NULL,NULL,NULL,NULL),('68769fa7e4696e3a28f4cecf63076b7b','402860816bff91c0016bff91ca7e0002','order_no','序号','order_no',0,1,'int',10,0,'','','','','text','',120,NULL,'0','','',0,1,1,0,'group','','',8,'admin','2019-07-19 18:07:13','2019-07-17 18:54:33','admin',NULL,NULL,NULL,NULL,NULL,NULL,NULL,NULL,NULL,NULL),('69666f21896136af16a6303aff440156','402860816bff91c0016bffa220a9000b','nation','民族','nation',0,1,'string',100,0,'','','','','text','',120,NULL,'0','','',0,1,1,0,'group','','',11,'admin','2019-07-22 16:15:32','2019-07-17 19:12:24','admin',NULL,NULL,NULL,NULL,NULL,NULL,NULL,NULL,NULL,NULL),('69d11490788fecfc9fb7d74bf449ba86','32f75e4043ef4070919dbd4337186a3d','create_time','创建日期',NULL,0,1,'Date',20,0,'','','','','datetime','',120,NULL,'0','','',0,0,0,0,'single','','',2,'admin','2019-04-11 10:15:32','2019-03-27 15:54:49','admin',NULL,NULL,NULL,NULL,NULL,NULL,NULL,NULL,NULL,NULL),('6a0082c8ffbae092e99689520f1c83f7','4fb8e12a697f4d5bbe9b9fb1e9009486','update_time','更新日期',NULL,0,1,'Date',20,0,'','','','','datetime','',120,NULL,'0','','',0,0,0,0,'single','','',9,'admin','2020-04-10 19:51:27','2020-04-10 19:47:01','admin','','','','','','text','0',NULL,NULL,'0'),('6a30c2e6f01ddd24349da55a37025cc0','d35109c3632c4952a19ecc094943dd71','top_pic','头像',NULL,0,1,'String',500,0,'','','','','image','',120,NULL,'0','','',0,1,1,0,'single','','',11,'admin','2020-02-24 17:29:16','2019-06-10 20:06:56','admin',NULL,NULL,NULL,NULL,NULL,NULL,NULL,NULL,NULL,NULL),('6b21f5239671023ca769b6717a51130e','402880eb71d61d3d0171d61d3de30000','update_by','更新人',NULL,0,1,'string',50,0,'','','','','text','',120,NULL,'0','','',0,0,0,0,'single','','',8,'admin','2020-05-03 00:54:16','2020-05-02 23:59:33','admin','','','','','','text','0',NULL,NULL,'0'),('6b6f3aa00b8e73fb785154e795189739','402860816aa5921f016aa5dedcb90009','start_time','会签发起时间','start_time',0,1,'Date',0,0,'','','','','date','',120,NULL,'0','','',0,1,1,0,'group','','',7,'admin','2019-05-11 15:56:47','2019-05-11 15:50:08','admin',NULL,NULL,NULL,NULL,NULL,NULL,NULL,NULL,NULL,NULL),('6cfb5acbbb69782bf0c7043b53f595b2','402860816bff91c0016bff91cda80003','update_by','更新人','update_by',0,1,'string',100,0,'','','','','text','',120,NULL,'0','','',0,1,1,0,'group','','',11,'admin','2019-07-19 18:06:36','2019-07-17 18:54:34','admin',NULL,NULL,NULL,NULL,NULL,NULL,NULL,NULL,NULL,NULL),('6e5c9d8e8b7eb6980ec246cb813b180b','4fb8e12a697f4d5bbe9b9fb1e9009486','sys_org_code','所属部门',NULL,0,1,'string',64,0,'','','','','text','',120,NULL,'0','','',0,0,0,0,'single','','',10,'admin','2020-04-10 19:51:27','2020-04-10 19:47:01','admin','','','','','','text','0',NULL,NULL,'0'),('6f73e96a659c200c083006b6fce1f043','402860816bff91c0016bff91ca7e0002','cert_name','证书名称','cert_name',0,1,'string',100,0,'','','','','text','',120,NULL,'0','','',0,1,1,0,'group','','',4,'admin','2019-07-19 18:07:13','2019-07-17 18:54:33','admin',NULL,NULL,NULL,NULL,NULL,NULL,NULL,NULL,NULL,NULL),('7154c75d754a5f88bef2b68829baf576','4028318169e81b970169e81b97650000','operate_type','操作类型','operate_type',0,1,'string',10,0,NULL,NULL,NULL,NULL,'text',NULL,120,NULL,'0',NULL,NULL,0,1,1,0,'group',NULL,NULL,4,NULL,NULL,'2019-04-04 19:28:36','admin',NULL,NULL,NULL,NULL,NULL,NULL,NULL,NULL,NULL,NULL),('71afb00a1971125ecfa13b4dfa49665e','402860816bff91c0016bff91cfea0004','order_no','序号','order_no',0,1,'int',10,0,'','','','','text','',120,NULL,'0','','',0,1,1,0,'group','','',8,'admin','2019-07-19 18:05:13','2019-07-17 18:54:35','admin',NULL,NULL,NULL,NULL,NULL,NULL,NULL,NULL,NULL,NULL),('71d5b0675df5aba71688c9d7d75cccee','4028318169e81b970169e81b97650000','log_type','日志类型（1登录日志，2操作日志）','log_type',0,1,'string',10,0,NULL,NULL,NULL,NULL,'text',NULL,120,NULL,'0',NULL,NULL,0,1,1,0,'group',NULL,NULL,2,NULL,NULL,'2019-04-04 19:28:36','admin',NULL,NULL,NULL,NULL,NULL,NULL,NULL,NULL,NULL,NULL),('71e9ab74dae687837365e50eed090591','1acb6f81a1d9439da6cc4e868617b565','id','主键',NULL,1,0,'string',36,0,'','','','','text','',120,NULL,'0','','',0,0,0,0,'single','','',1,'admin','2019-06-10 14:47:14','2019-04-23 22:58:19','admin',NULL,NULL,NULL,NULL,NULL,NULL,NULL,NULL,NULL,NULL),('7280c56a210e6a47794fda855d0c6abb','fbc35f067da94a70adb622ddba259352','update_by','更新人',NULL,0,1,'string',50,0,'','','','','text','',120,NULL,'0','','',0,0,0,0,'single','','',4,NULL,NULL,'2019-07-03 19:44:23','admin',NULL,NULL,NULL,NULL,NULL,NULL,NULL,NULL,NULL,NULL),('72e784af5c47bbbc0534b29bf656bd61','4028839a6de2ebd3016de2ebd3870000','id','主键','id',1,0,'string',36,0,NULL,NULL,NULL,NULL,'text',NULL,120,NULL,'0',NULL,NULL,0,0,0,0,'group',NULL,NULL,1,NULL,NULL,'2019-10-19 15:29:30','admin',NULL,NULL,NULL,NULL,NULL,NULL,NULL,NULL,NULL,NULL),('7365f05f551092716223d5d449efd8c7','beee191324fd40c1afec4fda18bd9d47','name','ss',NULL,0,1,'String',32,0,'','','','','text','',120,NULL,'0','','',0,1,1,0,'single','','',6,'admin','2019-04-13 13:41:13','2019-04-13 13:40:56','admin',NULL,NULL,NULL,NULL,NULL,NULL,NULL,NULL,NULL,NULL),('73dc6089556f3446e39d42df3dedb2db','402880e570a5d7000170a5d700f50000','num','数量',NULL,0,1,'int',32,0,'','','','','text','',120,'n','0','','',0,1,1,0,'single',NULL,NULL,8,NULL,NULL,'2020-03-04 21:58:16','admin',NULL,NULL,NULL,NULL,NULL,NULL,NULL,NULL,NULL,NULL),('742329ccdb185cf5d3e0b5b0c05dcffa','402860816bff91c0016bffa220a9000b','interest','兴趣爱好','interest',0,1,'string',255,0,'','','','','text','',120,NULL,'0','','',0,1,1,0,'group','','',34,'admin','2019-07-22 16:15:32','2019-07-17 19:12:24','admin',NULL,NULL,NULL,NULL,NULL,NULL,NULL,NULL,NULL,NULL),('744444a7ada3bbb05c6b114b5ba0d477','402860816aa5921f016aa5dedcb90009','id','id','id',1,0,'string',36,0,'','','','','text','',120,NULL,'0','','',0,0,0,0,'group','','',1,'admin','2019-05-11 15:56:47','2019-05-11 15:50:08','admin',NULL,NULL,NULL,NULL,NULL,NULL,NULL,NULL,NULL,NULL),('74af99545de724a4abd2022581a36026','fb7125a344a649b990c12949945cb6c1','create_time','创建日期',NULL,0,1,'Date',20,0,'','','','','text','',120,'','0','','',0,0,0,0,'single','','',2,'admin','2019-03-26 19:24:11','2019-03-26 19:01:52','admin',NULL,NULL,NULL,NULL,NULL,NULL,NULL,NULL,NULL,NULL),('756b07656386dbd91245f7ffda32ae61','402860816bff91c0016bff91d8830007','id','id','id',1,1,'string',32,0,'','','','','text','',120,NULL,'0','','',0,0,0,0,'group','','',1,'admin','2019-07-19 18:04:41','2019-07-17 18:54:37','admin',NULL,NULL,NULL,NULL,NULL,NULL,NULL,NULL,NULL,NULL),('75841fa7c75ebdc94655bd5e44fbc9f6','402860816bff91c0016bffa220a9000b','native_place','籍贯','native_place',0,1,'string',100,0,'','','','','text','',120,NULL,'0','','',0,1,1,0,'group','','',10,'admin','2019-07-22 16:15:32','2019-07-17 19:12:24','admin',NULL,NULL,NULL,NULL,NULL,NULL,NULL,NULL,NULL,NULL),('75ba781c67711bed71bba1c3e3c68e11','8994f2817b5a45d9890aa04497a317c5','id','主键',NULL,1,0,'string',36,0,'','','','','text','',120,'','0','','',0,1,1,0,'single','','',0,NULL,NULL,'2019-03-23 11:39:16','admin',NULL,NULL,NULL,NULL,NULL,NULL,NULL,NULL,NULL,NULL),('75e82f151e8cc12455f7f0d25bf4dac0','4028839a6de2ebd3016de2ebd3870000','wl_name','物料名称','wl_name',0,1,'string',100,0,NULL,NULL,NULL,NULL,'text',NULL,120,NULL,'0',NULL,NULL,0,1,1,0,'group',NULL,NULL,7,NULL,NULL,'2019-10-19 15:29:30','admin',NULL,NULL,NULL,NULL,NULL,NULL,NULL,NULL,NULL,NULL),('7639c1bc4327f1f674ffeab2ca261134','32f75e4043ef4070919dbd4337186a3d','update_by','更新人登录名称',NULL,0,1,'string',50,0,'','','','','text','',120,NULL,'0','','',0,0,0,0,'single','','',3,'admin','2019-04-11 10:15:32','2019-03-27 15:54:49','admin',NULL,NULL,NULL,NULL,NULL,NULL,NULL,NULL,NULL,NULL),('766ca866b72d118f5d8883de46a8c043','4028839a6de2ebd3016de2ebd3870000','supplier','供应商','supplier',0,1,'string',32,0,NULL,NULL,NULL,NULL,'text',NULL,120,NULL,'0',NULL,NULL,0,1,1,0,'group',NULL,NULL,15,NULL,NULL,'2019-10-19 15:29:30','admin',NULL,NULL,NULL,NULL,NULL,NULL,NULL,NULL,NULL,NULL),('78a40344207c791b8d7ac7de721ce1c4','79091e8277c744158530321513119c68','create_time','创建日期',NULL,0,1,'Date',20,0,'','','','','datetime','',120,NULL,'0','','',0,0,0,0,'single','','',3,'admin','2019-05-11 15:29:47','2019-05-11 15:27:17','admin',NULL,NULL,NULL,NULL,NULL,NULL,NULL,NULL,NULL,NULL),('78eb7e3b77cd49f9acb9b024cfe834e1','402860816aa5921f016aa5dedcb90009','create_time','创建日期','create_time',0,1,'Date',0,0,'','','','','date','',120,NULL,'0','','',0,0,0,0,'group','','',3,'admin','2019-05-11 15:56:47','2019-05-11 15:50:08','admin',NULL,NULL,NULL,NULL,NULL,NULL,NULL,NULL,NULL,NULL),('78fd804d93dc716fd8c2ccc45f788565','fb7125a344a649b990c12949945cb6c1','create_by','创建人',NULL,0,1,'string',50,0,'','','','','text','',120,'','0','','',0,0,0,0,'single','','',1,'admin','2019-03-26 19:24:11','2019-03-26 19:01:52','admin',NULL,NULL,NULL,NULL,NULL,NULL,NULL,NULL,NULL,NULL),('790c9f3dba773ed9a6ea3ad627393f57','402860816bff91c0016bffa220a9000b','archives_location','档案所在地','archives_location',0,1,'string',255,0,'','','','','text','',120,NULL,'0','','',0,1,1,0,'group','','',36,'admin','2019-07-22 16:15:32','2019-07-17 19:12:24','admin',NULL,NULL,NULL,NULL,NULL,NULL,NULL,NULL,NULL,NULL),('7a665ed90ef64b4d65632c941e5795b2','4b556f0168f64976a3d20bfb932bc798','sex','性别',NULL,0,1,'String',32,0,'','','','','text','',120,NULL,'0','','',0,1,1,0,'single','','',7,NULL,NULL,'2019-04-12 23:38:29','admin',NULL,NULL,NULL,NULL,NULL,NULL,NULL,NULL,NULL,NULL),('7b4c181e4ebd76022f75535ed6fd9de3','4adec929a6594108bef5b35ee9966e9f','update_time','更新日期',NULL,0,1,'Date',20,0,'','','','','datetime','',120,NULL,'0','','',0,0,0,0,'single','','',10,'admin','2020-04-10 19:43:38','2020-04-10 19:35:58','admin','','','','','','text','0',NULL,NULL,'0'),('7b642d983ac06bfef91edde2c932dbe7','1acb6f81a1d9439da6cc4e868617b565','xg_shangxian','选购上限',NULL,0,1,'int',32,0,'','','','','text','',120,NULL,'0','','',0,1,1,0,'single','','',14,'admin','2019-06-10 14:47:14','2019-04-23 22:58:19','admin',NULL,NULL,NULL,NULL,NULL,NULL,NULL,NULL,NULL,NULL),('7b849e57debfb889caea5e0fef09062b','beee191324fd40c1afec4fda18bd9d47','sex2','dd',NULL,0,1,'String',32,0,'','','','','text','',120,NULL,'0','','',0,1,1,0,'single','','',7,'admin','2019-04-13 13:41:13','2019-04-13 13:40:56','admin',NULL,NULL,NULL,NULL,NULL,NULL,NULL,NULL,NULL,NULL),('7beb639aa9ffda07edb5ce1e49c2287f','402860816bff91c0016bff91d2810005','update_time','更新时间','update_time',0,1,'Date',0,0,'','','','','date','',120,NULL,'0','','',0,1,1,0,'group','','',13,'admin','2019-07-19 18:05:55','2019-07-17 18:54:35','admin',NULL,NULL,NULL,NULL,NULL,NULL,NULL,NULL,NULL,NULL),('7bf091da401b74d55b107fe9f930ea54','4028839a6de2ebd3016de2ebd3870000','create_by','创建人','create_by',0,1,'string',50,0,NULL,NULL,NULL,NULL,'text',NULL,120,NULL,'0',NULL,NULL,0,1,1,0,'group',NULL,NULL,2,NULL,NULL,'2019-10-19 15:29:30','admin',NULL,NULL,NULL,NULL,NULL,NULL,NULL,NULL,NULL,NULL),('7c6aecc377816c69147f1193b17dfcc5','e9faf717024b4aae95cff224ae9b6d97','sex','员工性别',NULL,0,1,'string',32,0,'','','','','text','',120,NULL,'0','','',0,1,1,0,'single','','',8,'admin','2019-07-03 18:23:49','2019-07-03 18:22:35','admin',NULL,NULL,NULL,NULL,NULL,NULL,NULL,NULL,NULL,NULL),('7cadf4e0be0b173bb5b8d39613e25190','402860816bff91c0016bffa220a9000b','residence_postcode','户籍邮编','residence_postcode',0,1,'string',10,0,'','','','','text','',120,NULL,'0','','',0,1,1,0,'group','','',29,'admin','2019-07-22 16:15:32','2019-07-17 19:12:24','admin',NULL,NULL,NULL,NULL,NULL,NULL,NULL,NULL,NULL,NULL),('7cdbe0d563e15f3fb1fb32d996fe4ba7','3d447fa919b64f6883a834036c14aa67','area','区',NULL,0,1,'String',100,0,'','','','','text','',120,NULL,'0','','',0,1,1,0,'single','','',4,'admin','2020-02-21 17:58:46','2020-02-20 16:19:00','admin',NULL,NULL,NULL,NULL,NULL,NULL,NULL,NULL,NULL,NULL),('7d107728408c21ece332406a21f2d692','402860816bff91c0016bff91cfea0004','update_by','更新人','update_by',0,1,'string',100,0,'','','','','text','',120,NULL,'0','','',0,1,1,0,'group','','',11,'admin','2019-07-19 18:05:13','2019-07-17 18:54:35','admin',NULL,NULL,NULL,NULL,NULL,NULL,NULL,NULL,NULL,NULL),('7e066f60680158d47b328ef519d80e49','beee191324fd40c1afec4fda18bd9d47','create_time','创建日期',NULL,0,1,'Date',20,0,'','','','','datetime','',120,NULL,'0','','',0,0,0,0,'single','','',3,'admin','2019-04-13 13:41:13','2019-04-13 13:40:56','admin',NULL,NULL,NULL,NULL,NULL,NULL,NULL,NULL,NULL,NULL),('7f10901c6ade3aa9d9ff46ed7039c70f','1acb6f81a1d9439da6cc4e868617b565','create_time','创建日期',NULL,0,1,'Date',20,0,'','','','','datetime','',120,NULL,'0','','',0,0,0,0,'single','','',3,'admin','2019-06-10 14:47:14','2019-04-23 22:58:19','admin',NULL,NULL,NULL,NULL,NULL,NULL,NULL,NULL,NULL,NULL),('813a5ebf7335309c7edb3803f7e4b204','402880e570a5d7000170a5d700f50000','create_by','创建人',NULL,0,1,'string',50,0,'','','','','text','',120,NULL,'0','','',0,0,0,0,'single',NULL,NULL,2,NULL,NULL,'2020-03-04 21:58:16','admin',NULL,NULL,NULL,NULL,NULL,NULL,NULL,NULL,NULL,NULL),('81ed9556c9fda1bbb46d94a53a6c90c7','402860816bff91c0016bff91c0cb0000','depart_name','部门名称','depart',0,1,'string',100,0,'','','','','text','',120,NULL,'0','','',0,1,1,0,'group','','',7,'admin','2019-07-19 18:09:01','2019-07-17 18:54:32','admin',NULL,NULL,NULL,NULL,NULL,NULL,NULL,NULL,NULL,NULL),('840343a59a8e705821d393506c2bc1fe','402880e570a5d7000170a5d700f50000','create_time','创建日期',NULL,0,1,'Date',20,0,'','','','','datetime','',120,NULL,'0','','',0,0,0,0,'single',NULL,NULL,3,NULL,NULL,'2020-03-04 21:58:16','admin',NULL,NULL,NULL,NULL,NULL,NULL,NULL,NULL,NULL,NULL),('8422485e1cbf4455f9ded7d0af59379c','402860816bff91c0016bff91cfea0004','to_time','截止时间','to_time',0,1,'Date',0,0,'','','','','date','',120,NULL,'0','','',0,1,1,0,'group','','',4,'admin','2019-07-19 18:05:13','2019-07-17 18:54:35','admin',NULL,NULL,NULL,NULL,NULL,NULL,NULL,NULL,NULL,NULL),('845c70568d44a074f067d6d277950525','402860816bff91c0016bffa220a9000b','entrytime','入职时间','entrytime',0,1,'Date',0,0,'','','','','date','',120,NULL,'0','','',0,1,1,0,'group','','',23,'admin','2019-07-22 16:15:32','2019-07-17 19:12:24','admin',NULL,NULL,NULL,NULL,NULL,NULL,NULL,NULL,NULL,NULL),('8529ddaed8d5f3d9084e873203d55cac','402860816bff91c0016bffa220a9000b','marital_status','婚姻状况','marital_status',0,1,'string',20,0,'','','','','text','',120,NULL,'0','','',0,1,1,0,'group','','',24,'admin','2019-07-22 16:15:32','2019-07-17 19:12:24','admin',NULL,NULL,NULL,NULL,NULL,NULL,NULL,NULL,NULL,NULL),('857a0daa9cd8a058f2f15fc7c5fb3571','402860816bff91c0016bffa220a9000b','email','邮箱','email',0,1,'string',255,0,'','','','','text','',120,NULL,'0','','',0,1,1,0,'group','','',17,'admin','2019-07-22 16:15:32','2019-07-17 19:12:24','admin',NULL,NULL,NULL,NULL,NULL,NULL,NULL,NULL,NULL,NULL),('85e43fa87074845f86cf52606a23a57c','b81de38db24047b497d476516f8a0865','update_time','更新日期',NULL,0,1,'Date',20,0,'','','','','datetime','',120,NULL,'0','','',0,0,0,0,'single','','',5,NULL,NULL,'2020-02-24 14:56:08','admin',NULL,NULL,NULL,NULL,NULL,NULL,NULL,NULL,NULL,NULL),('8652ca69a947fd4c961a3ac7c0fa252a','fb19fb067cd841f9ae93d4eb3b883dc0','create_by','创建人登录名称',NULL,0,1,'string',50,0,'','','','','text','',120,'','0','','',0,1,1,0,'single','','',1,NULL,NULL,'2019-03-23 11:39:48','admin',NULL,NULL,NULL,NULL,NULL,NULL,NULL,NULL,NULL,NULL),('86bbafef5683674a736cf7241c458d44','27fc5f91274344afa7673a732b279939','create_by','创建人',NULL,0,1,'string',50,0,'','','','','text','',120,NULL,'0','','',0,0,0,0,'single','','',2,'admin','2019-07-01 16:28:20','2019-07-01 16:26:42','admin',NULL,NULL,NULL,NULL,NULL,NULL,NULL,NULL,NULL,NULL),('86e0f3a8f31c60698157f139ed993954','402860816bff91c0016bffa220a9000b','having_reserve_funds','是否有公积金','having_reserve_funds',0,1,'string',20,0,'','','','','text','',120,NULL,'0','','',0,1,1,0,'group','','',33,'admin','2019-07-22 16:15:32','2019-07-17 19:12:24','admin',NULL,NULL,NULL,NULL,NULL,NULL,NULL,NULL,NULL,NULL),('86f29e9919766e0d1128263608c016a0','997ee931515a4620bc30a9c1246429a9','type_name','商品分类',NULL,0,1,'string',32,0,'','','','','text','',120,NULL,'0','','',0,1,1,0,'single','','',7,'admin','2020-05-03 00:57:44','2020-05-03 00:56:56','admin','','','','','','text','0',NULL,NULL,'0'),('873e2bb041b17bff77d3aca72900ea1b','56870166aba54ebfacb20ba6c770bd73','order_code','订单编码',NULL,0,1,'String',32,0,'','','','','text','',120,NULL,'0','','',0,1,1,0,'single','','',6,'admin','2020-05-03 01:01:30','2019-04-20 11:38:39','admin','','','','','',NULL,'0',NULL,NULL,'0'),('877391ae770a4ce2c95181ef410982ce','4028318169e81b970169e81b97650000','request_param','请求参数','request_param',0,1,'string',255,0,NULL,NULL,NULL,NULL,'text',NULL,120,NULL,'0',NULL,NULL,0,1,1,0,'group',NULL,NULL,10,NULL,NULL,'2019-04-04 19:28:36','admin',NULL,NULL,NULL,NULL,NULL,NULL,NULL,NULL,NULL,NULL),('87e82e3c723a6abb020122babdac6bd1','8994f2817b5a45d9890aa04497a317c5','create_by','创建人登录名称',NULL,0,1,'string',50,0,'','','','','text','',120,'','0','','',0,1,1,0,'single','','',1,NULL,NULL,'2019-03-23 11:39:16','admin',NULL,NULL,NULL,NULL,NULL,NULL,NULL,NULL,NULL,NULL),('87f7a2703c5850f0b063dd866d0e2917','402860816bff91c0016bffa220a9000b','birthday','出生日期','birthday',0,1,'Date',0,0,'','','','','date','',120,NULL,'0','','',0,1,1,0,'group','','',7,'admin','2019-07-22 16:15:32','2019-07-17 19:12:24','admin',NULL,NULL,NULL,NULL,NULL,NULL,NULL,NULL,NULL,NULL),('87fafe1a4a8a626e3875697574c19f15','402860816bff91c0016bff91d2810005','sys_org_code','组织机构编码','sys_org_code',0,1,'string',50,0,'','','','','text','',120,NULL,'0','','',0,1,1,0,'group','','',14,'admin','2019-07-19 18:05:55','2019-07-17 18:54:35','admin',NULL,NULL,NULL,NULL,NULL,NULL,NULL,NULL,NULL,NULL),('883265736ad6db0c98a7517d1f4a2488','402880eb71d52dc30171d52dc3a10000','main_id','主表ID',NULL,0,1,'String',200,0,'','','','','text','',120,NULL,'0','','',0,0,0,0,'single',NULL,NULL,5,NULL,NULL,'2020-05-02 19:37:59','admin','','','','','',NULL,'0',NULL,NULL,'0'),('88a12570e14c9f6f442e731ae5ad0eb1','beee191324fd40c1afec4fda18bd9d47','update_by','更新人',NULL,0,1,'string',50,0,'','','','','text','',120,NULL,'0','','',0,0,0,0,'single','','',4,'admin','2019-04-13 13:41:13','2019-04-13 13:40:56','admin',NULL,NULL,NULL,NULL,NULL,NULL,NULL,NULL,NULL,NULL),('89370ae67e241fa5d1e47d22adeaca7b','402880eb71d52dc30171d52dc3a10000','date','日期',NULL,0,1,'string',200,0,'','','','','text','',120,NULL,'0','','#{date}',0,1,1,0,'single',NULL,NULL,4,NULL,NULL,'2020-05-02 19:37:58','admin','','','','','',NULL,'0',NULL,NULL,'0'),('89ab9eedbac6141e7a0df6d37a3655d0','e67d26b610dd414c884c4dbb24e71ce3','update_by','更新人',NULL,0,1,'string',50,0,'','','','','text','',120,NULL,'0','','',0,0,0,0,'single','','',4,'admin','2019-04-24 11:03:32','2019-04-24 11:02:57','admin',NULL,NULL,NULL,NULL,NULL,NULL,NULL,NULL,NULL,NULL),('8a24fb45e2af120c253c8b61c0085f7a','402860816bff91c0016bff91cda80003','sys_org_code','组织机构编码','sys_org_code',0,1,'string',50,0,'','','','','text','',120,NULL,'0','','',0,1,1,0,'group','','',13,'admin','2019-07-19 18:06:36','2019-07-17 18:54:34','admin',NULL,NULL,NULL,NULL,NULL,NULL,NULL,NULL,NULL,NULL),('8ac8a0c0087469a4e7579229ff17f273','e5464aa8fa7b47c580e91593cf9b46dc','jifen','合计积分',NULL,0,1,'int',32,0,'','','','','text','',120,NULL,'0','','',0,1,1,0,'single','','',10,'admin','2019-04-24 17:09:49','2019-04-24 11:05:10','admin',NULL,NULL,NULL,NULL,NULL,NULL,NULL,NULL,NULL,NULL),('8bd4deadc9e96c1a6d7abd77033105f6','e67d26b610dd414c884c4dbb24e71ce3','update_time','更新日期',NULL,0,1,'Date',20,0,'','','','','datetime','',120,NULL,'0','','',0,0,0,0,'single','','',5,'admin','2019-04-24 11:03:32','2019-04-24 11:02:57','admin',NULL,NULL,NULL,NULL,NULL,NULL,NULL,NULL,NULL,NULL),('8c6518fec11fc4769ba4eb770c9e00f7','4028839a6de2ebd3016de2ebd3870000','integral_val','积分值','integral_val',0,1,'int',10,0,NULL,NULL,NULL,NULL,'text',NULL,120,NULL,'0',NULL,NULL,0,1,1,0,'group',NULL,NULL,11,NULL,NULL,'2019-10-19 15:29:30','admin',NULL,NULL,NULL,NULL,NULL,NULL,NULL,NULL,NULL,NULL),('8ca56210938fbe649f840e505eb9fd41','56870166aba54ebfacb20ba6c770bd73','create_by','创建人',NULL,0,1,'string',50,0,'','','','','text','',120,NULL,'0','','',0,0,0,0,'single','','',2,'admin','2020-05-03 01:01:30','2019-04-20 11:38:39','admin','','','','','',NULL,'0',NULL,NULL,'0'),('8e080f4ded1e3b2a1daa5b11eca4a0ff','4adec929a6594108bef5b35ee9966e9f','create_by','创建人',NULL,0,1,'string',50,0,'','','','','text','',120,NULL,'0','','',0,0,0,0,'single','','',7,'admin','2020-04-10 19:43:38','2020-04-10 19:35:58','admin','','','','','','text','0',NULL,NULL,'0'),('8e131d4a438c907b3272474780be7603','402880eb71d52dc30171d52dc3a10000','update_by','更新人',NULL,0,1,'string',50,0,'','','','','text','',120,NULL,'0','','',0,0,0,0,'single',NULL,NULL,8,NULL,NULL,'2020-05-02 19:37:58','admin','','','','','','text','0',NULL,NULL,'0'),('8e1e4cb5c41ba685c48ebabf0aacc469','402880eb71d61d3d0171d61d3de30000','name','名称',NULL,0,1,'String',200,0,'','','','','text','',120,NULL,'0','','#{sysUserName}',0,1,0,0,'single','','',3,'admin','2020-05-03 00:54:16','2020-05-02 23:59:33','admin','','','','','',NULL,'0',NULL,NULL,'0'),('8ea43fd1e4ce82becee61b2f1e2e843f','32feeb502544416c9bf41329c10a88f4','sex','性别',NULL,0,1,'String',32,0,'','sex','','','list','',120,NULL,'0','','',0,1,1,0,'single','','',8,'admin','2019-08-23 20:03:40','2019-07-02 18:23:23','admin',NULL,NULL,NULL,NULL,NULL,NULL,NULL,NULL,NULL,NULL),('8f1d302868640b72cef52171a023a203','e9faf717024b4aae95cff224ae9b6d97','update_by','更新人',NULL,0,1,'string',50,0,'','','','','text','',120,NULL,'0','','',0,0,0,0,'single','','',4,'admin','2019-07-03 18:23:49','2019-07-03 18:22:35','admin',NULL,NULL,NULL,NULL,NULL,NULL,NULL,NULL,NULL,NULL),('8f3e6fb68179c690f748f3c541fb50f1','7ea60a25fa27470e9080d6a921aabbd1','create_time','创建日期',NULL,0,1,'Date',20,0,'','','','','datetime','',120,NULL,'0','','',0,0,0,0,'single','','',3,NULL,NULL,'2019-04-17 00:22:21','admin',NULL,NULL,NULL,NULL,NULL,NULL,NULL,NULL,NULL,NULL),('8fc0be84bed1216635c69af918e097ff','402860816aa5921f016aa5dedcb90009','name','并行会签标题','name',0,1,'string',32,0,'','','','','text','',120,NULL,'0','','',0,1,1,0,'group','','',6,'admin','2019-05-11 15:56:47','2019-05-11 15:50:08','admin',NULL,NULL,NULL,NULL,NULL,NULL,NULL,NULL,NULL,NULL),('90a822b8a63bbbc1e9575c9f4e21e021','d35109c3632c4952a19ecc094943dd71','descc','描述',NULL,0,1,'string',500,0,'','','','','textarea','',120,'','0','','',0,1,1,0,'single','','',8,'admin','2020-02-24 17:29:16','2019-03-15 14:24:35','admin',NULL,NULL,NULL,NULL,NULL,NULL,NULL,NULL,NULL,NULL),('90f39a6e29dae2e1fbb59d7d605f7c09','1acb6f81a1d9439da6cc4e868617b565','iz_valid','启用状态',NULL,0,1,'String',2,0,'','air_china_valid','','','list','',120,NULL,'0','','',0,1,1,0,'single','','',11,'admin','2019-06-10 14:47:14','2019-04-23 22:58:19','admin',NULL,NULL,NULL,NULL,NULL,NULL,NULL,NULL,NULL,NULL),('91be98b96dea1528abc943f9f131fd16','402880e570a5d7000170a5d700f50000','price','价格',NULL,0,1,'double',32,0,'','','','','text','',120,'n','0','','',0,1,1,0,'single',NULL,NULL,7,NULL,NULL,'2020-03-04 21:58:16','admin',NULL,NULL,NULL,NULL,NULL,NULL,NULL,NULL,NULL,NULL),('91f7cd9b59c0da033363f8a09b02ec96','3d447fa919b64f6883a834036c14aa67','create_time','创建日期',NULL,0,1,'Date',20,0,'','','','','datetime','',120,NULL,'0','','',0,0,0,0,'single','','',5,'admin','2020-02-21 17:58:46','2020-02-20 16:19:00','admin',NULL,NULL,NULL,NULL,NULL,NULL,NULL,NULL,NULL,NULL),('9341a3b2a734d8c73455c136e1cac8ad','4fb8e12a697f4d5bbe9b9fb1e9009486','update_by','更新人',NULL,0,1,'string',50,0,'','','','','text','',120,NULL,'0','','',0,0,0,0,'single','','',8,'admin','2020-04-10 19:51:27','2020-04-10 19:47:01','admin','','','','','','text','0',NULL,NULL,'0'),('9370c9304af30b8d29defe0a5ada6e5b','62e29cdb81ac44d1a2d8ff89851b853d','DC_DDSA','DD',NULL,0,1,'String',32,0,'','','','','text','',120,NULL,'0','','',0,1,1,0,'single','','',6,NULL,NULL,'2019-05-11 14:01:14','admin',NULL,NULL,NULL,NULL,NULL,NULL,NULL,NULL,NULL,NULL),('9371f61d39c5d57ddb0a2db96b2e2412','402860816bff91c0016bffa220a9000b','speciality','专业','speciality',0,1,'string',100,0,'','','','','text','',120,NULL,'0','','',0,1,1,0,'group','','',15,'admin','2019-07-22 16:15:32','2019-07-17 19:12:24','admin',NULL,NULL,NULL,NULL,NULL,NULL,NULL,NULL,NULL,NULL),('947174892512ea97fafde899d427ea7e','402860816bff91c0016bff91c0cb0000','real_name','姓名','real_name',0,1,'string',100,0,'','','','','text','',120,NULL,'0','','',0,1,1,0,'group','','',4,'admin','2019-07-19 18:09:01','2019-07-17 18:54:32','admin',NULL,NULL,NULL,NULL,NULL,NULL,NULL,NULL,NULL,NULL),('94b8bf435175cc545366e11992280757','32f75e4043ef4070919dbd4337186a3d','age','年龄',NULL,0,1,'int',32,0,'','','','','text','',120,NULL,'0','','',1,1,1,0,'group','','',7,'admin','2019-04-11 10:15:32','2019-03-27 15:54:49','admin',NULL,NULL,NULL,NULL,NULL,NULL,NULL,NULL,NULL,NULL),('94e682cb802777fe4205536888f69353','402860816bff91c0016bff91d2810005','create_by','创建人','create_by',0,1,'string',100,0,'','','','','text','',120,NULL,'0','','',0,1,1,0,'group','','',10,'admin','2019-07-19 18:05:55','2019-07-17 18:54:35','admin',NULL,NULL,NULL,NULL,NULL,NULL,NULL,NULL,NULL,NULL),('951c51699d728072d88196d30f7aad10','4adec929a6594108bef5b35ee9966e9f','address','地址',NULL,0,1,'String',200,0,'','','','','text','',120,NULL,'0','','{{ demoFieldDefVal_getAddress() }}',0,1,1,0,'single','','',5,'admin','2020-04-10 19:43:38','2020-04-10 19:35:58','admin','','','','','',NULL,'0',NULL,NULL,'0'),('957386b500be42a200d6a56d54345392','deea5a8ec619460c9245ba85dbc59e80','num','数量',NULL,0,1,'int',32,0,'','','','','text','',120,'n','0','','',0,1,1,0,'single','','',8,'admin','2020-05-03 01:01:18','2019-04-20 11:41:19','admin','','','','','',NULL,'0',NULL,NULL,'0'),('960d2847922b61dadeb3518ef55fb0c1','1acb6f81a1d9439da6cc4e868617b565','wl_name','物料名称',NULL,0,1,'String',100,0,'','','','','text','',120,NULL,'0','','',0,1,1,0,'single','','',7,'admin','2019-06-10 14:47:14','2019-04-23 22:58:19','admin',NULL,NULL,NULL,NULL,NULL,NULL,NULL,NULL,NULL,NULL),('9665f02764774fdd77c19923d3ff3c3e','4028318169e81b970169e81b97650000','cost_time','耗时','cost_time',0,1,'string',19,0,NULL,NULL,NULL,NULL,'text',NULL,120,NULL,'0',NULL,NULL,0,1,1,0,'group',NULL,NULL,12,NULL,NULL,'2019-04-04 19:28:36','admin',NULL,NULL,NULL,NULL,NULL,NULL,NULL,NULL,NULL,NULL),('966a4988298d5cb0be47848735ce8cb7','4028839a6de2ebd3016de2ebd3870000','xg_shangxian','选购上限','xg_shangxian',0,1,'int',10,0,NULL,NULL,NULL,NULL,'text',NULL,120,NULL,'0',NULL,NULL,0,1,1,0,'group',NULL,NULL,12,NULL,NULL,'2019-10-19 15:29:30','admin',NULL,NULL,NULL,NULL,NULL,NULL,NULL,NULL,NULL,NULL),('96c585a4f71e5c38ed25b9741366365b','402860816bff91c0016bff91c7010001','sys_org_code','组织机构编码','sys_org_code',0,1,'string',50,0,'','','','','text','',120,NULL,'0','','',0,1,1,0,'group','','',11,'admin','2019-07-19 18:07:47','2019-07-17 18:54:32','admin',NULL,NULL,NULL,NULL,NULL,NULL,NULL,NULL,NULL,NULL),('9765efa2cafde6d0ede2215848c9e80b','32f75e4043ef4070919dbd4337186a3d','id','主键',NULL,1,0,'string',36,0,'','','','','text','',120,NULL,'0','','',0,1,1,0,'single','','',0,'admin','2019-04-11 10:15:32','2019-03-27 15:54:49','admin',NULL,NULL,NULL,NULL,NULL,NULL,NULL,NULL,NULL,NULL),('98e82cb1595609a3b42fa75c60ac1229','402860816bff91c0016bff91d2810005','update_by','更新人','update_by',0,1,'string',100,0,'','','','','text','',120,NULL,'0','','',0,1,1,0,'group','','',12,'admin','2019-07-19 18:05:55','2019-07-17 18:54:35','admin',NULL,NULL,NULL,NULL,NULL,NULL,NULL,NULL,NULL,NULL),('9914a0c84805e72c4b6075e36edb13f9','402860816aa5921f016aa5921f480000','create_time','创建时间','create_time',0,1,'Date',0,0,'','','','','date','',120,NULL,'0','','',0,0,0,0,'group','','',9,'admin','2019-05-11 15:31:54','2019-05-11 14:26:19','admin',NULL,NULL,NULL,NULL,NULL,NULL,NULL,NULL,NULL,NULL),('9920ecec9c9109fc6b93e86f8fdfa03b','402860816bff91c0016bffa220a9000b','depart_name','所在部门','depart_name',0,1,'string',100,0,'','','','','text','',120,NULL,'0','','',1,1,1,0,'group','','',2,'admin','2019-07-22 16:15:32','2019-07-17 19:12:24','admin',NULL,NULL,NULL,NULL,NULL,NULL,NULL,NULL,NULL,NULL),('99b43bbb23237815ebb74b12b4d7ea2f','62e29cdb81ac44d1a2d8ff89851b853d','id','主键',NULL,1,0,'string',36,0,'','','','','text','',120,NULL,'0','','',0,0,0,0,'single','','',1,NULL,NULL,'2019-05-11 14:01:14','admin',NULL,NULL,NULL,NULL,NULL,NULL,NULL,NULL,NULL,NULL),('9a4dc8718000c30953a3923eb7db5096','402880eb71d52dc30171d52dc3a10000','id','主键',NULL,1,0,'string',36,0,'','','','','text','',120,NULL,'0','','',0,0,0,1,'single',NULL,NULL,1,NULL,NULL,'2020-05-02 19:37:59','admin','','','','','',NULL,'0',NULL,NULL,'0'),('9a579c506f75f75baf88352a5eb2c249','1acb6f81a1d9439da6cc4e868617b565','bpm_status','流程状态',NULL,0,1,'String',2,0,'1','bpm_status','','','list','',120,NULL,'0','','',0,0,1,0,'single','','',16,'admin','2019-06-10 14:47:14','2019-05-07 16:54:43','admin',NULL,NULL,NULL,NULL,NULL,NULL,NULL,NULL,NULL,NULL),('9a9516645cbc8147b23333fea76aa2bb','b81de38db24047b497d476516f8a0865','create_by','创建人',NULL,0,1,'string',50,0,'','','','','text','',120,NULL,'0','','',0,0,0,0,'single','','',2,NULL,NULL,'2020-02-24 14:56:08','admin',NULL,NULL,NULL,NULL,NULL,NULL,NULL,NULL,NULL,NULL),('9aa6738443d3d8a67cf50506199d15ad','cb2d8534a2f544bc9c618dd49da66336','aaae','aae',NULL,0,1,'String',32,0,'','','','','text','',120,NULL,'0','','',0,1,1,0,'single','','',8,NULL,NULL,'2020-02-24 17:22:43','admin',NULL,NULL,NULL,NULL,NULL,NULL,NULL,NULL,NULL,NULL),('9bd056786694d67666f6924cc225b1a0','3d447fa919b64f6883a834036c14aa67','id','主键',NULL,1,0,'string',36,0,'','','','','text','',120,NULL,'0','','',0,0,0,0,'single','','',1,'admin','2020-02-21 17:58:46','2020-02-20 16:19:00','admin',NULL,NULL,NULL,NULL,NULL,NULL,NULL,NULL,NULL,NULL),('9c40fb4db8afed3c682c6b8a732fd69d','e2faf977fdaf4b25a524f58c2441a51c','post','用户岗位',NULL,0,1,'String',32,0,'','post_code','air_china_post_materiel_main','post_name','sel_search','',120,NULL,'0','','',0,1,1,0,'single','','',8,'admin','2019-06-10 17:27:00','2019-04-24 17:12:11','admin',NULL,NULL,NULL,NULL,NULL,NULL,NULL,NULL,NULL,NULL),('9cc60be30026301b9eafb8c310387f54','402880e570a5d7000170a5d700f50000','update_by','更新人',NULL,0,1,'string',50,0,'','','','','text','',120,NULL,'0','','',0,0,0,0,'single',NULL,NULL,4,NULL,NULL,'2020-03-04 21:58:16','admin',NULL,NULL,NULL,NULL,NULL,NULL,NULL,NULL,NULL,NULL),('9ceff249ef81ca6fa145456667c89051','4adec929a6594108bef5b35ee9966e9f','create_time','创建日期',NULL,0,1,'Date',20,0,'','','','','datetime','',120,NULL,'0','','',0,0,0,0,'single','','',8,'admin','2020-04-10 19:43:38','2020-04-10 19:35:58','admin','','','','','','text','0',NULL,NULL,'0'),('9d85bafa399f28a40e1de1eeef747223','4028318169e81b970169e81b97650000','ip','IP','ip',0,1,'string',100,0,NULL,NULL,NULL,NULL,'text',NULL,120,NULL,'0',NULL,NULL,0,1,1,0,'group',NULL,NULL,7,NULL,NULL,'2019-04-04 19:28:36','admin',NULL,NULL,NULL,NULL,NULL,NULL,NULL,NULL,NULL,NULL),('9d89ff1a019f41d80307652041490944','32feeb502544416c9bf41329c10a88f4','name','请假人',NULL,0,1,'String',32,0,'','','','','text','',120,NULL,'0','','',0,1,1,0,'single','','',7,'admin','2019-08-23 20:03:40','2019-07-02 18:23:23','admin',NULL,NULL,NULL,NULL,NULL,NULL,NULL,NULL,NULL,NULL),('9e50680eb4e79b3af352a5933d239dff','dbf4675875e14676a3f9a8b2b8941140','id','主键',NULL,1,0,'string',36,0,'','','','','text','',120,NULL,'0','','',0,0,0,0,'single','','',1,NULL,NULL,'2019-05-27 18:02:07','admin',NULL,NULL,NULL,NULL,NULL,NULL,NULL,NULL,NULL,NULL),('a01a7fe5660206e6f407ed98b6c732d6','402860816bff91c0016bff91cfea0004','phone','联系方式','phone',0,1,'string',20,0,'','','','','text','',120,NULL,'0','','',0,1,1,0,'group','','',7,'admin','2019-07-19 18:05:13','2019-07-17 18:54:35','admin',NULL,NULL,NULL,NULL,NULL,NULL,NULL,NULL,NULL,NULL),('a1f5daba36f536e7acf6a939826183b0','fb19fb067cd841f9ae93d4eb3b883dc0','id','主键',NULL,1,0,'string',36,0,'','','','','text','',120,'','0','','',0,1,1,0,'single','','',0,NULL,NULL,'2019-03-23 11:39:48','admin',NULL,NULL,NULL,NULL,NULL,NULL,NULL,NULL,NULL,NULL),('a45eba33810c485b9d8e6f70818a1dfa','402860816aa5921f016aa5921f480000','bpm_status','流程状态','bpm_status',0,1,'string',50,0,'1','bpm_status','','','text','',120,NULL,'0','','',0,0,1,0,'group','','',7,'admin','2019-05-11 15:31:54','2019-05-11 14:26:19','admin',NULL,NULL,NULL,NULL,NULL,NULL,NULL,NULL,NULL,NULL),('a6471d4fb3dbffef01dab1f7d452bb30','27fc5f91274344afa7673a732b279939','update_time','更新日期',NULL,0,1,'Date',20,0,'','','','','datetime','',120,NULL,'0','','',0,0,0,0,'single','','',5,'admin','2019-07-01 16:28:20','2019-07-01 16:26:42','admin',NULL,NULL,NULL,NULL,NULL,NULL,NULL,NULL,NULL,NULL),('a6722b498602d7d7b5177b16789d8cc1','e5464aa8fa7b47c580e91593cf9b46dc','create_by','创建人',NULL,0,1,'string',50,0,'','','','','text','',120,NULL,'0','','',0,0,0,0,'single','','',2,'admin','2019-04-24 17:09:48','2019-04-24 11:05:10','admin',NULL,NULL,NULL,NULL,NULL,NULL,NULL,NULL,NULL,NULL),('a76f561057ac9e43a8ca09e478a1eab8','402860816bff91c0016bff91ca7e0002','update_time','更新时间','update_time',0,1,'Date',0,0,'','','','','date','',120,NULL,'0','','',0,1,1,0,'group','','',12,'admin','2019-07-19 18:07:13','2019-07-17 18:54:33','admin',NULL,NULL,NULL,NULL,NULL,NULL,NULL,NULL,NULL,NULL),('a7822f6e4cffb37fc0729cbd4cfd8655','32f75e4043ef4070919dbd4337186a3d','name','用户名',NULL,0,1,'String',32,0,'','','','','text','',120,NULL,'0','','',1,1,1,0,'single','','',5,'admin','2019-04-11 10:15:32','2019-03-27 15:54:49','admin',NULL,NULL,NULL,NULL,NULL,NULL,NULL,NULL,NULL,NULL),('a82ca42a76e9d2b8dae6d57dbb5edb54','deea5a8ec619460c9245ba85dbc59e80','update_by','更新人',NULL,0,1,'string',50,0,'','','','','text','',120,NULL,'0','','',0,0,0,0,'single','','',4,'admin','2020-05-03 01:01:18','2019-04-20 11:41:19','admin','','','','','',NULL,'0',NULL,NULL,'0'),('a940adc4585fa3b5bd2114ea9abe8491','402860816bff91c0016bff91ca7e0002','cert_level','证书级别','cert_level',0,1,'string',100,0,'','','','','text','',120,NULL,'0','','',0,1,1,0,'group','','',5,'admin','2019-07-19 18:07:13','2019-07-17 18:54:33','admin',NULL,NULL,NULL,NULL,NULL,NULL,NULL,NULL,NULL,NULL),('a94f1d7da64f3aa35c32155ea00ccb2f','402860816bff91c0016bffa220a9000b','id','id','id',1,1,'string',32,0,'','','','','text','',120,NULL,'0','','',0,0,0,0,'group','','',1,'admin','2019-07-22 16:15:32','2019-07-17 19:12:24','admin',NULL,NULL,NULL,NULL,NULL,NULL,NULL,NULL,NULL,NULL),('a9780eace237a15f26931dd6a9ec02e9','758334cb1e7445e2822b60e807aec4a3','create_time','创建日期',NULL,0,1,'Date',20,0,'','','','','datetime','',120,NULL,'0','','',0,0,0,0,'single','','',3,NULL,NULL,'2019-10-18 18:02:09','admin',NULL,NULL,NULL,NULL,NULL,NULL,NULL,NULL,NULL,NULL),('aa07931514727913413880b7a2b76dcb','d3ae1c692b9640e0a091f8c46e17bb01','create_time','创建日期',NULL,0,1,'Date',20,0,'','','','','datetime','',120,NULL,'0','','',0,0,0,0,'single','','',3,NULL,NULL,'2019-07-24 14:47:30','admin',NULL,NULL,NULL,NULL,NULL,NULL,NULL,NULL,NULL,NULL),('aa4780601419c21dabb6c42fc511e71c','402860816bff91c0016bffa220a9000b','have_children','有无子女','have_children',0,1,'string',20,0,'','','','','text','',120,NULL,'0','','',0,1,1,0,'group','','',25,'admin','2019-07-22 16:15:32','2019-07-17 19:12:24','admin',NULL,NULL,NULL,NULL,NULL,NULL,NULL,NULL,NULL,NULL),('ab10e0aa029ded2f4420a33420de225d','1acb6f81a1d9439da6cc4e868617b565','wl_code','物料编码',NULL,0,1,'String',60,0,'','','','','text','',120,NULL,'0','','',0,1,1,0,'single','','',6,'admin','2019-06-10 14:47:14','2019-04-23 22:58:19','admin',NULL,NULL,NULL,NULL,NULL,NULL,NULL,NULL,NULL,NULL),('ab1f880ba593f3757dac70e003945aa2','402860816bff91c0016bff91c0cb0000','depart_id','部门ID',NULL,0,1,'String',32,0,'','','','','text','',120,NULL,'0','','',0,1,1,0,'single','','',6,'admin','2019-07-19 18:09:01','2019-07-17 19:38:45','admin',NULL,NULL,NULL,NULL,NULL,NULL,NULL,NULL,NULL,NULL),('ab58f43f853fd1f65f83c22966883afb','beee191324fd40c1afec4fda18bd9d47','create_by','创建人',NULL,0,1,'string',50,0,'','','','','text','',120,NULL,'0','','',0,0,0,0,'single','','',2,'admin','2019-04-13 13:41:13','2019-04-13 13:40:56','admin',NULL,NULL,NULL,NULL,NULL,NULL,NULL,NULL,NULL,NULL),('ab8e6f1cca421c5ce395a2c1fdfd2100','32feeb502544416c9bf41329c10a88f4','sys_org_code','所属部门',NULL,0,1,'string',64,0,'','','','','text','',120,NULL,'0','','',0,0,0,0,'single','','',6,'admin','2019-08-23 20:03:40','2019-07-02 18:23:23','admin',NULL,NULL,NULL,NULL,NULL,NULL,NULL,NULL,NULL,NULL),('abe61a8ddf966a979457b763329a537b','e5464aa8fa7b47c580e91593cf9b46dc','create_time','创建日期',NULL,0,1,'Date',20,0,'','','','','datetime','',120,NULL,'0','','',0,0,0,0,'single','','',3,'admin','2019-04-24 17:09:49','2019-04-24 11:05:10','admin',NULL,NULL,NULL,NULL,NULL,NULL,NULL,NULL,NULL,NULL),('ac91565da5fb8fe43a4da3dec660b25f','402860816bff91c0016bff91c7010001','award_place','获奖地点','award_place',0,1,'string',255,0,'','','','','text','',120,NULL,'0','','',0,1,1,0,'group','','',4,'admin','2019-07-19 18:07:47','2019-07-17 18:54:32','admin',NULL,NULL,NULL,NULL,NULL,NULL,NULL,NULL,NULL,NULL),('acff5c8aef3b6288b87fd91215012206','e5464aa8fa7b47c580e91593cf9b46dc','update_by','更新人',NULL,0,1,'string',50,0,'','','','','text','',120,NULL,'0','','',0,0,0,0,'single','','',4,'admin','2019-04-24 17:09:49','2019-04-24 11:05:10','admin',NULL,NULL,NULL,NULL,NULL,NULL,NULL,NULL,NULL,NULL),('ad061417d5b53c67975eb83657505218','73162c3b8161413e8ecdca7eb288d0c9','update_by','更新人',NULL,0,1,'string',50,0,'','','','','text','',120,NULL,'0','','',0,0,0,0,'single','','',4,'admin','2019-07-01 14:23:32','2019-06-10 15:18:34','admin',NULL,NULL,NULL,NULL,NULL,NULL,NULL,NULL,NULL,NULL),('ad93762c6c4a1dd8331e5fa11215b568','e2faf977fdaf4b25a524f58c2441a51c','id','主键',NULL,1,0,'string',36,0,'','','','','text','',120,NULL,'0','','',0,0,0,0,'single','','',1,'admin','2019-06-10 17:27:00','2019-04-24 17:12:11','admin',NULL,NULL,NULL,NULL,NULL,NULL,NULL,NULL,NULL,NULL),('ae31da96f38fc2941cb93d1bb1ab9431','deea5a8ec619460c9245ba85dbc59e80','product_name','产品名字',NULL,0,1,'String',32,0,'','','','','text','',120,NULL,'0','','',0,1,1,0,'single','','',6,'admin','2020-05-03 01:01:18','2019-04-20 11:41:19','admin','','','','','',NULL,'0',NULL,NULL,'0'),('ae77bb317366622698c8ab9bf2325833','deea5a8ec619460c9245ba85dbc59e80','create_by','创建人',NULL,0,1,'string',50,0,'','','','','text','',120,NULL,'0','','',0,0,0,0,'single','','',2,'admin','2020-05-03 01:01:18','2019-04-20 11:41:19','admin','','','','','',NULL,'0',NULL,NULL,'0'),('af0fe0df8b626129de62e22212732517','402860816bff91c0016bff91cda80003','speciality','专业','speciality',0,1,'string',100,0,'','','','','text','',120,NULL,'0','','',0,1,1,0,'group','','',6,'admin','2019-07-19 18:06:36','2019-07-17 18:54:34','admin',NULL,NULL,NULL,NULL,NULL,NULL,NULL,NULL,NULL,NULL),('af6c582b902e2f2bf9930eba61ae7938','73162c3b8161413e8ecdca7eb288d0c9','update_time','更新日期',NULL,0,1,'Date',20,0,'','','','','datetime','',120,NULL,'0','','',0,0,0,0,'single','','',5,'admin','2019-07-01 14:23:32','2019-06-10 15:18:34','admin',NULL,NULL,NULL,NULL,NULL,NULL,NULL,NULL,NULL,NULL),('afd3ef1d494a9b69d2c7a3cdde937f6f','402860816bff91c0016bffa220a9000b','create_by','创建人','create_by',0,1,'string',100,0,'','','','','text','',120,NULL,'0','','',0,1,1,0,'group','','',39,'admin','2019-07-22 16:15:32','2019-07-17 19:12:24','admin',NULL,NULL,NULL,NULL,NULL,NULL,NULL,NULL,NULL,NULL),('b01304904babd7479de2acfe8a77157f','402860816aa5921f016aa5921f480000','id','ID','id',1,1,'string',32,0,'','','','','text','',120,NULL,'0','','',0,0,0,0,'group','','',1,'admin','2019-05-11 15:31:54','2019-05-11 14:26:19','admin',NULL,NULL,NULL,NULL,NULL,NULL,NULL,NULL,NULL,NULL),('b05b4cbb74f389a7376f51ed9fd97030','402860816bff91c0016bff91d8830007','create_by','创建人','create_by',0,1,'string',100,0,'','','','','text','',120,NULL,'0','','',0,1,1,0,'group','','',10,'admin','2019-07-19 18:04:41','2019-07-17 18:54:37','admin',NULL,NULL,NULL,NULL,NULL,NULL,NULL,NULL,NULL,NULL),('b0a06bdbefd304d81a1838d8d94deda9','4b556f0168f64976a3d20bfb932bc798','name','用户名',NULL,0,1,'String',32,0,'','','','','text','',120,NULL,'0','','',0,1,1,0,'single','','',6,NULL,NULL,'2019-04-12 23:38:28','admin',NULL,NULL,NULL,NULL,NULL,NULL,NULL,NULL,NULL,NULL),('b0b1cf271dd6b221a902da2d2f8f889a','e9faf717024b4aae95cff224ae9b6d97','update_time','更新日期',NULL,0,1,'Date',20,0,'','','','','datetime','',120,NULL,'0','','',0,0,0,0,'single','','',5,'admin','2019-07-03 18:23:49','2019-07-03 18:22:35','admin',NULL,NULL,NULL,NULL,NULL,NULL,NULL,NULL,NULL,NULL),('b18f96f96d979daa7336e81086ea2bc1','cb2d8534a2f544bc9c618dd49da66336','sys_org_code','所属部门',NULL,0,1,'string',64,0,'','','','','text','',120,NULL,'0','','',0,0,0,0,'single','','',6,'admin','2020-02-24 17:22:42','2020-02-24 15:15:14','admin',NULL,NULL,NULL,NULL,NULL,NULL,NULL,NULL,NULL,NULL),('b1fc6e2ca671b19e57b08a4f57fc2454','fb7125a344a649b990c12949945cb6c1','update_time','更新日期',NULL,0,1,'date',20,0,'','','','','text','',120,'','0','','',0,0,0,0,'single','','',4,'admin','2019-03-26 19:24:11','2019-03-26 19:01:52','admin',NULL,NULL,NULL,NULL,NULL,NULL,NULL,NULL,NULL,NULL),('b22694cf34ffb967b8717647816ad5df','e5464aa8fa7b47c580e91593cf9b46dc','fk_id','外键',NULL,0,1,'String',32,0,'','','','','text','',120,NULL,'0','','',0,0,0,0,'single','air_china_post_materiel_main','id',15,'admin','2019-04-24 17:09:49','2019-04-24 11:05:10','admin',NULL,NULL,NULL,NULL,NULL,NULL,NULL,NULL,NULL,NULL),('b276facab025f9750b0aff391693cc4b','402860816bff91c0016bff91c7010001','id','id','id',1,1,'string',32,0,'','','','','text','',120,NULL,'0','','',0,0,0,0,'group','','',1,'admin','2019-07-19 18:07:47','2019-07-17 18:54:32','admin',NULL,NULL,NULL,NULL,NULL,NULL,NULL,NULL,NULL,NULL),('b2b0cb30159639bb1190e150322b7541','4028839a6de2ebd3016de2ebd3870000','wl_unit','计量单位','wl_unit',0,1,'string',100,0,NULL,NULL,NULL,NULL,'text',NULL,120,NULL,'0',NULL,NULL,0,1,1,0,'group',NULL,NULL,14,NULL,NULL,'2019-10-19 15:29:30','admin',NULL,NULL,NULL,NULL,NULL,NULL,NULL,NULL,NULL,NULL),('b3542d3e7908ed885ecc4ba9e7300705','4b556f0168f64976a3d20bfb932bc798','create_by','创建人',NULL,0,1,'string',50,0,'','','','','text','',120,NULL,'0','','',0,0,0,0,'single','','',2,NULL,NULL,'2019-04-12 23:38:28','admin',NULL,NULL,NULL,NULL,NULL,NULL,NULL,NULL,NULL,NULL),('b47af4d937e55c6208939bac5378bfad','62e29cdb81ac44d1a2d8ff89851b853d','update_time','更新日期',NULL,0,1,'Date',20,0,'','','','','datetime','',120,NULL,'0','','',0,0,0,0,'single','','',5,NULL,NULL,'2019-05-11 14:01:14','admin',NULL,NULL,NULL,NULL,NULL,NULL,NULL,NULL,NULL,NULL),('b53203fc52d067bb4730dbcb7e496bd3','56870166aba54ebfacb20ba6c770bd73','id','主键',NULL,1,0,'string',36,0,'','','','','text','',120,NULL,'0','','',0,0,0,0,'single','','',1,'admin','2020-05-03 01:01:30','2019-04-20 11:38:39','admin','','','','','',NULL,'0',NULL,NULL,'0'),('b5cfd3c9691a884430f3d9cd5ecb211f','e2faf977fdaf4b25a524f58c2441a51c','create_by','创建人',NULL,0,1,'string',50,0,'','','','','text','',120,NULL,'0','','',0,0,0,0,'single','','',2,'admin','2019-06-10 17:27:00','2019-04-24 17:12:11','admin',NULL,NULL,NULL,NULL,NULL,NULL,NULL,NULL,NULL,NULL),('b6874a05734cad8bd96ffd2f31f1ebca','402860816bff91c0016bff91c7010001','create_by','创建人','create_by',0,1,'string',100,0,'','','','','text','',120,NULL,'0','','',0,1,1,0,'group','','',7,'admin','2019-07-19 18:07:47','2019-07-17 18:54:32','admin',NULL,NULL,NULL,NULL,NULL,NULL,NULL,NULL,NULL,NULL),('b733fa73519603b22d401fabbf9e9781','402860816bff91c0016bff91c0cb0000','hiredate','入职时间','hiredate',0,1,'Date',0,0,'','','','','date','',120,NULL,'0','','',0,1,1,0,'group','','',5,'admin','2019-07-19 18:09:01','2019-07-17 18:54:32','admin',NULL,NULL,NULL,NULL,NULL,NULL,NULL,NULL,NULL,NULL),('b7938e4518f9062ce62702cf45986e06','e2faf977fdaf4b25a524f58c2441a51c','create_time','创建日期',NULL,0,1,'Date',20,0,'','','','','datetime','',120,NULL,'0','','',0,0,0,0,'single','','',3,'admin','2019-06-10 17:27:00','2019-04-24 17:12:11','admin',NULL,NULL,NULL,NULL,NULL,NULL,NULL,NULL,NULL,NULL),('b7a1243aaa712e2c152c0c7a46f88683','402860816bff91c0016bff91d8830007','age','年龄','age',0,1,'int',10,0,'','','','','text','',120,NULL,'0','','',0,1,1,0,'group','','',5,'admin','2019-07-19 18:04:41','2019-07-17 18:54:37','admin',NULL,NULL,NULL,NULL,NULL,NULL,NULL,NULL,NULL,NULL),('b91258e3dc15b28c2e3f0d934e6e27e8','fb7125a344a649b990c12949945cb6c1','id','主键',NULL,1,0,'string',36,0,'','','','','text','',120,'','0','','',0,1,1,0,'single','','',0,NULL,NULL,'2019-03-26 19:01:52','admin',NULL,NULL,NULL,NULL,NULL,NULL,NULL,NULL,NULL,NULL),('b92572ae142f8dd5f2ac02fb45e6b2c1','e2faf977fdaf4b25a524f58c2441a51c','name','用户名',NULL,0,1,'String',32,0,'','realname,username','report_user','name,account','sel_search','',120,NULL,'0','','',0,1,1,0,'single','','',6,'admin','2019-06-10 17:27:00','2019-04-24 17:12:11','admin',NULL,NULL,NULL,NULL,NULL,NULL,NULL,NULL,NULL,NULL),('b9fbace24688c9c9a8c9be72c1d014e7','402860816bff91c0016bffa220a9000b','phone','电话','phone',0,1,'string',20,0,'','','','','text','',120,NULL,'0','','',0,1,1,0,'group','','',18,'admin','2019-07-22 16:15:32','2019-07-17 19:12:24','admin',NULL,NULL,NULL,NULL,NULL,NULL,NULL,NULL,NULL,NULL),('ba5f4b2affa94f36eda7f6f133db7ae3','402860816bff91c0016bff91d2810005','workplace','工作单位','workplace',0,1,'string',255,0,'','','','','text','',120,NULL,'0','','',0,1,1,0,'group','','',6,'admin','2019-07-19 18:05:55','2019-07-17 18:54:35','admin',NULL,NULL,NULL,NULL,NULL,NULL,NULL,NULL,NULL,NULL),('bad02e68ea37bf387337516af84a1ddb','73162c3b8161413e8ecdca7eb288d0c9','id','主键',NULL,1,0,'string',36,0,'','','','','text','',120,NULL,'0','','',0,0,0,0,'single','','',1,'admin','2019-07-01 14:23:32','2019-06-10 15:18:34','admin',NULL,NULL,NULL,NULL,NULL,NULL,NULL,NULL,NULL,NULL),('bb44475e1d1738a19745bf9f3ebf9e40','402860816bff91c0016bff91cfea0004','update_time','更新时间','update_time',0,1,'Date',0,0,'','','','','date','',120,NULL,'0','','',0,1,1,0,'group','','',12,'admin','2019-07-19 18:05:13','2019-07-17 18:54:35','admin',NULL,NULL,NULL,NULL,NULL,NULL,NULL,NULL,NULL,NULL),('bbbb38347b1a5340a1d293e455c632ce','fb19fb067cd841f9ae93d4eb3b883dc0','3','4',NULL,0,1,'string',32,0,'','','','','text','',120,'','0','','',0,1,1,0,'single','','',6,NULL,NULL,'2019-03-23 11:39:48','admin',NULL,NULL,NULL,NULL,NULL,NULL,NULL,NULL,NULL,NULL),('bc648624ad14c826bbc6e9b23a2b9858','402860816bff91c0016bff91ca7e0002','employee_id','员工ID','employee_id',0,1,'string',32,0,'','','','','text','',120,NULL,'0','','',0,1,1,0,'group','oa_employee_info','id',2,'admin','2019-07-19 18:07:13','2019-07-17 18:54:33','admin',NULL,NULL,NULL,NULL,NULL,NULL,NULL,NULL,NULL,NULL),('bc793fdbef9f6474425456c4eb9d197a','402860816bff91c0016bff91cfea0004','witness','证明人','references',0,1,'string',100,0,'','','','','text','',120,NULL,'0','','',0,1,1,0,'group','','',6,'admin','2019-07-19 18:05:13','2019-07-17 18:54:35','admin',NULL,NULL,NULL,NULL,NULL,NULL,NULL,NULL,NULL,NULL),('bc7df6f3cf49f670c36a3de25e25e715','402860816bff91c0016bff91d2810005','order_no','序号','order_no',0,1,'int',10,0,'','','','','text','',120,NULL,'0','','',0,1,1,0,'group','','',9,'admin','2019-07-19 18:05:55','2019-07-17 18:54:35','admin',NULL,NULL,NULL,NULL,NULL,NULL,NULL,NULL,NULL,NULL),('bcf2f5d1390227cf0d9ddfbd6121161f','402880eb71d61d3d0171d61d3de30000','id','主键',NULL,1,0,'string',36,0,'','','','','text','',120,NULL,'0','','',0,0,0,1,'single','','',1,'admin','2020-05-03 00:54:16','2020-05-02 23:59:33','admin','','','','','',NULL,'0',NULL,NULL,'0'),('bd39cb237049ac60218b3f4dd844f30c','402860816bff91c0016bffa220a9000b','current_address','现居住地','current_address',0,1,'string',200,0,'','','','','text','',120,NULL,'0','','',0,1,1,0,'group','','',30,'admin','2019-07-22 16:15:32','2019-07-17 19:12:24','admin',NULL,NULL,NULL,NULL,NULL,NULL,NULL,NULL,NULL,NULL),('bde81809057b1a4c974fa0f090501fdd','402860816aa5921f016aa5dedcb90009','update_by','更新人','update_by',0,1,'string',50,0,'','','','','text','',120,NULL,'0','','',0,0,0,0,'group','','',4,'admin','2019-05-11 15:56:47','2019-05-11 15:50:08','admin',NULL,NULL,NULL,NULL,NULL,NULL,NULL,NULL,NULL,NULL),('bdea5b776a15897265c43e6ee44af2e1','997ee931515a4620bc30a9c1246429a9','create_by','创建人',NULL,0,1,'string',50,0,'','','','','text','',120,NULL,'0','','',0,0,0,0,'single','','',2,'admin','2020-05-03 00:57:44','2020-05-03 00:56:56','admin','','','','','',NULL,'0',NULL,NULL,'0'),('be3f8c157d8a1b40e6f7b836552a8095','8994f2817b5a45d9890aa04497a317c5','create_time','创建日期',NULL,0,1,'Date',20,0,'','','','','text','',120,'','0','','',0,1,1,0,'single','','',2,NULL,NULL,'2019-03-23 11:39:16','admin',NULL,NULL,NULL,NULL,NULL,NULL,NULL,NULL,NULL,NULL),('be5eeda7d51dace73d3818bd8467b53b','402860816bff91c0016bff91c0cb0000','update_time','更新时间','update_time',0,1,'Date',0,0,'','','','','date','',120,NULL,'0','','',0,1,1,0,'group','','',15,'admin','2019-07-19 18:09:01','2019-07-17 18:54:32','admin',NULL,NULL,NULL,NULL,NULL,NULL,NULL,NULL,NULL,NULL),('be868eed386da3cfcf49ea9afcdadf11','d35109c3632c4952a19ecc094943dd71','create_time','创建日期',NULL,0,1,'Date',20,0,'','','','','text','',120,'','0','','',0,0,0,0,'single','','',2,'admin','2020-02-24 17:29:16','2019-03-15 14:24:35','admin',NULL,NULL,NULL,NULL,NULL,NULL,NULL,NULL,NULL,NULL),('bec3082fc5f0f194be5cd72cc2866ff4','e5464aa8fa7b47c580e91593cf9b46dc','wl_name','物料名字',NULL,0,1,'String',200,0,'','wl_code','air_china_materiel','wl_name','list','',120,NULL,'0','','',0,1,1,0,'single','','',6,'admin','2019-04-24 17:09:49','2019-04-24 11:05:10','admin',NULL,NULL,NULL,NULL,NULL,NULL,NULL,NULL,NULL,NULL),('bed0bc67f570613eaa6a1bd8bcaaddcc','4b556f0168f64976a3d20bfb932bc798','create_time','创建日期',NULL,0,1,'Date',20,0,'','','','','datetime','',120,NULL,'0','','',0,0,0,0,'single','','',3,NULL,NULL,'2019-04-12 23:38:28','admin',NULL,NULL,NULL,NULL,NULL,NULL,NULL,NULL,NULL,NULL),('bed95ca6dd6bb4b4f7cfd787313a0a4b','402880e570a5d7000170a5d700f50000','product_name','产品名字',NULL,0,1,'String',32,0,'','','','','text','',120,NULL,'0','','',0,1,1,0,'single',NULL,NULL,6,NULL,NULL,'2020-03-04 21:58:16','admin',NULL,NULL,NULL,NULL,NULL,NULL,NULL,NULL,NULL,NULL),('bef85fd2846dd7ffc42d747095557d14','4fb8e12a697f4d5bbe9b9fb1e9009486','date','日期',NULL,0,1,'string',200,0,'','','','','text','',120,NULL,'0','','#{date}',0,1,1,0,'single','','',4,'admin','2020-04-10 19:51:27','2020-04-10 19:47:01','admin','','','','','',NULL,'0',NULL,NULL,'0'),('bf61aa04c5ca77ad54c764f8f8b2bdec','402860816bff91c0016bff91d8830007','update_by','更新人','update_by',0,1,'string',100,0,'','','','','text','',120,NULL,'0','','',0,1,1,0,'group','','',12,'admin','2019-07-19 18:04:41','2019-07-17 18:54:37','admin',NULL,NULL,NULL,NULL,NULL,NULL,NULL,NULL,NULL,NULL),('bfc2f19fae367f885adb8bd82a344391','4028318169e81b970169e81b97650000','userid','操作用户账号','userid',0,1,'string',32,0,NULL,NULL,NULL,NULL,'text',NULL,120,NULL,'0',NULL,NULL,0,1,1,0,'group',NULL,NULL,5,NULL,NULL,'2019-04-04 19:28:36','admin',NULL,NULL,NULL,NULL,NULL,NULL,NULL,NULL,NULL,NULL),('c0c80f370e1d400fe670d8702c3b84da','4adec929a6594108bef5b35ee9966e9f','address_param','地址（传参）',NULL,0,1,'String',32,0,'','','','','text','',120,NULL,'0','','{{ demoFieldDefVal_getAddress(\"昌平区\") }}',0,1,1,0,'single','','',6,'admin','2020-04-10 19:43:38','2020-04-10 19:40:53','admin','','','','','',NULL,'0',NULL,NULL,'0'),('c0d66c95773774e7ac1f2a88df307e7a','402860816aa5921f016aa5921f480000','reason','请假原因','reason',0,1,'string',500,0,'','','','','text','',120,NULL,'0','','',0,1,1,0,'group','','',6,'admin','2019-05-11 15:31:54','2019-05-11 14:26:19','admin',NULL,NULL,NULL,NULL,NULL,NULL,NULL,NULL,NULL,NULL),('c29216d975fee50af175bca8c664a475','e67d26b610dd414c884c4dbb24e71ce3','id','主键',NULL,1,0,'string',36,0,'','','','','text','',120,NULL,'0','','',0,0,0,0,'single','','',1,'admin','2019-04-24 11:03:32','2019-04-24 11:02:56','admin',NULL,NULL,NULL,NULL,NULL,NULL,NULL,NULL,NULL,NULL),('c2b9eae184afe56d59ea7940d77cfced','4adec929a6594108bef5b35ee9966e9f','id','主键',NULL,1,0,'string',36,0,'','','','','text','',120,NULL,'0','','',0,0,0,1,'single','','',1,'admin','2020-04-10 19:43:38','2020-04-10 19:35:57','admin','','','','','',NULL,'0',NULL,NULL,'0'),('c382877700a9987f4bcc2deea9ee9daf','4fb8e12a697f4d5bbe9b9fb1e9009486','id','主键',NULL,1,0,'string',36,0,'','','','','text','',120,NULL,'0','','',0,0,0,1,'single','','',1,'admin','2020-04-10 19:51:27','2020-04-10 19:47:01','admin','','','','','',NULL,'0',NULL,NULL,'0');
INSERT INTO `onl_cgform_field` VALUES ('c43d87b6340c29c0c354aa9c579f387f','32feeb502544416c9bf41329c10a88f4','create_by','创建人',NULL,0,1,'string',50,0,'','','','','text','',120,NULL,'0','','',0,0,0,0,'single','','',2,'admin','2019-08-23 20:03:40','2019-07-02 18:23:23','admin',NULL,NULL,NULL,NULL,NULL,NULL,NULL,NULL,NULL,NULL),('c456753a9c83e55fa241c4ec72c00f86','402880eb71d52dc30171d52dc3a10000','create_by','创建人',NULL,0,1,'string',50,0,'','','','','text','',120,NULL,'0','','',0,0,0,0,'single',NULL,NULL,6,NULL,NULL,'2020-05-02 19:37:58','admin','','','','','',NULL,'0',NULL,NULL,'0'),('c52711856d2e81ad1074265833f44328','b81de38db24047b497d476516f8a0865','id','主键',NULL,1,0,'string',36,0,'','','','','text','',120,NULL,'0','','',0,0,0,1,'single','','',1,NULL,NULL,'2020-02-24 14:56:07','admin',NULL,NULL,NULL,NULL,NULL,NULL,NULL,NULL,NULL,NULL),('c59f39e7b3bb877398f16796b2cd7962','997ee931515a4620bc30a9c1246429a9','pid','父级节点',NULL,0,1,'string',32,0,'','','','','text','',120,NULL,'0','','',0,1,0,0,'single','','',9,'admin','2020-05-03 00:57:44','2020-05-03 00:56:56','admin','','','','','','text','0',NULL,NULL,'0'),('c5dd2fc34ae825ebfced2ec74948654c','402860816aa5921f016aa5921f480000','end_date','请假结束时间','end_date',0,1,'Date',0,0,'','','','','date','',120,NULL,'0','','',0,1,1,0,'group','','',5,'admin','2019-05-11 15:31:54','2019-05-11 14:26:19','admin',NULL,NULL,NULL,NULL,NULL,NULL,NULL,NULL,NULL,NULL),('c5f6ea01a6523a60df153cc61dc92f4d','fbc35f067da94a70adb622ddba259352','create_by','创建人',NULL,0,1,'string',50,0,'','','','','text','',120,NULL,'0','','',0,0,0,0,'single','','',2,NULL,NULL,'2019-07-03 19:44:23','admin',NULL,NULL,NULL,NULL,NULL,NULL,NULL,NULL,NULL,NULL),('c6730e00df5efd77fedf181df29102de','402860816bff91c0016bff91c7010001','update_by','更新人','update_by',0,1,'string',100,0,'','','','','text','',120,NULL,'0','','',0,1,1,0,'group','','',9,'admin','2019-07-19 18:07:47','2019-07-17 18:54:32','admin',NULL,NULL,NULL,NULL,NULL,NULL,NULL,NULL,NULL,NULL),('c75a7cb0a21958aa7ca5442f66019669','e9faf717024b4aae95cff224ae9b6d97','depart','所属部门',NULL,0,1,'String',32,0,'','','','','text','',120,NULL,'0','','',0,1,1,0,'single','','',9,'admin','2019-07-03 18:23:49','2019-07-03 18:22:35','admin',NULL,NULL,NULL,NULL,NULL,NULL,NULL,NULL,NULL,NULL),('c772ed9cbe2d1dc69e9ffa73d3487021','4b556f0168f64976a3d20bfb932bc798','id','主键',NULL,1,0,'string',36,0,'','','','','text','',120,NULL,'0','','',0,0,0,0,'single','','',1,NULL,NULL,'2019-04-12 23:38:28','admin',NULL,NULL,NULL,NULL,NULL,NULL,NULL,NULL,NULL,NULL),('c91b697b1bcd2be943fc746e2660bc9e','402860816bff91c0016bff91d2810005','real_name','姓名','real_name',0,1,'string',100,0,'','','','','text','',120,NULL,'0','','',0,1,1,0,'group','','',3,'admin','2019-07-19 18:05:55','2019-07-17 18:54:35','admin',NULL,NULL,NULL,NULL,NULL,NULL,NULL,NULL,NULL,NULL),('c988bd2b6125c01ceb3579a207dd8784','3d447fa919b64f6883a834036c14aa67','city','市',NULL,0,1,'String',100,0,'','','','','text','',120,NULL,'0','','',0,1,1,0,'single','','',3,'admin','2020-02-21 17:58:46','2020-02-20 16:19:00','admin',NULL,NULL,NULL,NULL,NULL,NULL,NULL,NULL,NULL,NULL),('c9b698d3f75aa780ee1eb67ef090b15b','73162c3b8161413e8ecdca7eb288d0c9','wl_code','物料编码',NULL,0,1,'String',200,0,'','','','','text','',120,NULL,'0','','',0,1,1,0,'single','','',8,'admin','2019-07-01 14:23:32','2019-06-10 15:18:34','admin',NULL,NULL,NULL,NULL,NULL,NULL,NULL,NULL,NULL,NULL),('caf5a071f2299c0f9ff2f3038d6d0fc6','402860816bff91c0016bff91ca7e0002','update_by','更新人','update_by',0,1,'string',100,0,'','','','','text','',120,NULL,'0','','',0,1,1,0,'group','','',11,'admin','2019-07-19 18:07:13','2019-07-17 18:54:33','admin',NULL,NULL,NULL,NULL,NULL,NULL,NULL,NULL,NULL,NULL),('cb33a708b95e19085f8c9001d2d5c64c','e9faf717024b4aae95cff224ae9b6d97','create_by','创建人',NULL,0,1,'string',50,0,'','','','','text','',120,NULL,'0','','',0,0,0,0,'single','','',2,'admin','2019-07-03 18:23:49','2019-07-03 18:22:35','admin',NULL,NULL,NULL,NULL,NULL,NULL,NULL,NULL,NULL,NULL),('cb7da49a981a1b0acc5f7e8a0130bdcd','d35109c3632c4952a19ecc094943dd71','user_code','用户编码',NULL,0,1,'String',32,0,'','','','','text','',120,NULL,'0','','',0,1,0,0,'single','','',10,'admin','2020-02-24 17:29:16','2019-05-11 16:26:37','admin',NULL,NULL,NULL,NULL,NULL,NULL,NULL,NULL,NULL,NULL),('cb871284e845e26e88242a96fac9c576','402860816bff91c0016bff91c7010001','order_no','序号','order_no',0,1,'int',10,0,'','','','','text','',120,NULL,'0','','',0,1,1,0,'group','','',6,'admin','2019-07-19 18:07:47','2019-07-17 18:54:32','admin',NULL,NULL,NULL,NULL,NULL,NULL,NULL,NULL,NULL,NULL),('cc1ddc1304d3eb5d9a189da0a509ccd0','32f75e4043ef4070919dbd4337186a3d','create_by','创建人登录名称',NULL,0,1,'string',50,0,'','','','','text','',120,NULL,'0','','',0,0,0,0,'single','','',1,'admin','2019-04-11 10:15:32','2019-03-27 15:54:49','admin',NULL,NULL,NULL,NULL,NULL,NULL,NULL,NULL,NULL,NULL),('ccf2f331af46ddc411b8039dd187621b','4028839a6de2ebd3016de2ebd3870000','price','单价','price',0,1,'double',10,2,NULL,NULL,NULL,NULL,'text',NULL,120,NULL,'0',NULL,NULL,0,1,1,0,'group',NULL,NULL,10,NULL,NULL,'2019-10-19 15:29:30','admin',NULL,NULL,NULL,NULL,NULL,NULL,NULL,NULL,NULL,NULL),('cee3c1dbf67b4a7d9626b8032897a4c7','402860816bff91c0016bff91d8830007','employee_id','员工ID','employee_id',0,1,'string',32,0,'','','','','text','',120,NULL,'0','','',0,1,1,0,'group','oa_employee_info','id',2,'admin','2019-07-19 18:04:41','2019-07-17 18:54:37','admin',NULL,NULL,NULL,NULL,NULL,NULL,NULL,NULL,NULL,NULL),('cf4c5a4c06ae6bac701edfeedfcd16aa','d3ae1c692b9640e0a091f8c46e17bb01','id','主键',NULL,1,0,'string',36,0,'','','','','text','',120,NULL,'0','','',0,0,0,0,'single','','',1,NULL,NULL,'2019-07-24 14:47:30','admin',NULL,NULL,NULL,NULL,NULL,NULL,NULL,NULL,NULL,NULL),('cfeb6491427aec2b4db9694af867da23','e9faf717024b4aae95cff224ae9b6d97','create_time','创建日期',NULL,0,1,'Date',20,0,'','','','','datetime','',120,NULL,'0','','',0,0,0,0,'single','','',3,'admin','2019-07-03 18:23:49','2019-07-03 18:22:35','admin',NULL,NULL,NULL,NULL,NULL,NULL,NULL,NULL,NULL,NULL),('d0559db07f05c870860f98313eb0f857','cb2d8534a2f544bc9c618dd49da66336','create_time','创建日期',NULL,0,1,'Date',20,0,'','','','','datetime','',120,NULL,'0','','',0,0,0,0,'single','','',3,'admin','2020-02-24 17:22:42','2020-02-24 15:15:14','admin',NULL,NULL,NULL,NULL,NULL,NULL,NULL,NULL,NULL,NULL),('d0d1be336726df9c41f2173f8886ba35','997ee931515a4620bc30a9c1246429a9','has_child','是否有子节点',NULL,0,1,'string',3,0,'','yn','','','list','',120,NULL,'0','','',0,0,0,0,'single','','',10,'admin','2020-05-03 00:57:44','2020-05-03 00:56:56','admin','','','','','','text','0',NULL,NULL,'0'),('d2551b70dc96a45a73b304bf755a996f','402860816bff91c0016bff91d8830007','workplace','工作单位','workplace',0,1,'string',255,0,'','','','','text','',120,NULL,'0','','',0,1,1,0,'group','','',6,'admin','2019-07-19 18:04:41','2019-07-17 18:54:37','admin',NULL,NULL,NULL,NULL,NULL,NULL,NULL,NULL,NULL,NULL),('d29dcdba14ea61808391fff2d927efea','402860816bff91c0016bff91c0cb0000','work_summary','工作总结','work_summary',0,1,'Text',65535,0,'','','','','textarea','',120,NULL,'0','','',0,1,1,0,'group','','',10,'admin','2019-07-19 18:09:01','2019-07-17 18:54:32','admin',NULL,NULL,NULL,NULL,NULL,NULL,NULL,NULL,NULL,NULL),('d3a701472d27ca8435d6a781a597038d','deea5a8ec619460c9245ba85dbc59e80','create_time','创建日期',NULL,0,1,'Date',20,0,'','','','','datetime','',120,NULL,'0','','',0,0,0,0,'single','','',3,'admin','2020-05-03 01:01:18','2019-04-20 11:41:19','admin','','','','','',NULL,'0',NULL,NULL,'0'),('d44b89cc5f1828f7ceb9be196d549665','4fb8e12a697f4d5bbe9b9fb1e9009486','code','编码',NULL,0,1,'String',200,0,'','','','','text','',120,NULL,'0','','${order_num_rule_param}',0,1,1,0,'single','','',2,'admin','2020-04-10 19:51:27','2020-04-10 19:47:01','admin','','','','','',NULL,'0',NULL,NULL,'0'),('d48bfd2a840f9b1d00bd3b5599dca0f0','402860816bff91c0016bff91cda80003','post','职务','post',0,1,'string',100,0,'','','','','text','',120,NULL,'0','','',0,1,1,0,'group','','',7,'admin','2019-07-19 18:06:36','2019-07-17 18:54:34','admin',NULL,NULL,NULL,NULL,NULL,NULL,NULL,NULL,NULL,NULL),('d4d8cae3cd9ea93e378fc14303eee105','d35109c3632c4952a19ecc094943dd71','create_by','创建人登录名称',NULL,0,1,'string',50,0,'','','','','text','',120,'','0','','',0,0,0,0,'single','','',1,'admin','2020-02-24 17:29:16','2019-03-15 14:24:35','admin',NULL,NULL,NULL,NULL,NULL,NULL,NULL,NULL,NULL,NULL),('d4dea775487aef5a7aea41791d3a65db','e5464aa8fa7b47c580e91593cf9b46dc','cycle_time','发放周期(年)',NULL,0,1,'String',32,0,'','','','','text','',120,NULL,'0','','',0,1,1,0,'single','','',11,'admin','2019-04-24 17:09:49','2019-04-24 14:09:06','admin',NULL,NULL,NULL,NULL,NULL,NULL,NULL,NULL,NULL,NULL),('d52c79620e21128fb69b4e8628cf25cc','dbf4675875e14676a3f9a8b2b8941140','sys_org_code','所属部门',NULL,0,1,'string',64,0,'','','','','text','',120,NULL,'0','','',0,0,0,0,'single','','',6,NULL,NULL,'2019-05-27 18:02:07','admin',NULL,NULL,NULL,NULL,NULL,NULL,NULL,NULL,NULL,NULL),('d530ab1bc3c51e8249a506a25d1003c7','79091e8277c744158530321513119c68','start_time','会签发起时间',NULL,0,1,'Date',32,0,'','','','','date','',120,NULL,'0','','',0,1,1,0,'single','','',7,'admin','2019-05-11 15:29:47','2019-05-11 15:27:17','admin',NULL,NULL,NULL,NULL,NULL,NULL,NULL,NULL,NULL,NULL),('d53e70411c206efecb8dcd00174e907c','62e29cdb81ac44d1a2d8ff89851b853d','create_time','创建日期',NULL,0,1,'Date',20,0,'','','','','datetime','',120,NULL,'0','','',0,0,0,0,'single','','',3,NULL,NULL,'2019-05-11 14:01:14','admin',NULL,NULL,NULL,NULL,NULL,NULL,NULL,NULL,NULL,NULL),('d5df0a35352ee960053686e959e9084b','1acb6f81a1d9439da6cc4e868617b565','wl_unit','计量单位',NULL,0,1,'String',100,0,'','air_china_unit','','','list_multi','',120,NULL,'0','','',0,1,1,0,'single','','',8,'admin','2019-06-10 14:47:14','2019-04-23 22:58:19','admin',NULL,NULL,NULL,NULL,NULL,NULL,NULL,NULL,NULL,NULL),('d6fad89f4f26d733291863c2dfbc5945','27fc5f91274344afa7673a732b279939','id','主键',NULL,1,0,'string',36,0,'','','','','text','',120,NULL,'0','','',0,0,0,0,'single','','',1,'admin','2019-07-01 16:28:20','2019-07-01 16:26:42','admin',NULL,NULL,NULL,NULL,NULL,NULL,NULL,NULL,NULL,NULL),('d7082454dac60103fdda3e00b6557d39','402880eb71d52dc30171d52dc3a10000','update_time','更新日期',NULL,0,1,'Date',20,0,'','','','','datetime','',120,NULL,'0','','',0,0,0,0,'single',NULL,NULL,9,NULL,NULL,'2020-05-02 19:37:58','admin','','','','','','text','0',NULL,NULL,'0'),('d766ea5809e2ec9ff2cdbcb18f610ab3','7ea60a25fa27470e9080d6a921aabbd1','id','主键',NULL,1,0,'string',36,0,'','','','','text','',120,NULL,'0','','',0,0,0,0,'single','','',1,NULL,NULL,'2019-04-17 00:22:21','admin',NULL,NULL,NULL,NULL,NULL,NULL,NULL,NULL,NULL,NULL),('d7c3b107f004cbc99dfe1fe6c79894d8','402860816bff91c0016bffa220a9000b','social_insurance_type','参加社保类型','social_insurance_type',0,1,'string',255,0,'','','','','text','',120,NULL,'0','','',0,1,1,0,'group','','',35,'admin','2019-07-22 16:15:32','2019-07-17 19:12:24','admin',NULL,NULL,NULL,NULL,NULL,NULL,NULL,NULL,NULL,NULL),('d8234b56acea1a752271a6c911dd91a0','7ea60a25fa27470e9080d6a921aabbd1','age','年龄',NULL,0,1,'String',32,0,'','','','','text','',120,NULL,'0','','',0,1,1,0,'single','','',7,NULL,NULL,'2019-04-17 00:22:21','admin',NULL,NULL,NULL,NULL,NULL,NULL,NULL,NULL,NULL,NULL),('d86909d794b01ad7fbb5e61d28b6603b','73162c3b8161413e8ecdca7eb288d0c9','sys_org_code','所属部门',NULL,0,1,'string',64,0,'','','','','text','',120,NULL,'0','','',0,0,0,0,'single','','',6,'admin','2019-07-01 14:23:32','2019-06-10 15:18:34','admin',NULL,NULL,NULL,NULL,NULL,NULL,NULL,NULL,NULL,NULL),('d949d9157831c2fb7ba9f175081fe036','402860816bff91c0016bff91cda80003','school','学校','school',0,1,'string',100,0,'','','','','text','',120,NULL,'0','','',0,1,1,0,'group','','',5,'admin','2019-07-19 18:06:36','2019-07-17 18:54:34','admin',NULL,NULL,NULL,NULL,NULL,NULL,NULL,NULL,NULL,NULL),('d9d308feb95968dbb322c9bff0c18452','32feeb502544416c9bf41329c10a88f4','update_by','更新人',NULL,0,1,'string',50,0,'','','','','text','',120,NULL,'0','','',0,0,0,0,'single','','',4,'admin','2019-08-23 20:03:40','2019-07-02 18:23:23','admin',NULL,NULL,NULL,NULL,NULL,NULL,NULL,NULL,NULL,NULL),('d9dde2f59bb148c6b7e95256acad8972','e67d26b610dd414c884c4dbb24e71ce3','post_name','岗位名字',NULL,0,1,'String',32,0,'','','','','text','',120,NULL,'0','','',0,1,1,0,'single','','',7,'admin','2019-04-24 11:03:32','2019-04-24 11:02:57','admin',NULL,NULL,NULL,NULL,NULL,NULL,NULL,NULL,NULL,NULL),('d9f9ae6986cb85019a3a4030f62f4d1a','402860816bff91c0016bff91cfea0004','employee_id','员工ID','employee_id',0,1,'string',32,0,'','','','','text','',120,NULL,'0','','',0,1,1,0,'group','oa_employee_info','id',2,'admin','2019-07-19 18:05:13','2019-07-17 18:54:35','admin',NULL,NULL,NULL,NULL,NULL,NULL,NULL,NULL,NULL,NULL),('db1fb3e12385cb967b63420cfe97cde6','402860816bff91c0016bff91cda80003','employee_id','员工ID','employee_id',0,1,'string',32,0,'','','','','text','',120,NULL,'0','','',0,1,1,0,'group','oa_employee_info','id',2,'admin','2019-07-19 18:06:36','2019-07-17 18:54:34','admin',NULL,NULL,NULL,NULL,NULL,NULL,NULL,NULL,NULL,NULL),('dc2bec862a4f0d600751c632d246f0ed','4028839a6de2ebd3016de2ebd3870000','update_time','更新日期','update_time',0,1,'Date',0,0,NULL,NULL,NULL,NULL,'date',NULL,120,NULL,'0',NULL,NULL,0,1,1,0,'group',NULL,NULL,5,NULL,NULL,'2019-10-19 15:29:30','admin',NULL,NULL,NULL,NULL,NULL,NULL,NULL,NULL,NULL,NULL),('dd3e1e13d7429807b83a00a090e060b7','402860816bff91c0016bffa220a9000b','join_party_info','入党（团）时间地点','join_party_info',0,1,'string',255,0,'','','','','text','',120,NULL,'0','','',0,1,1,0,'group','','',26,'admin','2019-07-22 16:15:32','2019-07-17 19:12:24','admin',NULL,NULL,NULL,NULL,NULL,NULL,NULL,NULL,NULL,NULL),('ddc302f84c75a5f056855c664b82202a','402860816aa5921f016aa5921f480000','days','请假天数','days',0,1,'int',10,0,'','','','','text','',120,NULL,'0','','',0,1,1,0,'group','','',3,'admin','2019-05-11 15:31:54','2019-05-11 14:26:19','admin',NULL,NULL,NULL,NULL,NULL,NULL,NULL,NULL,NULL,NULL),('ddcc14a2105588982b4ae657f2893d81','32feeb502544416c9bf41329c10a88f4','id','主键',NULL,1,0,'string',36,0,'','','','','text','',120,NULL,'0','','',0,0,0,0,'single','','',1,'admin','2019-08-23 20:03:40','2019-07-02 18:23:23','admin',NULL,NULL,NULL,NULL,NULL,NULL,NULL,NULL,NULL,NULL),('de34e46a66def956437635585db427b7','cb2d8534a2f544bc9c618dd49da66336','dde','ee',NULL,0,1,'String',32,0,'','','','','text','',120,NULL,'0','','',0,1,1,0,'single','','',10,NULL,NULL,'2020-02-24 17:22:43','admin',NULL,NULL,NULL,NULL,NULL,NULL,NULL,NULL,NULL,NULL),('de8f510d358f499dcd966e97708f82d4','997ee931515a4620bc30a9c1246429a9','sys_org_code','所属部门',NULL,0,1,'string',64,0,'','','','','text','',120,NULL,'0','','',0,0,0,0,'single','','',6,'admin','2020-05-03 00:57:44','2020-05-03 00:56:56','admin','','','','','',NULL,'0',NULL,NULL,'0'),('dedb920a5e876e27eb144464209ebe1e','27fc5f91274344afa7673a732b279939','sys_org_code','所属部门',NULL,0,1,'string',64,0,'','','','','text','',120,NULL,'0','','',0,0,0,0,'single','','',6,'admin','2019-07-01 16:28:20','2019-07-01 16:26:42','admin',NULL,NULL,NULL,NULL,NULL,NULL,NULL,NULL,NULL,NULL),('df489194c6008f3bd21b2c1c11fde337','fb19fb067cd841f9ae93d4eb3b883dc0','create_time','创建日期',NULL,0,1,'Date',20,0,'','','','','text','',120,'','0','','',0,1,1,0,'single','','',2,NULL,NULL,'2019-03-23 11:39:48','admin',NULL,NULL,NULL,NULL,NULL,NULL,NULL,NULL,NULL,NULL),('df4c5e8411c102f02a6fe6727e858d55','997ee931515a4620bc30a9c1246429a9','pic','分类图片',NULL,0,1,'string',500,0,'','','','','image','',120,NULL,'0','','',0,1,1,0,'single','','',8,'admin','2020-05-03 00:57:44','2020-05-03 00:56:56','admin','','','','','','text','0',NULL,NULL,'0'),('df58a7b1c3ed8f58a1994c0c0855db16','4adec929a6594108bef5b35ee9966e9f','sys_org_code','所属部门',NULL,0,1,'string',64,0,'','','','','text','',120,NULL,'0','','',0,0,0,0,'single','','',11,'admin','2020-04-10 19:43:38','2020-04-10 19:35:58','admin','','','','','','text','0',NULL,NULL,'0'),('e09b191e3c37f9c89ae2192c75220b89','b81de38db24047b497d476516f8a0865','sys_org_code','所属部门',NULL,0,1,'string',64,0,'','','','','text','',120,NULL,'0','','',0,0,0,0,'single','','',6,NULL,NULL,'2020-02-24 14:56:08','admin',NULL,NULL,NULL,NULL,NULL,NULL,NULL,NULL,NULL,NULL),('e0c5d6e483897d5c4e7894dc66dd1aff','32feeb502544416c9bf41329c10a88f4','bpm_status','流程状态',NULL,0,1,'String',2,0,'','bpm_status','','','list','',120,NULL,'0','','',0,1,1,0,'single','','',9,'admin','2019-08-23 20:03:40','2019-07-02 18:23:58','admin',NULL,NULL,NULL,NULL,NULL,NULL,NULL,NULL,NULL,NULL),('e24de426223dc0271a55eccc1d5457d0','73162c3b8161413e8ecdca7eb288d0c9','create_by','创建人',NULL,0,1,'string',50,0,'','','','','text','',120,NULL,'0','','',0,0,0,0,'single','','',2,'admin','2019-07-01 14:23:32','2019-06-10 15:18:34','admin',NULL,NULL,NULL,NULL,NULL,NULL,NULL,NULL,NULL,NULL),('e2d73ccda7f10f5a1ccce3c48b1e699e','402860816bff91c0016bffa220a9000b','residence_street','户口所在街道','residence_street',0,1,'string',100,0,'','','','','text','',120,NULL,'0','','',0,1,1,0,'group','','',27,'admin','2019-07-22 16:15:32','2019-07-17 19:12:24','admin',NULL,NULL,NULL,NULL,NULL,NULL,NULL,NULL,NULL,NULL),('e4914fdff68ac72486ada105e6e9fa36','e9faf717024b4aae95cff224ae9b6d97','id','主键',NULL,1,0,'string',36,0,'','','','','text','',120,NULL,'0','','',0,0,0,0,'single','','',1,'admin','2019-07-03 18:23:49','2019-07-03 18:22:35','admin',NULL,NULL,NULL,NULL,NULL,NULL,NULL,NULL,NULL,NULL),('e4a4c1d50b7b46678bc14fd5b90ee082','73162c3b8161413e8ecdca7eb288d0c9','create_time','创建日期',NULL,0,1,'Date',20,0,'','','','','datetime','',120,NULL,'0','','',0,0,0,0,'single','','',3,'admin','2019-07-01 14:23:32','2019-06-10 15:18:34','admin',NULL,NULL,NULL,NULL,NULL,NULL,NULL,NULL,NULL,NULL),('e50b4398731e06572c247993a0dcc38d','d35109c3632c4952a19ecc094943dd71','name','用户名',NULL,0,1,'string',200,0,'','','','','text','',120,'*','0','','',0,1,1,0,'single','','',5,'admin','2020-02-24 17:29:16','2019-03-15 14:24:35','admin',NULL,NULL,NULL,NULL,NULL,NULL,NULL,NULL,NULL,NULL),('e53f53766d1f7718b3ee5eabe105b969','402860816bff91c0016bffa220a9000b','social_insurance_time','五险一金日期','social_insurance_time',0,1,'Date',0,0,'','','','','date','',120,NULL,'0','','',0,1,1,0,'group','','',38,'admin','2019-07-22 16:15:32','2019-07-17 19:12:24','admin',NULL,NULL,NULL,NULL,NULL,NULL,NULL,NULL,NULL,NULL),('e60a8e496b0f7081dbfe4253b3218546','402880eb71d61d3d0171d61d3de30000','sys_org_code','所属部门',NULL,0,1,'string',64,0,'','','','','text','',120,NULL,'0','','',0,0,0,0,'single','','',10,'admin','2020-05-03 00:54:16','2020-05-02 23:59:33','admin','','','','','','text','0',NULL,NULL,'0'),('e672d5974a06d5c37b3b4c94a6f29f96','4028318169e81b970169e81b97650000','request_url','请求路径','request_url',0,1,'string',255,0,NULL,NULL,NULL,NULL,'text',NULL,120,NULL,'0',NULL,NULL,0,1,1,0,'group',NULL,NULL,9,NULL,NULL,'2019-04-04 19:28:36','admin',NULL,NULL,NULL,NULL,NULL,NULL,NULL,NULL,NULL,NULL),('e7aade12ca722b59c1ec681d14247ff8','402860816bff91c0016bff91d8830007','sys_org_code','组织机构编码','sys_org_code',0,1,'string',50,0,'','','','','text','',120,NULL,'0','','',0,1,1,0,'group','','',14,'admin','2019-07-19 18:04:41','2019-07-17 18:54:37','admin',NULL,NULL,NULL,NULL,NULL,NULL,NULL,NULL,NULL,NULL),('e7c367221181aa9d1fc395e09796be8d','402880eb71d52dc30171d52dc3a10000','create_time','创建日期',NULL,0,1,'Date',20,0,'','','','','datetime','',120,NULL,'0','','',0,0,0,0,'single',NULL,NULL,7,NULL,NULL,'2020-05-02 19:37:58','admin','','','','','','text','0',NULL,NULL,'0'),('e845925368919482df6dac58e6ed708d','402860816bff91c0016bff91d8830007','phone','联系方式','phone',0,1,'string',20,0,'','','','','text','',120,NULL,'0','','',0,1,1,0,'group','','',8,'admin','2019-07-19 18:04:41','2019-07-17 18:54:37','admin',NULL,NULL,NULL,NULL,NULL,NULL,NULL,NULL,NULL,NULL),('e88d328af34dd8a17f51437c52b68a2d','402860816bff91c0016bff91cfea0004','create_by','创建人','create_by',0,1,'string',100,0,'','','','','text','',120,NULL,'0','','',0,1,1,0,'group','','',9,'admin','2019-07-19 18:05:13','2019-07-17 18:54:35','admin',NULL,NULL,NULL,NULL,NULL,NULL,NULL,NULL,NULL,NULL),('e99cc08f4d88dd8f788399db8d448ee8','62e29cdb81ac44d1a2d8ff89851b853d','create_by','创建人',NULL,0,1,'string',50,0,'','','','','text','',120,NULL,'0','','',0,0,0,0,'single','','',2,NULL,NULL,'2019-05-11 14:01:14','admin',NULL,NULL,NULL,NULL,NULL,NULL,NULL,NULL,NULL,NULL),('ea309f9cd81ede7b9b36a1377a3a40d8','997ee931515a4620bc30a9c1246429a9','update_by','更新人',NULL,0,1,'string',50,0,'','','','','text','',120,NULL,'0','','',0,0,0,0,'single','','',4,'admin','2020-05-03 00:57:44','2020-05-03 00:56:56','admin','','','','','',NULL,'0',NULL,NULL,'0'),('ea644c4c208739640933ba6e568045c1','e2faf977fdaf4b25a524f58c2441a51c','ruz_date','入职时间',NULL,0,1,'Date',32,0,'','','','','date','',120,NULL,'0','','',0,1,1,0,'single','','',9,'admin','2019-06-10 17:27:00','2019-04-24 17:12:11','admin',NULL,NULL,NULL,NULL,NULL,NULL,NULL,NULL,NULL,NULL),('ea96d1c33f0f0d7245045e70a5793257','402860816bff91c0016bffa220a9000b','current_postcode','现居住地邮编','current_postcode',0,1,'string',10,0,'','','','','text','',120,NULL,'0','','',0,1,1,0,'group','','',31,'admin','2019-07-22 16:15:32','2019-07-17 19:12:24','admin',NULL,NULL,NULL,NULL,NULL,NULL,NULL,NULL,NULL,NULL),('ebc41362681919cc680fcc58bf87fdcb','1acb6f81a1d9439da6cc4e868617b565','price','单价',NULL,0,1,'double',10,2,'','','','','text','',120,NULL,'0','','',0,1,1,0,'single','','',12,'admin','2019-06-10 14:47:14','2019-04-23 22:58:19','admin',NULL,NULL,NULL,NULL,NULL,NULL,NULL,NULL,NULL,NULL),('ec20e66d5eb9b8b7f58de9edc0f7630b','1acb6f81a1d9439da6cc4e868617b565','create_by','创建人',NULL,0,1,'string',50,0,'','','','','text','',120,NULL,'0','','',0,0,0,0,'single','','',2,'admin','2019-06-10 14:47:14','2019-04-23 22:58:19','admin',NULL,NULL,NULL,NULL,NULL,NULL,NULL,NULL,NULL,NULL),('ec5e9cb5809b2f8ce1446df4a27693f0','27fc5f91274344afa7673a732b279939','name','用户名',NULL,0,1,'String',32,0,'','','','','text','',120,NULL,'0','','',0,1,1,0,'single','','',7,'admin','2019-07-01 16:28:20','2019-07-01 16:26:42','admin',NULL,NULL,NULL,NULL,NULL,NULL,NULL,NULL,NULL,NULL),('ed16f23d08e7bcda11a1383fda68057e','402860816bff91c0016bff91c7010001','employee_id','员工ID','employee_id',0,1,'string',32,0,'','','','','text','',120,NULL,'0','','',0,1,1,0,'group','oa_employee_info','id',2,'admin','2019-07-19 18:07:47','2019-07-17 18:54:32','admin',NULL,NULL,NULL,NULL,NULL,NULL,NULL,NULL,NULL,NULL),('edda30c64e1dccee510d40b77a8ca094','fb7125a344a649b990c12949945cb6c1','update_by','更新人',NULL,0,1,'string',50,0,'','','','','text','',120,'','0','','',0,0,0,0,'single','','',3,'admin','2019-03-26 19:24:11','2019-03-26 19:01:52','admin',NULL,NULL,NULL,NULL,NULL,NULL,NULL,NULL,NULL,NULL),('ee09e0e21fa350b9346b70292dcfca00','79091e8277c744158530321513119c68','id','主键',NULL,1,0,'string',36,0,'','','','','text','',120,NULL,'0','','',0,0,0,0,'single','','',1,'admin','2019-05-11 15:29:47','2019-05-11 15:27:17','admin',NULL,NULL,NULL,NULL,NULL,NULL,NULL,NULL,NULL,NULL),('ee4ffe04a25fcf556e78183f1f521546','402860816aa5921f016aa5921f480000','create_by','创建人id','create_by',0,1,'string',32,0,'','','','','text','',120,NULL,'0','','',0,0,0,0,'group','','',8,'admin','2019-05-11 15:31:54','2019-05-11 14:26:19','admin',NULL,NULL,NULL,NULL,NULL,NULL,NULL,NULL,NULL,NULL),('ee5803611f63643059b6375166d71567','402860816bff91c0016bff91c7010001','create_time','创建时间','create_time',0,1,'Date',0,0,'','','','','date','',120,NULL,'0','','',0,1,1,0,'group','','',8,'admin','2019-07-19 18:07:47','2019-07-17 18:54:32','admin',NULL,NULL,NULL,NULL,NULL,NULL,NULL,NULL,NULL,NULL),('ef81373c5fd7130d7e23859d90c9eb3e','402860816bff91c0016bff91cda80003','from_time','开始日期','from_time',0,1,'Date',0,0,'','','','','date','',120,NULL,'0','','',0,1,1,0,'group','','',3,'admin','2019-07-19 18:06:36','2019-07-17 18:54:34','admin',NULL,NULL,NULL,NULL,NULL,NULL,NULL,NULL,NULL,NULL),('efd1b955a75b5046e9857e00fe94ae2c','fbc35f067da94a70adb622ddba259352','id','主键',NULL,1,0,'string',36,0,'','','','','text','',120,NULL,'0','','',0,0,0,0,'single','','',1,NULL,NULL,'2019-07-03 19:44:23','admin',NULL,NULL,NULL,NULL,NULL,NULL,NULL,NULL,NULL,NULL),('f015cc2ffdcc2c4be1e9b3622eb69b52','fbc35f067da94a70adb622ddba259352','sys_org_code','所属部门',NULL,0,1,'string',64,0,'','','','','text','',120,NULL,'0','','',0,0,0,0,'single','','',6,NULL,NULL,'2019-07-03 19:44:23','admin',NULL,NULL,NULL,NULL,NULL,NULL,NULL,NULL,NULL,NULL),('f06b2bb01ea1fae487b7e3c3eb521d5b','d3ae1c692b9640e0a091f8c46e17bb01','create_by','创建人',NULL,0,1,'string',50,0,'','','','','text','',120,NULL,'0','','',0,0,0,0,'single','','',2,NULL,NULL,'2019-07-24 14:47:30','admin',NULL,NULL,NULL,NULL,NULL,NULL,NULL,NULL,NULL,NULL),('f0967fd139b440f79f21248bf4e4a209','d3ae1c692b9640e0a091f8c46e17bb01','update_time','更新日期',NULL,0,1,'Date',20,0,'','','','','datetime','',120,NULL,'0','','',0,0,0,0,'single','','',5,NULL,NULL,'2019-07-24 14:47:30','admin',NULL,NULL,NULL,NULL,NULL,NULL,NULL,NULL,NULL,NULL),('f0a453930aa16ca32f2e3be860bfe542','402860816bff91c0016bffa220a9000b','education','学历','education',0,1,'string',100,0,'','','','','text','',120,NULL,'0','','',0,1,1,0,'group','','',14,'admin','2019-07-22 16:15:32','2019-07-17 19:12:24','admin',NULL,NULL,NULL,NULL,NULL,NULL,NULL,NULL,NULL,NULL),('f12753b4a3815697a72017a7436fe733','e2faf977fdaf4b25a524f58c2441a51c','update_time','更新日期',NULL,0,1,'Date',20,0,'','','','','datetime','',120,NULL,'0','','',0,0,0,0,'single','','',5,'admin','2019-06-10 17:27:00','2019-04-24 17:12:11','admin',NULL,NULL,NULL,NULL,NULL,NULL,NULL,NULL,NULL,NULL),('f1ab7d3b55ade57eeac6c55b32ce813a','1acb6f81a1d9439da6cc4e868617b565','update_by','更新人',NULL,0,1,'string',50,0,'','','','','text','',120,NULL,'0','','',0,0,0,0,'single','','',4,'admin','2019-06-10 14:47:14','2019-04-23 22:58:19','admin',NULL,NULL,NULL,NULL,NULL,NULL,NULL,NULL,NULL,NULL),('f1c7fde21f26c7ed64a0ef1095900c52','4028318169e81b970169e81b97650000','request_type','请求类型','request_type',0,1,'string',10,0,NULL,NULL,NULL,NULL,'text',NULL,120,NULL,'0',NULL,NULL,0,1,1,0,'group',NULL,NULL,11,NULL,NULL,'2019-04-04 19:28:36','admin',NULL,NULL,NULL,NULL,NULL,NULL,NULL,NULL,NULL,NULL),('f3284a1ce6da9b887dce89091eaa0f6b','402880e570a5d7000170a5d700f50000','pro_type','产品类型',NULL,0,1,'String',32,0,'','sex','','','radio','',120,NULL,'0','','',0,1,1,0,'single',NULL,NULL,9,NULL,NULL,'2020-03-04 21:58:16','admin',NULL,NULL,NULL,NULL,NULL,NULL,NULL,NULL,NULL,NULL),('f4647a91a4ac5d6d32bb0692b800bffe','402860816bff91c0016bff91c0cb0000','probation_post','试用期职位','probation_post',0,1,'string',100,0,'','','','','text','',120,NULL,'0','','',0,1,1,0,'group','','',8,'admin','2019-07-19 18:09:01','2019-07-17 18:54:32','admin',NULL,NULL,NULL,NULL,NULL,NULL,NULL,NULL,NULL,NULL),('f4b0bc7f3d6562e28d7c5e2d56510ecd','e5464aa8fa7b47c580e91593cf9b46dc','first_num','首次数量',NULL,0,1,'String',32,0,'','','','','text','',120,NULL,'0','','',0,1,1,0,'single','','',8,'admin','2019-04-24 17:09:49','2019-04-24 14:31:31','admin',NULL,NULL,NULL,NULL,NULL,NULL,NULL,NULL,NULL,NULL),('f558359b06aea79a992c102ce3563a4d','4028318169e81b970169e81b97650000','username','操作用户名称','username',0,1,'string',100,0,NULL,NULL,NULL,NULL,'text',NULL,120,NULL,'0',NULL,NULL,0,1,1,0,'group',NULL,NULL,6,NULL,NULL,'2019-04-04 19:28:36','admin',NULL,NULL,NULL,NULL,NULL,NULL,NULL,NULL,NULL,NULL),('f5d2475aec4b9016dfc0c8772e1704ea','402880eb71d52dc30171d52dc3a10000','code','编码',NULL,0,1,'String',200,0,'','','','','text','',120,NULL,'0','','${order_num_rule_param}',0,1,1,0,'single',NULL,NULL,2,NULL,NULL,'2020-05-02 19:37:59','admin','','','','','',NULL,'0',NULL,NULL,'0'),('f6afcb7d8ea81879593ff737b55ddcc0','402860816bff91c0016bff91cda80003','id','id','id',1,1,'string',32,0,'','','','','text','',120,NULL,'0','','',0,0,0,0,'group','','',1,'admin','2019-07-19 18:06:36','2019-07-17 18:54:34','admin',NULL,NULL,NULL,NULL,NULL,NULL,NULL,NULL,NULL,NULL),('f6f8aed87ec73994f6a12abbc079dbb1','402860816bff91c0016bffa220a9000b','update_by','更新人','update_by',0,1,'string',100,0,'','','','','text','',120,NULL,'0','','',0,1,1,0,'group','','',41,'admin','2019-07-22 16:15:32','2019-07-17 19:12:24','admin',NULL,NULL,NULL,NULL,NULL,NULL,NULL,NULL,NULL,NULL),('f7332af7586c83c87f7b9ea144a5292d','62e29cdb81ac44d1a2d8ff89851b853d','update_by','更新人',NULL,0,1,'string',50,0,'','','','','text','',120,NULL,'0','','',0,0,0,0,'single','','',4,NULL,NULL,'2019-05-11 14:01:14','admin',NULL,NULL,NULL,NULL,NULL,NULL,NULL,NULL,NULL,NULL),('f76719783433487f4710232e2ae0e521','402860816bff91c0016bff91cfea0004','id','id','id',1,1,'string',32,0,'','','','','text','',120,NULL,'0','','',0,0,0,0,'group','','',1,'admin','2019-07-19 18:05:13','2019-07-17 18:54:35','admin',NULL,NULL,NULL,NULL,NULL,NULL,NULL,NULL,NULL,NULL),('f7e7eb84ddc34d7e09d10af213ac6667','402860816bff91c0016bff91d2810005','create_time','创建时间','create_time',0,1,'Date',0,0,'','','','','date','',120,NULL,'0','','',0,1,1,0,'group','','',11,'admin','2019-07-19 18:05:55','2019-07-17 18:54:35','admin',NULL,NULL,NULL,NULL,NULL,NULL,NULL,NULL,NULL,NULL),('f81d7103c0c857e5c744cda2bc4c000a','402860816bff91c0016bff91ca7e0002','cert_organizations','发证机关','cert_organizations',0,1,'string',255,0,'','','','','text','',120,NULL,'0','','',0,1,1,0,'group','','',6,'admin','2019-07-19 18:07:13','2019-07-17 18:54:33','admin',NULL,NULL,NULL,NULL,NULL,NULL,NULL,NULL,NULL,NULL),('f82db8edef5babf741914b0fa221329b','4028839a6de2ebd3016de2ebd3870000','bpm_status','流程状态','bpm_status',0,1,'string',2,0,NULL,NULL,NULL,NULL,'text',NULL,120,NULL,'0',NULL,NULL,0,1,1,0,'group',NULL,NULL,16,NULL,NULL,'2019-10-19 15:29:30','admin',NULL,NULL,NULL,NULL,NULL,NULL,NULL,NULL,NULL,NULL),('f8a0fd20a1173270afdfed1129d5c669','402860816bff91c0016bffa220a9000b','depart_id','所在部门id',NULL,0,1,'String',32,0,'','','','','text','',120,NULL,'0','','',0,1,1,0,'single','','',44,'admin','2019-07-22 16:15:32','2019-07-19 15:33:44','admin',NULL,NULL,NULL,NULL,NULL,NULL,NULL,NULL,NULL,NULL),('f8cc6be747fec10802eb625ac529c16f','402860816bff91c0016bff91cfea0004','create_time','创建时间','create_time',0,1,'Date',0,0,'','','','','date','',120,NULL,'0','','',0,1,1,0,'group','','',10,'admin','2019-07-19 18:05:13','2019-07-17 18:54:35','admin',NULL,NULL,NULL,NULL,NULL,NULL,NULL,NULL,NULL,NULL),('f90bcb38fb89988bd40d1618aa75cea0','758334cb1e7445e2822b60e807aec4a3','id','主键',NULL,1,0,'string',36,0,'','','','','text','',120,NULL,'0','','',0,0,0,0,'single','','',1,NULL,NULL,'2019-10-18 18:02:09','admin',NULL,NULL,NULL,NULL,NULL,NULL,NULL,NULL,NULL,NULL),('f94db83e41c69f407d3c9a81c5892269','402860816bff91c0016bffa220a9000b','first_job_time','首次工作时间','first_job_time',0,1,'Date',0,0,'','','','','date','',120,NULL,'0','','',0,1,1,0,'group','','',22,'admin','2019-07-22 16:15:32','2019-07-17 19:12:24','admin',NULL,NULL,NULL,NULL,NULL,NULL,NULL,NULL,NULL,NULL),('f95d2cbefd25444909c83aaf8c4f72fb','402860816bff91c0016bff91ca7e0002','memo','备注','memo',0,1,'string',255,0,'','','','','text','',120,NULL,'0','','',0,1,1,0,'group','','',7,'admin','2019-07-19 18:07:13','2019-07-17 18:54:33','admin',NULL,NULL,NULL,NULL,NULL,NULL,NULL,NULL,NULL,NULL),('fa3a12d7abf72b23afe425f8dbd57f86','1acb6f81a1d9439da6cc4e868617b565','size_type','尺码类型',NULL,0,1,'String',2,0,'','air_china_size','','','list','',120,NULL,'0','','',0,1,1,0,'single','','',9,'admin','2019-06-10 14:47:14','2019-04-23 22:58:19','admin',NULL,NULL,NULL,NULL,NULL,NULL,NULL,NULL,NULL,NULL),('fa8f5a0ba673e0208934567462844eab','402860816bff91c0016bff91ca7e0002','sys_org_code','组织机构编码','sys_org_code',0,1,'string',50,0,'','','','','text','',120,NULL,'0','','',0,1,1,0,'group','','',13,'admin','2019-07-19 18:07:13','2019-07-17 18:54:33','admin',NULL,NULL,NULL,NULL,NULL,NULL,NULL,NULL,NULL,NULL),('faaaca21b7b2b16089c885f3224e4dc5','4fb8e12a697f4d5bbe9b9fb1e9009486','main_id','主表ID',NULL,0,1,'String',200,0,'','','','','text','',120,NULL,'0','','',0,0,0,0,'single','demo_field_def_val_main','id',5,'admin','2020-04-10 19:51:27','2020-04-10 19:47:55','admin','','','','','',NULL,'0',NULL,NULL,'0'),('fafb32cf7e63bca93bbd70b0a0ea11fc','758334cb1e7445e2822b60e807aec4a3','sys_org_code','所属部门',NULL,0,1,'string',64,0,'','','','','text','',120,NULL,'0','','',0,0,0,0,'single','','',6,NULL,NULL,'2019-10-18 18:02:09','admin',NULL,NULL,NULL,NULL,NULL,NULL,NULL,NULL,NULL,NULL),('fc55d467102c2c782286f546d7820c3d','73162c3b8161413e8ecdca7eb288d0c9','pid','父物料',NULL,0,1,'String',36,0,'','','','','text','',120,NULL,'0','','',0,1,1,0,'single','','',9,'admin','2019-07-01 14:23:32','2019-06-10 15:18:34','admin',NULL,NULL,NULL,NULL,NULL,NULL,NULL,NULL,NULL,NULL),('fc76a3832d232829852cae6c66e44f67','402860816bff91c0016bffa220a9000b','identity_no','身份证号','identity_no',0,1,'string',20,0,'','','','','text','',120,NULL,'0','','',0,1,1,0,'group','','',21,'admin','2019-07-22 16:15:32','2019-07-17 19:12:24','admin',NULL,NULL,NULL,NULL,NULL,NULL,NULL,NULL,NULL,NULL),('fcd519058d68fa4dab192335602b5d24','402860816bff91c0016bffa220a9000b','real_name','姓名','real_name',0,1,'string',100,0,'','','','','text','',120,NULL,'0','','',0,1,1,0,'group','','',5,'admin','2019-07-22 16:15:32','2019-07-17 19:12:24','admin',NULL,NULL,NULL,NULL,NULL,NULL,NULL,NULL,NULL,NULL),('fd0586cae06685959415d9017b2bdf49','758334cb1e7445e2822b60e807aec4a3','create_by','创建人',NULL,0,1,'string',50,0,'','','','','text','',120,NULL,'0','','',0,0,0,0,'single','','',2,NULL,NULL,'2019-10-18 18:02:09','admin',NULL,NULL,NULL,NULL,NULL,NULL,NULL,NULL,NULL,NULL),('fde00160a5d664effaa4b5552e814e74','fb7125a344a649b990c12949945cb6c1','sex','性别',NULL,0,1,'string',32,0,'','','','','text','',120,'','0','','',0,1,1,0,'single','','',6,'admin','2019-03-26 19:24:11','2019-03-26 19:01:52','admin',NULL,NULL,NULL,NULL,NULL,NULL,NULL,NULL,NULL,NULL),('fed133a00f57245d4cfb02dd3c3ce7c1','4adec929a6594108bef5b35ee9966e9f','update_by','更新人',NULL,0,1,'string',50,0,'','','','','text','',120,NULL,'0','','',0,0,0,0,'single','','',9,'admin','2020-04-10 19:43:38','2020-04-10 19:35:58','admin','','','','','','text','0',NULL,NULL,'0'),('fef2add806c5e1ddd01c79c7e84f5a65','cb2d8534a2f544bc9c618dd49da66336','cc','cc',NULL,0,1,'String',32,0,'','','','','text','',120,NULL,'0','','',0,1,1,0,'single','','',7,NULL,NULL,'2020-02-24 17:22:42','admin',NULL,NULL,NULL,NULL,NULL,NULL,NULL,NULL,NULL,NULL),('ff49b468e54e137032f7e4d976b83b5a','402860816bff91c0016bffa220a9000b','politically_status','政治面貌','politically_status',0,1,'string',20,0,'','','','','text','',120,NULL,'0','','',0,1,1,0,'group','','',8,'admin','2019-07-22 16:15:32','2019-07-17 19:12:24','admin',NULL,NULL,NULL,NULL,NULL,NULL,NULL,NULL,NULL,NULL),('ff601f75d0e7ced226748eb8fba2c896','402860816bff91c0016bff91d8830007','relation','关系','relation',0,1,'string',100,0,'','','','','text','',120,NULL,'0','','',0,1,1,0,'group','','',4,'admin','2019-07-19 18:04:41','2019-07-17 18:54:37','admin',NULL,NULL,NULL,NULL,NULL,NULL,NULL,NULL,NULL,NULL),('ffacafee9fa46eb297ca3252f95acef9','402860816bff91c0016bffa220a9000b','school','毕业学校','school',0,1,'string',100,0,'','','','','text','',120,NULL,'0','','',0,1,1,0,'group','','',9,'admin','2019-07-22 16:15:32','2019-07-17 19:12:24','admin',NULL,NULL,NULL,NULL,NULL,NULL,NULL,NULL,NULL,NULL),('ffcbf379fffabbd13aa2c22ce565ec12','79091e8277c744158530321513119c68','update_by','更新人',NULL,0,1,'string',50,0,'','','','','text','',120,NULL,'0','','',0,0,0,0,'single','','',4,'admin','2019-05-11 15:29:47','2019-05-11 15:27:17','admin',NULL,NULL,NULL,NULL,NULL,NULL,NULL,NULL,NULL,NULL);

#
# Structure for table "onl_cgform_head"
#

DROP TABLE IF EXISTS `onl_cgform_head`;
CREATE TABLE `onl_cgform_head` (
  `id` varchar(32) NOT NULL COMMENT '主键ID',
  `table_name` varchar(50) NOT NULL COMMENT '表名',
  `table_type` int(11) NOT NULL COMMENT '表类型: 0单表、1主表、2附表',
  `table_version` int(11) DEFAULT '1' COMMENT '表版本',
  `table_txt` varchar(200) NOT NULL COMMENT '表说明',
  `is_checkbox` varchar(5) NOT NULL COMMENT '是否带checkbox',
  `is_db_synch` varchar(20) NOT NULL DEFAULT 'N' COMMENT '同步数据库状态',
  `is_page` varchar(5) NOT NULL COMMENT '是否分页',
  `is_tree` varchar(5) NOT NULL COMMENT '是否是树',
  `id_sequence` varchar(200) DEFAULT NULL COMMENT '主键生成序列',
  `id_type` varchar(100) DEFAULT NULL COMMENT '主键类型',
  `query_mode` varchar(10) NOT NULL COMMENT '查询模式',
  `relation_type` int(11) DEFAULT NULL COMMENT '映射关系 0一对多  1一对一',
  `sub_table_str` varchar(1000) DEFAULT NULL COMMENT '子表',
  `tab_order_num` int(11) DEFAULT NULL COMMENT '附表排序序号',
  `tree_parent_id_field` varchar(50) DEFAULT NULL COMMENT '树形表单父id',
  `tree_id_field` varchar(50) DEFAULT NULL COMMENT '树表主键字段',
  `tree_fieldname` varchar(50) DEFAULT NULL COMMENT '树开表单列字段',
  `form_category` varchar(50) NOT NULL DEFAULT 'bdfl_ptbd' COMMENT '表单分类',
  `form_template` varchar(50) DEFAULT NULL COMMENT 'PC表单模板',
  `form_template_mobile` varchar(50) DEFAULT NULL COMMENT '表单模板样式(移动端)',
  `scroll` int(3) DEFAULT '0' COMMENT '是否有横向滚动条',
  `copy_version` int(11) DEFAULT NULL COMMENT '复制版本号',
  `copy_type` int(3) DEFAULT '0' COMMENT '复制表类型1为复制表 0为原始表',
  `physic_id` varchar(32) DEFAULT NULL COMMENT '原始表ID',
  `update_by` varchar(32) DEFAULT NULL COMMENT '修改人',
  `update_time` datetime DEFAULT NULL COMMENT '修改时间',
  `create_by` varchar(32) DEFAULT NULL COMMENT '创建人',
  `create_time` datetime DEFAULT NULL COMMENT '创建时间',
  `theme_template` varchar(50) DEFAULT NULL COMMENT '主题模板',
  PRIMARY KEY (`id`) USING BTREE,
  UNIQUE KEY `index_onlineform_table_name` (`table_name`) USING BTREE,
  KEY `index_form_templdate` (`form_template`) USING BTREE,
  KEY `index_templdate_mobile` (`form_template_mobile`) USING BTREE,
  KEY `index_onlineform_table_version` (`table_version`) USING BTREE
) ENGINE=InnoDB DEFAULT CHARSET=utf8 ROW_FORMAT=DYNAMIC;

#
# Data for table "onl_cgform_head"
#

INSERT INTO `onl_cgform_head` VALUES ('3d447fa919b64f6883a834036c14aa67','test_enhance_select',1,5,'js增强实现下拉联动效果','N','Y','Y','N',NULL,'UUID','single',NULL,NULL,NULL,NULL,NULL,NULL,'bdfl_include','1',NULL,0,NULL,0,NULL,'admin','2020-02-21 17:58:46','admin','2020-02-20 16:19:00','normal'),('402880e570a5d7000170a5d700f50000','test_order_product$1',1,11,'订单产品明细','N','N','Y','N',NULL,'UUID','single',NULL,NULL,NULL,NULL,NULL,NULL,'bdfl_include','1',NULL,0,1,1,'deea5a8ec619460c9245ba85dbc59e80',NULL,NULL,'admin','2020-03-04 21:58:16',NULL),('402880eb71d61d3d0171d61d3de30000','demo_field_def_val_sub$1',1,2,'示例：控件默认值（子表）','Y','N','Y','N',NULL,'UUID','single',NULL,NULL,NULL,NULL,NULL,NULL,'demo','1',NULL,1,1,1,'4fb8e12a697f4d5bbe9b9fb1e9009486','admin','2020-05-03 00:54:16','admin','2020-05-02 23:59:33','normal'),('4adec929a6594108bef5b35ee9966e9f','demo_field_def_val_main',2,1,'示例：控件默认值（主表）','Y','Y','Y','N',NULL,'UUID','single',NULL,'demo_field_def_val_sub',NULL,NULL,NULL,NULL,'demo','1',NULL,1,NULL,0,NULL,'admin','2020-05-02 19:37:57','admin','2020-04-10 19:35:57','normal'),('4fb8e12a697f4d5bbe9b9fb1e9009486','demo_field_def_val_sub',3,1,'示例：控件默认值（子表）','Y','Y','Y','N',NULL,'UUID','single',0,NULL,1,NULL,NULL,NULL,'demo','1',NULL,1,NULL,0,NULL,'admin','2020-05-02 19:37:54','admin','2020-04-10 19:47:01','normal'),('56870166aba54ebfacb20ba6c770bd73','test_order_main',2,11,'测试订单主表','N','Y','Y','N',NULL,'UUID','single',NULL,'test_order_product',NULL,NULL,NULL,NULL,'bdfl_include','2',NULL,0,NULL,0,NULL,'admin','2020-05-03 01:01:30','admin','2019-04-20 11:38:39','erp'),('997ee931515a4620bc30a9c1246429a9','test_shoptype_tree',1,2,'商品分类','Y','Y','Y','Y',NULL,'UUID','single',NULL,NULL,NULL,'pid','has_child','type_name','temp','1',NULL,1,NULL,0,NULL,'admin','2020-05-03 00:57:47','admin','2020-05-03 00:56:56','normal'),('d35109c3632c4952a19ecc094943dd71','test_demo',1,18,'测试用户表','N','Y','Y','N',NULL,'UUID','single',NULL,NULL,NULL,NULL,NULL,NULL,'bdfl_include','1',NULL,0,NULL,0,NULL,'admin','2020-02-24 17:29:16','admin','2019-03-15 14:24:35','normal'),('deea5a8ec619460c9245ba85dbc59e80','test_order_product',3,12,'订单产品明细','N','Y','Y','N',NULL,'UUID','single',0,NULL,1,NULL,NULL,NULL,'bdfl_include','1',NULL,0,NULL,0,NULL,'admin','2020-05-03 01:01:18','admin','2019-04-20 11:41:19','normal');

#
# Structure for table "onl_cgform_index"
#

DROP TABLE IF EXISTS `onl_cgform_index`;
CREATE TABLE `onl_cgform_index` (
  `id` varchar(36) NOT NULL COMMENT '主键',
  `cgform_head_id` varchar(32) DEFAULT NULL COMMENT '主表id',
  `index_name` varchar(100) DEFAULT NULL COMMENT '索引名称',
  `index_field` varchar(500) DEFAULT NULL COMMENT '索引栏位',
  `index_type` varchar(32) DEFAULT NULL COMMENT '索引类型',
  `create_by` varchar(50) DEFAULT NULL COMMENT '创建人登录名称',
  `create_time` datetime DEFAULT NULL COMMENT '创建日期',
  `update_by` varchar(50) DEFAULT NULL COMMENT '更新人登录名称',
  `update_time` datetime DEFAULT NULL COMMENT '更新日期',
  `is_db_synch` varchar(2) DEFAULT 'N' COMMENT '是否同步数据库 N未同步 Y已同步',
  `del_flag` int(1) DEFAULT '0' COMMENT '是否删除 0未删除 1删除',
  PRIMARY KEY (`id`) USING BTREE,
  KEY `index_table_id` (`cgform_head_id`) USING BTREE
) ENGINE=InnoDB DEFAULT CHARSET=utf8 ROW_FORMAT=DYNAMIC;

#
# Data for table "onl_cgform_index"
#


#
# Structure for table "onl_cgreport_head"
#

DROP TABLE IF EXISTS `onl_cgreport_head`;
CREATE TABLE `onl_cgreport_head` (
  `id` varchar(36) NOT NULL,
  `code` varchar(100) NOT NULL COMMENT '报表编码',
  `name` varchar(100) NOT NULL COMMENT '报表名字',
  `cgr_sql` varchar(1000) NOT NULL COMMENT '报表SQL',
  `return_val_field` varchar(100) DEFAULT NULL COMMENT '返回值字段',
  `return_txt_field` varchar(100) DEFAULT NULL COMMENT '返回文本字段',
  `return_type` varchar(2) DEFAULT '1' COMMENT '返回类型，单选或多选',
  `db_source` varchar(100) DEFAULT NULL COMMENT '动态数据源',
  `content` varchar(1000) DEFAULT NULL COMMENT '描述',
  `update_time` datetime DEFAULT NULL COMMENT '修改时间',
  `update_by` varchar(32) DEFAULT NULL COMMENT '修改人id',
  `create_time` datetime DEFAULT NULL COMMENT '创建时间',
  `create_by` varchar(32) DEFAULT NULL COMMENT '创建人id',
  PRIMARY KEY (`id`) USING BTREE,
  UNIQUE KEY `index_onlinereport_code` (`code`) USING BTREE
) ENGINE=InnoDB DEFAULT CHARSET=utf8 ROW_FORMAT=DYNAMIC;

#
# Data for table "onl_cgreport_head"
#

INSERT INTO `onl_cgreport_head` VALUES ('1256627801873821698','report002','统计登录每日登录次数','select DATE_FORMAT(create_time,  \'%Y-%m-%d\') as date,count(*) as num from sys_log group by DATE_FORMAT(create_time, \'%Y-%m-%d\')',NULL,NULL,'1',NULL,NULL,NULL,NULL,'2020-05-03 00:53:10','admin'),('6c7f59741c814347905a938f06ee003c','report_user','统计在线用户','select * from sys_user',NULL,NULL,'1','',NULL,'2020-05-03 01:07:13','admin','2019-03-25 11:20:45','admin'),('87b55a515d3441b6b98e48e5b35474a6','demo','Report Demo','select * from demo',NULL,NULL,'1','',NULL,'2020-05-03 01:14:35','admin','2019-03-12 11:25:16','admin');

#
# Structure for table "onl_cgreport_item"
#

DROP TABLE IF EXISTS `onl_cgreport_item`;
CREATE TABLE `onl_cgreport_item` (
  `id` varchar(36) NOT NULL,
  `cgrhead_id` varchar(36) NOT NULL COMMENT '报表ID',
  `field_name` varchar(36) NOT NULL COMMENT '字段名字',
  `field_txt` varchar(300) DEFAULT NULL COMMENT '字段文本',
  `field_width` int(3) DEFAULT NULL,
  `field_type` varchar(10) DEFAULT NULL COMMENT '字段类型',
  `search_mode` varchar(10) DEFAULT NULL COMMENT '查询模式',
  `is_order` int(2) DEFAULT '0' COMMENT '是否排序  0否,1是',
  `is_search` int(2) DEFAULT '0' COMMENT '是否查询  0否,1是',
  `dict_code` varchar(500) DEFAULT NULL COMMENT '字典CODE',
  `field_href` varchar(120) DEFAULT NULL COMMENT '字段跳转URL',
  `is_show` int(2) DEFAULT '1' COMMENT '是否显示  0否,1显示',
  `order_num` int(11) DEFAULT NULL COMMENT '排序',
  `replace_val` varchar(200) DEFAULT NULL COMMENT '取值表达式',
  `create_by` varchar(32) DEFAULT NULL COMMENT '创建人',
  `create_time` datetime DEFAULT NULL COMMENT '创建时间',
  `update_by` varchar(32) DEFAULT NULL COMMENT '修改人',
  `update_time` datetime DEFAULT NULL COMMENT '修改时间',
  PRIMARY KEY (`id`) USING BTREE,
  KEY `index_cgrhead_id` (`cgrhead_id`) USING BTREE,
  KEY `index_isshow` (`is_show`) USING BTREE,
  KEY `index_order_num` (`order_num`) USING BTREE
) ENGINE=InnoDB DEFAULT CHARSET=utf8 ROW_FORMAT=DYNAMIC;

#
# Data for table "onl_cgreport_item"
#

INSERT INTO `onl_cgreport_item` VALUES ('1256627802020622337','1256627801873821698','date','日期',NULL,'String',NULL,0,0,'','',1,1,'','admin','2020-05-03 00:53:10',NULL,NULL),('1256627802075148289','1256627801873821698','num','登录次数',NULL,'String',NULL,0,0,'','',1,2,'','admin','2020-05-03 00:53:10',NULL,NULL),('15884396588465896672','87b55a515d3441b6b98e48e5b35474a6','id','ID',NULL,'String',NULL,0,0,'','',0,1,'','admin','2020-05-03 01:14:35',NULL,NULL),('1740bb02519db90c44cb2cba8b755136','6c7f59741c814347905a938f06ee003c','realname','用户名称',NULL,'String',NULL,0,0,'','',1,1,'','admin','2020-05-03 01:07:13',NULL,NULL),('1b181e6d2813bcb263adc39737f9df46','87b55a515d3441b6b98e48e5b35474a6','name','用户名',NULL,'String','single',0,1,'','',1,2,'','admin','2020-05-03 01:14:35',NULL,NULL),('61ef5b323134938fdd07ad5e3ea16cd3','87b55a515d3441b6b98e48e5b35474a6','key_word','关键词',NULL,'String','single',0,1,'','',1,3,'','admin','2020-05-03 01:14:35',NULL,NULL),('627768efd9ba2c41e905579048f21000','6c7f59741c814347905a938f06ee003c','username','用户账号',NULL,'String','single',0,1,'','',1,2,'','admin','2020-05-03 01:07:13',NULL,NULL),('8bb087a9aa2000bcae17a1b3f5768435','6c7f59741c814347905a938f06ee003c','sex','性别',NULL,'String','single',0,1,'sex','',1,3,'','admin','2020-05-03 01:07:13',NULL,NULL),('90d4fa57d301801abb26a9b86b6b94c4','6c7f59741c814347905a938f06ee003c','birthday','生日',NULL,'Date','single',0,0,'','',1,4,'','admin','2020-05-03 01:07:13',NULL,NULL),('a4ac355f07a05218854e5f23e2930163','6c7f59741c814347905a938f06ee003c','avatar','头像',NULL,'String',NULL,0,0,'','',0,5,'','admin','2020-05-03 01:07:13',NULL,NULL),('d6e86b5ffd096ddcc445c0f320a45004','6c7f59741c814347905a938f06ee003c','phone','手机号',NULL,'String',NULL,0,0,'','',1,6,'','admin','2020-05-03 01:07:13',NULL,NULL),('df365cd357699eea96c29763d1dd7f9d','6c7f59741c814347905a938f06ee003c','email','邮箱',NULL,'String',NULL,0,0,'','',1,7,'','admin','2020-05-03 01:07:13',NULL,NULL),('edf9932912b81ad01dd557d3d593a559','87b55a515d3441b6b98e48e5b35474a6','age','年龄',NULL,'String',NULL,0,0,'','',1,4,'','admin','2020-05-03 01:14:35',NULL,NULL),('f985883e509a6faaaf62ca07fd24a73c','87b55a515d3441b6b98e48e5b35474a6','birthday','生日',NULL,'Date','single',0,1,'','',1,5,'','admin','2020-05-03 01:14:35',NULL,NULL),('fce83e4258de3e2f114ab3116397670c','87b55a515d3441b6b98e48e5b35474a6','punch_time','发布时间',NULL,'String',NULL,0,0,'','',1,6,'','admin','2020-05-03 01:14:35',NULL,NULL);

#
# Structure for table "onl_cgreport_param"
#

DROP TABLE IF EXISTS `onl_cgreport_param`;
CREATE TABLE `onl_cgreport_param` (
  `id` varchar(36) NOT NULL,
  `cgrhead_id` varchar(36) NOT NULL COMMENT '动态报表ID',
  `param_name` varchar(32) NOT NULL COMMENT '参数字段',
  `param_txt` varchar(32) DEFAULT NULL COMMENT '参数文本',
  `param_value` varchar(32) DEFAULT NULL COMMENT '参数默认值',
  `order_num` int(11) DEFAULT NULL COMMENT '排序',
  `create_by` varchar(50) DEFAULT NULL COMMENT '创建人登录名称',
  `create_time` datetime DEFAULT NULL COMMENT '创建日期',
  `update_by` varchar(50) DEFAULT NULL COMMENT '更新人登录名称',
  `update_time` datetime DEFAULT NULL COMMENT '更新日期',
  PRIMARY KEY (`id`) USING BTREE,
  KEY `idx_cgrheadid` (`cgrhead_id`) USING BTREE
) ENGINE=InnoDB DEFAULT CHARSET=utf8 ROW_FORMAT=DYNAMIC;

#
# Data for table "onl_cgreport_param"
#


#
# Structure for table "oss_file"
#

DROP TABLE IF EXISTS `oss_file`;
CREATE TABLE `oss_file` (
  `id` varchar(32) NOT NULL COMMENT '主键id',
  `file_name` varchar(255) DEFAULT NULL COMMENT '文件名称',
  `url` varchar(255) DEFAULT NULL COMMENT '文件地址',
  `create_by` varchar(32) DEFAULT NULL COMMENT '创建人登录名称',
  `create_time` datetime DEFAULT NULL COMMENT '创建日期',
  `update_by` varchar(32) DEFAULT NULL COMMENT '更新人登录名称',
  `update_time` datetime DEFAULT NULL COMMENT '更新日期',
  PRIMARY KEY (`id`) USING BTREE
) ENGINE=InnoDB DEFAULT CHARSET=utf8 ROW_FORMAT=DYNAMIC COMMENT='Oss File';

#
# Data for table "oss_file"
#


#
# Structure for table "qrtz_calendars"
#

DROP TABLE IF EXISTS `qrtz_calendars`;
CREATE TABLE `qrtz_calendars` (
  `sched_name` varchar(120) NOT NULL,
  `calendar_name` varchar(200) NOT NULL,
  `calendar` blob NOT NULL,
  PRIMARY KEY (`sched_name`,`calendar_name`) USING BTREE
) ENGINE=InnoDB DEFAULT CHARSET=utf8 ROW_FORMAT=DYNAMIC;

#
# Data for table "qrtz_calendars"
#


#
# Structure for table "qrtz_fired_triggers"
#

DROP TABLE IF EXISTS `qrtz_fired_triggers`;
CREATE TABLE `qrtz_fired_triggers` (
  `sched_name` varchar(120) NOT NULL,
  `entry_id` varchar(95) NOT NULL,
  `trigger_name` varchar(200) NOT NULL,
  `trigger_group` varchar(200) NOT NULL,
  `instance_name` varchar(200) NOT NULL,
  `fired_time` bigint(13) NOT NULL,
  `sched_time` bigint(13) NOT NULL,
  `priority` int(11) NOT NULL,
  `state` varchar(16) NOT NULL,
  `job_name` varchar(200) DEFAULT NULL,
  `job_group` varchar(200) DEFAULT NULL,
  `is_nonconcurrent` varchar(1) DEFAULT NULL,
  `requests_recovery` varchar(1) DEFAULT NULL,
  PRIMARY KEY (`sched_name`,`entry_id`) USING BTREE
) ENGINE=InnoDB DEFAULT CHARSET=utf8 ROW_FORMAT=DYNAMIC;

#
# Data for table "qrtz_fired_triggers"
#


#
# Structure for table "qrtz_job_details"
#

DROP TABLE IF EXISTS `qrtz_job_details`;
CREATE TABLE `qrtz_job_details` (
  `sched_name` varchar(120) NOT NULL,
  `job_name` varchar(200) NOT NULL,
  `job_group` varchar(200) NOT NULL,
  `description` varchar(250) DEFAULT NULL,
  `job_class_name` varchar(250) NOT NULL,
  `is_durable` varchar(1) NOT NULL,
  `is_nonconcurrent` varchar(1) NOT NULL,
  `is_update_data` varchar(1) NOT NULL,
  `requests_recovery` varchar(1) NOT NULL,
  `job_data` blob,
  PRIMARY KEY (`sched_name`,`job_name`,`job_group`) USING BTREE
) ENGINE=InnoDB DEFAULT CHARSET=utf8 ROW_FORMAT=DYNAMIC;

#
# Data for table "qrtz_job_details"
#

INSERT INTO `qrtz_job_details` VALUES ('MyScheduler','org.jeecg.modules.message.job.SendMsgJob','DEFAULT',NULL,'org.jeecg.modules.message.job.SendMsgJob','0','0','0','0',X'ACED0005737200156F72672E71756172747A2E4A6F62446174614D61709FB083E8BFA9B0CB020000787200266F72672E71756172747A2E7574696C732E537472696E674B65794469727479466C61674D61708208E8C3FBC55D280200015A0013616C6C6F77735472616E7369656E74446174617872001D6F72672E71756172747A2E7574696C732E4469727479466C61674D617013E62EAD28760ACE0200025A000564697274794C00036D617074000F4C6A6176612F7574696C2F4D61703B787001737200116A6176612E7574696C2E486173684D61700507DAC1C31660D103000246000A6C6F6164466163746F724900097468726573686F6C6478703F4000000000000C77080000001000000001740009706172616D65746572707800'),('MyScheduler','org.jeecg.modules.quartz.job.SampleJob','DEFAULT',NULL,'org.jeecg.modules.quartz.job.SampleJob','0','0','0','0',X'ACED0005737200156F72672E71756172747A2E4A6F62446174614D61709FB083E8BFA9B0CB020000787200266F72672E71756172747A2E7574696C732E537472696E674B65794469727479466C61674D61708208E8C3FBC55D280200015A0013616C6C6F77735472616E7369656E74446174617872001D6F72672E71756172747A2E7574696C732E4469727479466C61674D617013E62EAD28760ACE0200025A000564697274794C00036D617074000F4C6A6176612F7574696C2F4D61703B787001737200116A6176612E7574696C2E486173684D61700507DAC1C31660D103000246000A6C6F6164466163746F724900097468726573686F6C6478703F4000000000000C77080000001000000001740009706172616D65746572707800'),('MyScheduler','org.jeecg.modules.quartz.job.SampleParamJob','DEFAULT',NULL,'org.jeecg.modules.quartz.job.SampleParamJob','0','0','0','0',X'ACED0005737200156F72672E71756172747A2E4A6F62446174614D61709FB083E8BFA9B0CB020000787200266F72672E71756172747A2E7574696C732E537472696E674B65794469727479466C61674D61708208E8C3FBC55D280200015A0013616C6C6F77735472616E7369656E74446174617872001D6F72672E71756172747A2E7574696C732E4469727479466C61674D617013E62EAD28760ACE0200025A000564697274794C00036D617074000F4C6A6176612F7574696C2F4D61703B787001737200116A6176612E7574696C2E486173684D61700507DAC1C31660D103000246000A6C6F6164466163746F724900097468726573686F6C6478703F4000000000000C77080000001000000001740009706172616D6574657274000573636F74747800');

#
# Structure for table "qrtz_locks"
#

DROP TABLE IF EXISTS `qrtz_locks`;
CREATE TABLE `qrtz_locks` (
  `sched_name` varchar(120) NOT NULL,
  `lock_name` varchar(40) NOT NULL,
  PRIMARY KEY (`sched_name`,`lock_name`) USING BTREE
) ENGINE=InnoDB DEFAULT CHARSET=utf8 ROW_FORMAT=DYNAMIC;

#
# Data for table "qrtz_locks"
#

INSERT INTO `qrtz_locks` VALUES ('MyScheduler','STATE_ACCESS'),('MyScheduler','TRIGGER_ACCESS'),('quartzScheduler','TRIGGER_ACCESS');

#
# Structure for table "qrtz_paused_trigger_grps"
#

DROP TABLE IF EXISTS `qrtz_paused_trigger_grps`;
CREATE TABLE `qrtz_paused_trigger_grps` (
  `sched_name` varchar(120) NOT NULL,
  `trigger_group` varchar(200) NOT NULL,
  PRIMARY KEY (`sched_name`,`trigger_group`) USING BTREE
) ENGINE=InnoDB DEFAULT CHARSET=utf8 ROW_FORMAT=DYNAMIC;

#
# Data for table "qrtz_paused_trigger_grps"
#


#
# Structure for table "qrtz_scheduler_state"
#

DROP TABLE IF EXISTS `qrtz_scheduler_state`;
CREATE TABLE `qrtz_scheduler_state` (
  `sched_name` varchar(120) NOT NULL,
  `instance_name` varchar(200) NOT NULL,
  `last_checkin_time` bigint(13) NOT NULL,
  `checkin_interval` bigint(13) NOT NULL,
  PRIMARY KEY (`sched_name`,`instance_name`) USING BTREE
) ENGINE=InnoDB DEFAULT CHARSET=utf8 ROW_FORMAT=DYNAMIC;

#
# Data for table "qrtz_scheduler_state"
#

INSERT INTO `qrtz_scheduler_state` VALUES ('MyScheduler','cee-pc1593680161381',1593849014323,10000);

#
# Structure for table "qrtz_triggers"
#

DROP TABLE IF EXISTS `qrtz_triggers`;
CREATE TABLE `qrtz_triggers` (
  `sched_name` varchar(120) NOT NULL,
  `trigger_name` varchar(200) NOT NULL,
  `trigger_group` varchar(200) NOT NULL,
  `job_name` varchar(200) NOT NULL,
  `job_group` varchar(200) NOT NULL,
  `description` varchar(250) DEFAULT NULL,
  `next_fire_time` bigint(13) DEFAULT NULL,
  `prev_fire_time` bigint(13) DEFAULT NULL,
  `priority` int(11) DEFAULT NULL,
  `trigger_state` varchar(16) NOT NULL,
  `trigger_type` varchar(8) NOT NULL,
  `start_time` bigint(13) NOT NULL,
  `end_time` bigint(13) DEFAULT NULL,
  `calendar_name` varchar(200) DEFAULT NULL,
  `misfire_instr` smallint(2) DEFAULT NULL,
  `job_data` blob,
  PRIMARY KEY (`sched_name`,`trigger_name`,`trigger_group`) USING BTREE,
  KEY `sched_name` (`sched_name`,`job_name`,`job_group`) USING BTREE,
  CONSTRAINT `qrtz_triggers_ibfk_1` FOREIGN KEY (`sched_name`, `job_name`, `job_group`) REFERENCES `qrtz_job_details` (`sched_name`, `job_name`, `job_group`)
) ENGINE=InnoDB DEFAULT CHARSET=utf8 ROW_FORMAT=DYNAMIC COMMENT='InnoDB free: 504832 kB; (`SCHED_NAME` `JOB_NAME` `JOB_GROUP`';

#
# Data for table "qrtz_triggers"
#

INSERT INTO `qrtz_triggers` VALUES ('MyScheduler','org.jeecg.modules.message.job.SendMsgJob','DEFAULT','org.jeecg.modules.message.job.SendMsgJob','DEFAULT',NULL,1588405730000,1588405680000,5,'PAUSED','CRON',1588405284000,0,NULL,0,X''),('MyScheduler','org.jeecg.modules.quartz.job.SampleJob','DEFAULT','org.jeecg.modules.quartz.job.SampleJob','DEFAULT',NULL,1588405730000,1588405729000,5,'PAUSED','CRON',1588405237000,0,NULL,0,X''),('MyScheduler','org.jeecg.modules.quartz.job.SampleParamJob','DEFAULT','org.jeecg.modules.quartz.job.SampleParamJob','DEFAULT',NULL,1588405236000,1588405235000,5,'PAUSED','CRON',1588405221000,0,NULL,0,X'');

#
# Structure for table "qrtz_simprop_triggers"
#

DROP TABLE IF EXISTS `qrtz_simprop_triggers`;
CREATE TABLE `qrtz_simprop_triggers` (
  `sched_name` varchar(120) NOT NULL,
  `trigger_name` varchar(200) NOT NULL,
  `trigger_group` varchar(200) NOT NULL,
  `str_prop_1` varchar(512) DEFAULT NULL,
  `str_prop_2` varchar(512) DEFAULT NULL,
  `str_prop_3` varchar(512) DEFAULT NULL,
  `int_prop_1` int(11) DEFAULT NULL,
  `int_prop_2` int(11) DEFAULT NULL,
  `long_prop_1` bigint(20) DEFAULT NULL,
  `long_prop_2` bigint(20) DEFAULT NULL,
  `dec_prop_1` decimal(13,4) DEFAULT NULL,
  `dec_prop_2` decimal(13,4) DEFAULT NULL,
  `bool_prop_1` varchar(1) DEFAULT NULL,
  `bool_prop_2` varchar(1) DEFAULT NULL,
  PRIMARY KEY (`sched_name`,`trigger_name`,`trigger_group`) USING BTREE,
  CONSTRAINT `qrtz_simprop_triggers_ibfk_1` FOREIGN KEY (`sched_name`, `trigger_name`, `trigger_group`) REFERENCES `qrtz_triggers` (`sched_name`, `trigger_name`, `trigger_group`)
) ENGINE=InnoDB DEFAULT CHARSET=utf8 ROW_FORMAT=DYNAMIC COMMENT='InnoDB free: 504832 kB; (`SCHED_NAME` `TRIGGER_NAME` `TRIGGE';

#
# Data for table "qrtz_simprop_triggers"
#


#
# Structure for table "qrtz_simple_triggers"
#

DROP TABLE IF EXISTS `qrtz_simple_triggers`;
CREATE TABLE `qrtz_simple_triggers` (
  `sched_name` varchar(120) NOT NULL,
  `trigger_name` varchar(200) NOT NULL,
  `trigger_group` varchar(200) NOT NULL,
  `repeat_count` bigint(7) NOT NULL,
  `repeat_interval` bigint(12) NOT NULL,
  `times_triggered` bigint(10) NOT NULL,
  PRIMARY KEY (`sched_name`,`trigger_name`,`trigger_group`) USING BTREE,
  CONSTRAINT `qrtz_simple_triggers_ibfk_1` FOREIGN KEY (`sched_name`, `trigger_name`, `trigger_group`) REFERENCES `qrtz_triggers` (`sched_name`, `trigger_name`, `trigger_group`)
) ENGINE=InnoDB DEFAULT CHARSET=utf8 ROW_FORMAT=DYNAMIC COMMENT='InnoDB free: 504832 kB; (`SCHED_NAME` `TRIGGER_NAME` `TRIGGE';

#
# Data for table "qrtz_simple_triggers"
#


#
# Structure for table "qrtz_cron_triggers"
#

DROP TABLE IF EXISTS `qrtz_cron_triggers`;
CREATE TABLE `qrtz_cron_triggers` (
  `sched_name` varchar(120) NOT NULL,
  `trigger_name` varchar(200) NOT NULL,
  `trigger_group` varchar(200) NOT NULL,
  `cron_expression` varchar(200) NOT NULL,
  `time_zone_id` varchar(80) DEFAULT NULL,
  PRIMARY KEY (`sched_name`,`trigger_name`,`trigger_group`) USING BTREE,
  CONSTRAINT `qrtz_cron_triggers_ibfk_1` FOREIGN KEY (`sched_name`, `trigger_name`, `trigger_group`) REFERENCES `qrtz_triggers` (`sched_name`, `trigger_name`, `trigger_group`)
) ENGINE=InnoDB DEFAULT CHARSET=utf8 ROW_FORMAT=DYNAMIC COMMENT='InnoDB free: 504832 kB; (`SCHED_NAME` `TRIGGER_NAME` `TRIGGE';

#
# Data for table "qrtz_cron_triggers"
#

INSERT INTO `qrtz_cron_triggers` VALUES ('MyScheduler','org.jeecg.modules.message.job.SendMsgJob','DEFAULT','0/50 * * * * ? *','Asia/Shanghai'),('MyScheduler','org.jeecg.modules.quartz.job.SampleJob','DEFAULT','0/1 * * * * ?','Asia/Shanghai'),('MyScheduler','org.jeecg.modules.quartz.job.SampleParamJob','DEFAULT','0/1 * * * * ?','Asia/Shanghai');

#
# Structure for table "qrtz_blob_triggers"
#

DROP TABLE IF EXISTS `qrtz_blob_triggers`;
CREATE TABLE `qrtz_blob_triggers` (
  `sched_name` varchar(120) NOT NULL,
  `trigger_name` varchar(200) NOT NULL,
  `trigger_group` varchar(200) NOT NULL,
  `blob_data` blob,
  PRIMARY KEY (`sched_name`,`trigger_name`,`trigger_group`) USING BTREE,
  CONSTRAINT `qrtz_blob_triggers_ibfk_1` FOREIGN KEY (`sched_name`, `trigger_name`, `trigger_group`) REFERENCES `qrtz_triggers` (`sched_name`, `trigger_name`, `trigger_group`)
) ENGINE=InnoDB DEFAULT CHARSET=utf8 ROW_FORMAT=DYNAMIC COMMENT='InnoDB free: 504832 kB; (`SCHED_NAME` `TRIGGER_NAME` `TRIGGE';

#
# Data for table "qrtz_blob_triggers"
#


#
# Structure for table "sys_announcement"
#

DROP TABLE IF EXISTS `sys_announcement`;
CREATE TABLE `sys_announcement` (
  `id` varchar(32) NOT NULL,
  `titile` varchar(100) DEFAULT NULL COMMENT '标题',
  `msg_content` text COMMENT '内容',
  `start_time` datetime DEFAULT NULL COMMENT '开始时间',
  `end_time` datetime DEFAULT NULL COMMENT '结束时间',
  `sender` varchar(100) DEFAULT NULL COMMENT '发布人',
  `priority` varchar(255) DEFAULT NULL COMMENT '优先级（L低，M中，H高）',
  `msg_category` varchar(10) NOT NULL DEFAULT '2' COMMENT '消息类型1:通知公告2:系统消息',
  `msg_type` varchar(10) DEFAULT NULL COMMENT '通告对象类型（USER:指定用户，ALL:全体用户）',
  `send_status` varchar(10) DEFAULT NULL COMMENT '发布状态（0未发布，1已发布，2已撤销）',
  `send_time` datetime DEFAULT NULL COMMENT '发布时间',
  `cancel_time` datetime DEFAULT NULL COMMENT '撤销时间',
  `del_flag` varchar(1) DEFAULT NULL COMMENT '删除状态（0，正常，1已删除）',
  `bus_type` varchar(20) DEFAULT NULL COMMENT '业务类型(email:邮件 bpm:流程)',
  `bus_id` varchar(50) DEFAULT NULL COMMENT '业务id',
  `open_type` varchar(20) DEFAULT NULL COMMENT '打开方式(组件：component 路由：url)',
  `open_page` varchar(255) DEFAULT NULL COMMENT '组件/路由 地址',
  `create_by` varchar(32) DEFAULT NULL COMMENT '创建人',
  `create_time` datetime DEFAULT NULL COMMENT '创建时间',
  `update_by` varchar(32) DEFAULT NULL COMMENT '更新人',
  `update_time` datetime DEFAULT NULL COMMENT '更新时间',
  `user_ids` text COMMENT '指定用户',
  `msg_abstract` text COMMENT '摘要',
  PRIMARY KEY (`id`) USING BTREE
) ENGINE=InnoDB DEFAULT CHARSET=utf8 ROW_FORMAT=DYNAMIC COMMENT='系统通告表';

#
# Data for table "sys_announcement"
#

INSERT INTO `sys_announcement` VALUES ('1256486502931722242','JeecgBoot 2.2.0版本发布','<h5 id=\"h5_5\" style=\"box-sizing: inherit; font-family: \'PingFang SC\', \'Helvetica Neue\', \'Microsoft YaHei UI\', \'Microsoft YaHei\', \'Noto Sans CJK SC\', Sathu, EucrosiaUPC, Arial, Helvetica, sans-serif; line-height: 1.8; margin: 22px 0px 16px; padding: 0px; font-size: 18px; border: none; color: #333333; background-color: #ffffff;\">升级不兼容</h5>\n<ul style=\"box-sizing: inherit; margin: 0px 0px 20px; padding: 0px 0px 0px 20px; color: #333333; font-family: -apple-system, BlinkMacSystemFont, \'Apple Color Emoji\', \'Segoe UI Emoji\', \'Segoe UI Symbol\', \'Segoe UI\', \'PingFang SC\', \'Hiragino Sans GB\', \'Microsoft YaHei\', \'Helvetica Neue\', Helvetica, Arial, sans-serif; font-size: 16px; background-color: #ffffff;\">\n<li style=\"box-sizing: inherit; line-height: 1.875em; margin-top: 0px;\">1、升级 ant-design-vue 到最新版本 1.5.2，会导致使用disabled的组件不可用（需要全局替换disabled 为readOnly；另外原来readOnly不允许全小写）</li>\n<li style=\"box-sizing: inherit; line-height: 1.875em;\">2、JSearchSelectTag.vue行编辑的popup传参做了修改，需要全局替换 orgFieldse 为 orgFields</li>\n<li style=\"box-sizing: inherit; line-height: 1.875em;\">3、 项目删除了sass，全部换成 less，其中涉及/deep/语法得改造</li>\n<li style=\"box-sizing: inherit; line-height: 1.875em; margin-bottom: 0px;\">4、 Online表单的填值规则用法修改了&nbsp;<a style=\"box-sizing: inherit; background-color: transparent; color: #4183c4; text-decoration-line: none;\" href=\"http://doc.jeecg.com/1630378\">文档</a></li>\n</ul>\n<h5 id=\"h5_6\" style=\"box-sizing: inherit; font-family: \'PingFang SC\', \'Helvetica Neue\', \'Microsoft YaHei UI\', \'Microsoft YaHei\', \'Noto Sans CJK SC\', Sathu, EucrosiaUPC, Arial, Helvetica, sans-serif; line-height: 1.8; margin: 22px 0px 16px; padding: 0px; font-size: 18px; border: none; color: #333333; background-color: #ffffff;\">较大改造</h5>\n<ul style=\"box-sizing: inherit; margin: 0px 0px 20px; padding: 0px 0px 0px 20px; color: #333333; font-family: -apple-system, BlinkMacSystemFont, \'Apple Color Emoji\', \'Segoe UI Emoji\', \'Segoe UI Symbol\', \'Segoe UI\', \'PingFang SC\', \'Hiragino Sans GB\', \'Microsoft YaHei\', \'Helvetica Neue\', Helvetica, Arial, sans-serif; font-size: 16px; background-color: #ffffff;\">\n<li style=\"box-sizing: inherit; line-height: 1.875em; margin-top: 0px;\">登录的时候一次性加载系统字典，进行前端缓存，减少ajax重复请求</li>\n<li style=\"box-sizing: inherit; line-height: 1.875em;\">修改定时任务quartz配置</li>\n<li style=\"box-sizing: inherit; line-height: 1.875em;\">logback-spring.xml配置不按照日期和大小生成新日志文件问题修复</li>\n<li style=\"box-sizing: inherit; line-height: 1.875em;\">vue-cli3 编译打包进行zip压缩优化</li>\n<li style=\"box-sizing: inherit; line-height: 1.875em;\">根据index.html页面window._CONFIG[\'domianURL\']，指定 axios的 baseURL（所以vue的代理没有用了）</li>\n<li style=\"box-sizing: inherit; line-height: 1.875em;\">JEditableTable重构，新增获取值时应该把临时id去掉、行编辑修改不直接更改数据源的ID</li>\n<li style=\"box-sizing: inherit; line-height: 1.875em; margin-bottom: 0px;\">Online模块重点优化升级、Online代码生成器重点优化升级</li>\n</ul>\n<h5 id=\"h5_7\" style=\"box-sizing: inherit; font-family: \'PingFang SC\', \'Helvetica Neue\', \'Microsoft YaHei UI\', \'Microsoft YaHei\', \'Noto Sans CJK SC\', Sathu, EucrosiaUPC, Arial, Helvetica, sans-serif; line-height: 1.8; margin: 22px 0px 16px; padding: 0px; font-size: 18px; border: none; color: #333333; background-color: #ffffff;\">ONLINE升级</h5>\n<ul style=\"box-sizing: inherit; margin: 0px 0px 20px; padding: 0px 0px 0px 20px; color: #333333; font-family: -apple-system, BlinkMacSystemFont, \'Apple Color Emoji\', \'Segoe UI Emoji\', \'Segoe UI Symbol\', \'Segoe UI\', \'PingFang SC\', \'Hiragino Sans GB\', \'Microsoft YaHei\', \'Helvetica Neue\', Helvetica, Arial, sans-serif; font-size: 16px; background-color: #ffffff;\">\n<li style=\"box-sizing: inherit; line-height: 1.875em; margin-top: 0px;\">Online访问权限控制实现，如果online表单配置了菜单，则用户需要授权才能访问此表单</li>\n<li style=\"box-sizing: inherit; line-height: 1.875em;\">Online表单新增组件： 省市区地域组件、开关组件、三级联动(级联下拉)组件、markdown组件</li>\n<li style=\"box-sizing: inherit; line-height: 1.875em;\">Online表单弹窗宽度，根据不同的列数显示不同的宽度，实现更好的效果</li>\n<li style=\"box-sizing: inherit; line-height: 1.875em;\">Online 树表单功能一系列优化，比如数据列新增添加下级按钮功能、添加下级不自动展开列表等问题</li>\n<li style=\"box-sizing: inherit; line-height: 1.875em;\">Online JS增强编辑器支持放大，同时JS代码变更，增加版本记忆功能，方便追踪历史</li>\n<li style=\"box-sizing: inherit; line-height: 1.875em;\">Online JS增强支持lodash工具</li>\n<li style=\"box-sizing: inherit; line-height: 1.875em;\">Online控件 默认值表达式功能&nbsp;<a style=\"box-sizing: inherit; background-color: transparent; color: #4183c4; text-decoration-line: none;\" href=\"http://doc.jeecg.com/1630378\">文档</a></li>\n<li style=\"box-sizing: inherit; line-height: 1.875em;\">Online 增加Excel导入导出转换器配置，针对各种控件的导入导出做了统一处理</li>\n<li style=\"box-sizing: inherit; line-height: 1.875em;\">Online 列表字段排序支持配置</li>\n<li style=\"box-sizing: inherit; line-height: 1.875em;\">Online同步数据库，数据库兼容性优化（mysql、oracle11g、SqlServer2017）</li>\n<li style=\"box-sizing: inherit; line-height: 1.875em;\">Online功能列表，高级查询优化，丰富控件的支持（新增：用户选择、部门选择、时间等）</li>\n<li style=\"box-sizing: inherit; line-height: 1.875em;\">Online表单配置，类型Text、date、Blob的字段长度默认设置为0</li>\n<li style=\"box-sizing: inherit; line-height: 1.875em;\">Online自定义button，支持位置自定义（支持右侧和下方）</li>\n<li style=\"box-sizing: inherit; line-height: 1.875em;\">Online表单列表，列表显示那些字段，支持用户个性化设置</li>\n<li style=\"box-sizing: inherit; line-height: 1.875em;\">Online表单删除和移除逻辑优化，防止未同步情况下删除报错</li>\n<li style=\"box-sizing: inherit; line-height: 1.875em;\">Online上传逻辑重构，针对单表、一对多行操作，都支持图片和文件上传，同时支持三种模式（minio、阿里云、本地存储）</li>\n<li style=\"box-sizing: inherit; line-height: 1.875em;\">Online上传逻辑重构， 行编辑模式，支持图片顺序修改</li>\n<li style=\"box-sizing: inherit; line-height: 1.875em;\">Online上传逻辑重构，在列表页面支持图片和文件的展示</li>\n<li style=\"box-sizing: inherit; line-height: 1.875em;\">Online表单索引同步逻辑重构，同时支持选择多个字段，组合索引设置</li>\n<li style=\"box-sizing: inherit; line-height: 1.875em;\">Online表单 excel导出实现数据权限逻辑</li>\n<li style=\"box-sizing: inherit; line-height: 1.875em;\">Online表单列表强制列不换行，自动出现超出滚定条，支持移动端自适应（单表、树和ERP等模型都已修改）</li>\n<li style=\"box-sizing: inherit; line-height: 1.875em;\">Online表单管理列表，回车查询和列表左右拖动移动自适应问题</li>\n<li style=\"box-sizing: inherit; line-height: 1.875em;\">Online表单附表序号必填</li>\n<li style=\"box-sizing: inherit; line-height: 1.875em;\">Online表名加校验不能全是数字，自动trim空格</li>\n<li style=\"box-sizing: inherit; line-height: 1.875em;\">Online 一对多tab必填校验不通过，添加友好提醒</li>\n<li style=\"box-sizing: inherit; line-height: 1.875em;\">Online表单控件默认值示例</li>\n<li style=\"box-sizing: inherit; line-height: 1.875em;\">Online一对多内嵌子表风格，高级查询不好用，过滤不了数据处理</li>\n<li style=\"box-sizing: inherit; line-height: 1.875em;\">Online表单 自定义校验规则正则，录入不成功问题处理</li>\n<li style=\"box-sizing: inherit; line-height: 1.875em;\">Online表单设置不分页，排序后又分页了问题处理</li>\n<li style=\"box-sizing: inherit; line-height: 1.875em;\">Online表单，下拉搜索组件，表字典配置加条件，下拉值出不来问题处理</li>\n<li style=\"box-sizing: inherit; line-height: 1.875em;\">Online表单，一对一子表，下拉选择、时间等组件被遮挡问题处理</li>\n<li style=\"box-sizing: inherit; line-height: 1.875em;\">Online表单树模型和一对多ERP模板支持href</li>\n<li style=\"box-sizing: inherit; line-height: 1.875em;\">Online 报表支持上下文变量表达式</li>\n<li style=\"box-sizing: inherit; line-height: 1.875em;\">Online 报表实现数据权限逻辑</li>\n<li style=\"box-sizing: inherit; line-height: 1.875em;\">Online 报表新增拖动字段顺序</li>\n<li style=\"box-sizing: inherit; line-height: 1.875em;\">Online 报表列表，sql过长截取显示</li>\n<li style=\"box-sizing: inherit; line-height: 1.875em;\">Online 报表，popup回车查询</li>\n<li style=\"box-sizing: inherit; line-height: 1.875em; margin-bottom: 0px;\">Online表单auto页面弹窗改成JModule；online表单移动自适应；</li>\n</ul>\n<h5 id=\"h5_8\" style=\"box-sizing: inherit; font-family: \'PingFang SC\', \'Helvetica Neue\', \'Microsoft YaHei UI\', \'Microsoft YaHei\', \'Noto Sans CJK SC\', Sathu, EucrosiaUPC, Arial, Helvetica, sans-serif; line-height: 1.8; margin: 22px 0px 16px; padding: 0px; font-size: 18px; border: none; color: #333333; background-color: #ffffff;\">Online代码生成器升级</h5>\n<blockquote style=\"box-sizing: inherit; position: relative; margin: 0px 0px 20px; padding: 20px; background-color: #f6f6f6; border-left: 6px solid #e6e6e6; word-break: break-word; color: #333333; font-family: -apple-system, BlinkMacSystemFont, \'Apple Color Emoji\', \'Segoe UI Emoji\', \'Segoe UI Symbol\', \'Segoe UI\', \'PingFang SC\', \'Hiragino Sans GB\', \'Microsoft YaHei\', \'Helvetica Neue\', Helvetica, Arial, sans-serif; font-size: 16px;\">\n<p style=\"box-sizing: inherit; margin: 0px; line-height: inherit;\">后期重点维护ONLINE模式的代码生成器，GUI模式逐步弃用。</p>\n</blockquote>\n<ul style=\"box-sizing: inherit; margin: 0px 0px 20px; padding: 0px 0px 0px 20px; color: #333333; font-family: -apple-system, BlinkMacSystemFont, \'Apple Color Emoji\', \'Segoe UI Emoji\', \'Segoe UI Symbol\', \'Segoe UI\', \'PingFang SC\', \'Hiragino Sans GB\', \'Microsoft YaHei\', \'Helvetica Neue\', Helvetica, Arial, sans-serif; font-size: 16px; background-color: #ffffff;\">\n<li style=\"box-sizing: inherit; line-height: 1.875em; margin-top: 0px;\">新增内嵌Table代码生成器模板</li>\n<li style=\"box-sizing: inherit; line-height: 1.875em;\">升级代码生成器依赖，支持返回生成结果&amp;支持服务器端生成代码config</li>\n<li style=\"box-sizing: inherit; line-height: 1.875em;\">代码生成器列表，列表自适应优化，支持移动效果（强制列不换行，不过有弊端，<a style=\"box-sizing: inherit; background-color: transparent; color: #4183c4; text-decoration-line: none;\" href=\"http://doc.jeecg.com/1607183\">见文档</a>）</li>\n<li style=\"box-sizing: inherit; line-height: 1.875em;\">实体生成，自动带着swagger 注解（支持单表、一对多等模型）</li>\n<li style=\"box-sizing: inherit; line-height: 1.875em;\">代码生成器，列表移动自适应样式修改</li>\n<li style=\"box-sizing: inherit; line-height: 1.875em;\">生成后的代码导入导出bug修复</li>\n<li style=\"box-sizing: inherit; line-height: 1.875em;\">online树代码生成器模板，直接删除一级分类会导致列表乱</li>\n<li style=\"box-sizing: inherit; line-height: 1.875em;\">ERP代码生成器模板升级，子表支持导入导出</li>\n<li style=\"box-sizing: inherit; line-height: 1.875em;\">ERP风格代码生成器模板问题（导入导入路径错误、swagger注解问题）</li>\n<li style=\"box-sizing: inherit; line-height: 1.875em;\">代码生成器，校验为空的话不生成，简化生成的代码</li>\n<li style=\"box-sizing: inherit; line-height: 1.875em;\">代码生成器，支持子表校验生成</li>\n<li style=\"box-sizing: inherit; line-height: 1.875em;\">树形列表代码生成器优化，添加子节点</li>\n<li style=\"box-sizing: inherit; line-height: 1.875em;\">修复bug： online字典未配置，代码生成器报错问题</li>\n<li style=\"box-sizing: inherit; line-height: 1.875em;\">生成的实体字段excel注解，针对系统标准字段，创建人、创建时间等字段不生成</li>\n<li style=\"box-sizing: inherit; line-height: 1.875em;\">生成的表单弹窗统一更换为j-modal，支持放大缩小全屏</li>\n<li style=\"box-sizing: inherit; line-height: 1.875em;\">代码生成，popup参数大小写 驼峰问题修复</li>\n<li style=\"box-sizing: inherit; line-height: 1.875em;\">生成的表单控件类型更丰富，新支持控件：markdown、省市区地域、密码、下拉搜索</li>\n<li style=\"box-sizing: inherit; line-height: 1.875em; margin-bottom: 0px;\">生成的列表查询区域，控件支持加强，新支持控件：省市区地域、下拉搜索、popup、选择用户、选择部门</li>\n</ul>\n<h5 id=\"h5_9\" style=\"box-sizing: inherit; font-family: \'PingFang SC\', \'Helvetica Neue\', \'Microsoft YaHei UI\', \'Microsoft YaHei\', \'Noto Sans CJK SC\', Sathu, EucrosiaUPC, Arial, Helvetica, sans-serif; line-height: 1.8; margin: 22px 0px 16px; padding: 0px; font-size: 18px; border: none; color: #333333; background-color: #ffffff;\">平台基础升级</h5>\n<ul style=\"box-sizing: inherit; margin: 0px 0px 20px; padding: 0px 0px 0px 20px; color: #333333; font-family: -apple-system, BlinkMacSystemFont, \'Apple Color Emoji\', \'Segoe UI Emoji\', \'Segoe UI Symbol\', \'Segoe UI\', \'PingFang SC\', \'Hiragino Sans GB\', \'Microsoft YaHei\', \'Helvetica Neue\', Helvetica, Arial, sans-serif; font-size: 16px; background-color: #ffffff;\">\n<li style=\"box-sizing: inherit; line-height: 1.875em; margin-top: 0px;\">针对auto隐藏路由菜单，实现自动授权，简化online菜单的授权</li>\n<li style=\"box-sizing: inherit; line-height: 1.875em;\">IDE中找不到sun.misc.BASE64Encoder jar包问题</li>\n<li style=\"box-sizing: inherit; line-height: 1.875em;\">删掉作废获取所有用户角色列表接口，接口有性能问题</li>\n<li style=\"box-sizing: inherit; line-height: 1.875em;\">在我的消息里点击已读以后，首页上面的通知红点并没有同步更改问题修复</li>\n<li style=\"box-sizing: inherit; line-height: 1.875em;\">用户与部门取消关联删除关联关系bug修改</li>\n<li style=\"box-sizing: inherit; line-height: 1.875em;\">部门导入未刷新redis缓存</li>\n<li style=\"box-sizing: inherit; line-height: 1.875em;\">修复SysPermissionMapper.xml 的SQL语句不兼容SQLServer的问题</li>\n<li style=\"box-sizing: inherit; line-height: 1.875em;\">在线动态数据源代码重构</li>\n<li style=\"box-sizing: inherit; line-height: 1.875em;\">【二级管理员】部门修改、删除权限时关联删除部门角色数据</li>\n<li style=\"box-sizing: inherit; line-height: 1.875em;\">【二级管理员】我的部门，选中部门只能看当前部门下的角色</li>\n<li style=\"box-sizing: inherit; line-height: 1.875em;\">我的消息支持模糊查询</li>\n<li style=\"box-sizing: inherit; line-height: 1.875em;\">常用示例-对象存储文件上传优化</li>\n<li style=\"box-sizing: inherit; line-height: 1.875em;\">用户相关功能，sql写法不兼容其他数据库问题修复</li>\n<li style=\"box-sizing: inherit; line-height: 1.875em;\">图片上传组件修改</li>\n<li style=\"box-sizing: inherit; line-height: 1.875em;\">导入功能优化，提示准确导入成功失败信息，涉及功能 用户、角色、部门、字典、定时任务等</li>\n<li style=\"box-sizing: inherit; line-height: 1.875em;\">增加生产环境禁用swagger-ui配置</li>\n<li style=\"box-sizing: inherit; line-height: 1.875em;\">第三方登录代码集成</li>\n<li style=\"box-sizing: inherit; line-height: 1.875em;\">系统公告优化</li>\n<li style=\"box-sizing: inherit; line-height: 1.875em;\">MockController 返回json数据，utf-8格式化，防止中文乱码</li>\n<li style=\"box-sizing: inherit; line-height: 1.875em;\">部门删除后删除部门角色等关联</li>\n<li style=\"box-sizing: inherit; line-height: 1.875em; margin-bottom: 0px;\">分类字典支持选择数据，添加下级分类</li>\n</ul>\n<h5 id=\"h5_10\" style=\"box-sizing: inherit; font-family: \'PingFang SC\', \'Helvetica Neue\', \'Microsoft YaHei UI\', \'Microsoft YaHei\', \'Noto Sans CJK SC\', Sathu, EucrosiaUPC, Arial, Helvetica, sans-serif; line-height: 1.8; margin: 22px 0px 16px; padding: 0px; font-size: 18px; border: none; color: #333333; background-color: #ffffff;\">UI组件升级</h5>\n<ul style=\"box-sizing: inherit; margin: 0px 0px 20px; padding: 0px 0px 0px 20px; color: #333333; font-family: -apple-system, BlinkMacSystemFont, \'Apple Color Emoji\', \'Segoe UI Emoji\', \'Segoe UI Symbol\', \'Segoe UI\', \'PingFang SC\', \'Hiragino Sans GB\', \'Microsoft YaHei\', \'Helvetica Neue\', Helvetica, Arial, sans-serif; font-size: 16px; background-color: #ffffff;\">\n<li style=\"box-sizing: inherit; line-height: 1.875em; margin-top: 0px;\">升级 ant-design-vue 为最新版本 1.5.2</li>\n<li style=\"box-sizing: inherit; line-height: 1.875em;\">登录验证码获取失败的时候，不显示空白</li>\n<li style=\"box-sizing: inherit; line-height: 1.875em;\">升级 ant-design-vue，JModal切换全屏按钮因ant升级错位问题修复</li>\n<li style=\"box-sizing: inherit; line-height: 1.875em;\">简化 j-modal 的相关代码</li>\n<li style=\"box-sizing: inherit; line-height: 1.875em;\">封装常用组件示例；JInput新增当 type 变化的时候重新计算值</li>\n<li style=\"box-sizing: inherit; line-height: 1.875em;\">markdown集成</li>\n<li style=\"box-sizing: inherit; line-height: 1.875em;\">富文本支持minio上传</li>\n<li style=\"box-sizing: inherit; line-height: 1.875em;\">选择用户组件列表样式错位；Ellipsis.vue 优化</li>\n<li style=\"box-sizing: inherit; line-height: 1.875em;\">JModal移动端全屏效果</li>\n<li style=\"box-sizing: inherit; line-height: 1.875em;\">高级查询只有在 in 模式下才能多选</li>\n<li style=\"box-sizing: inherit; line-height: 1.875em;\">自定义选择用户组件JSelectMultiUser的宽度和截取显示长度</li>\n<li style=\"box-sizing: inherit; line-height: 1.875em;\">行编辑 JEditableTable移动自适应效果；</li>\n<li style=\"box-sizing: inherit; line-height: 1.875em;\">JEditableTable重构 行编辑新增合计功能</li>\n<li style=\"box-sizing: inherit; line-height: 1.875em;\">JEditableTable重构 行编辑Popup请求数量过多（加缓存机制）</li>\n<li style=\"box-sizing: inherit; line-height: 1.875em;\">JEditableTable重构,行编辑InputNumber扩展支持输入小数和负数</li>\n<li style=\"box-sizing: inherit; line-height: 1.875em;\">JEditableTable.vue disable模式禁用添加删除按钮</li>\n<li style=\"box-sizing: inherit; line-height: 1.875em;\">JEditableTable行编辑， popup返回值，时间赋值有问题</li>\n<li style=\"box-sizing: inherit; line-height: 1.875em;\">JEditableTable行编辑，日期控件显示错位问题</li>\n<li style=\"box-sizing: inherit; line-height: 1.875em;\">高级查询移动自适应效果；</li>\n<li style=\"box-sizing: inherit; line-height: 1.875em;\">高级查询保存的同时也要保存匹配方式（支持and or）</li>\n<li style=\"box-sizing: inherit; line-height: 1.875em;\">高级查询混入统一修改</li>\n<li style=\"box-sizing: inherit; line-height: 1.875em;\">高级查询选择用户组件时，点开用户弹框不选择用户，直接关掉用户弹框，再次点击弹框时，无法点开问题</li>\n<li style=\"box-sizing: inherit; line-height: 1.875em;\">高级查询组件支持，新支持组件，选择人、选择部门、popup、时间等</li>\n<li style=\"box-sizing: inherit; line-height: 1.875em;\">JPopup支持多选</li>\n<li style=\"box-sizing: inherit; line-height: 1.875em;\">JPopup返回值null问题</li>\n<li style=\"box-sizing: inherit; line-height: 1.875em;\">JPopup列表数据不刷新问题</li>\n<li style=\"box-sizing: inherit; line-height: 1.875em;\">JSearchSelectTag.vue匹配不上数字值问题</li>\n<li style=\"box-sizing: inherit; line-height: 1.875em;\">JSelectUserByDep 根据部门选择人组件bug</li>\n<li style=\"box-sizing: inherit; line-height: 1.875em;\">JTreeDict.vue 分类字典组件 清空不了问题</li>\n<li style=\"box-sizing: inherit; line-height: 1.875em;\">常用示例，新增搜索下拉 JSearchSelectTag.vue例子</li>\n<li style=\"box-sizing: inherit; line-height: 1.875em;\">常用示例，新增如何关闭当前页面例子</li>\n<li style=\"box-sizing: inherit; line-height: 1.875em;\">常用示例，省市区三级联动的例子</li>\n<li style=\"box-sizing: inherit; line-height: 1.875em;\">常用示例，增加字典下拉多选组件示例</li>\n<li style=\"box-sizing: inherit; line-height: 1.875em; margin-bottom: 0px;\">示例demo，关于图片的做统一优化</li>\n</ul>\n<h5 id=\"h5_11\" style=\"box-sizing: inherit; font-family: \'PingFang SC\', \'Helvetica Neue\', \'Microsoft YaHei UI\', \'Microsoft YaHei\', \'Noto Sans CJK SC\', Sathu, EucrosiaUPC, Arial, Helvetica, sans-serif; line-height: 1.8; margin: 22px 0px 16px; padding: 0px; font-size: 18px; border: none; color: #333333; background-color: #ffffff;\">Issues处理</h5>\n<ul style=\"box-sizing: inherit; margin: 0px 0px 20px; padding: 0px 0px 0px 20px; color: #333333; font-family: -apple-system, BlinkMacSystemFont, \'Apple Color Emoji\', \'Segoe UI Emoji\', \'Segoe UI Symbol\', \'Segoe UI\', \'PingFang SC\', \'Hiragino Sans GB\', \'Microsoft YaHei\', \'Helvetica Neue\', Helvetica, Arial, sans-serif; font-size: 16px; background-color: #ffffff;\">\n<li style=\"box-sizing: inherit; line-height: 1.875em; margin-top: 0px;\">online form表单项能否支持配置有级联关系的内容&nbsp;<a style=\"box-sizing: inherit; background-color: transparent; color: #4183c4; text-decoration-line: none;\" title=\"#948\" href=\"https://github.com/zhangdaiscott/jeecg-boot/issues/948\">#948</a></li>\n<li style=\"box-sizing: inherit; line-height: 1.875em;\">全局拦截异常错误的提醒文字&nbsp;<a style=\"box-sizing: inherit; background-color: transparent; color: #4183c4; text-decoration-line: none;\" title=\"#768\" href=\"https://github.com/zhangdaiscott/jeecg-boot/issues/768\">#768</a></li>\n<li style=\"box-sizing: inherit; line-height: 1.875em;\">建议：城市级联选择组件&nbsp;<a style=\"box-sizing: inherit; background-color: transparent; color: #4183c4; text-decoration-line: none;\" title=\"#905\" href=\"https://github.com/zhangdaiscott/jeecg-boot/issues/905\">#905</a></li>\n<li style=\"box-sizing: inherit; line-height: 1.875em;\">表单配置中检验字段配置href，报表中该配置字段无法看到链接&nbsp;<a style=\"box-sizing: inherit; background-color: transparent; color: #4183c4; text-decoration-line: none;\" title=\"#961\" href=\"https://github.com/zhangdaiscott/jeecg-boot/issues/961\">#961</a></li>\n<li style=\"box-sizing: inherit; line-height: 1.875em;\">SysUserMapper.xml查询脚本数据兼容问题&nbsp;<a style=\"box-sizing: inherit; background-color: transparent; color: #4183c4; text-decoration-line: none;\" title=\"#962\" href=\"https://github.com/zhangdaiscott/jeecg-boot/issues/962\">#962</a></li>\n<li style=\"box-sizing: inherit; line-height: 1.875em;\">在线表单 提示 ButtonExpHandler is not defined&nbsp;<a style=\"box-sizing: inherit; background-color: transparent; color: #4183c4; text-decoration-line: none;\" title=\"#957\" href=\"https://github.com/zhangdaiscott/jeecg-boot/issues/957\">#957</a></li>\n<li style=\"box-sizing: inherit; line-height: 1.875em;\">online表单中添加自定义按钮无法显示&nbsp;<a style=\"box-sizing: inherit; background-color: transparent; color: #4183c4; text-decoration-line: none;\" title=\"#973\" href=\"https://github.com/zhangdaiscott/jeecg-boot/issues/973\">#973</a></li>\n<li style=\"box-sizing: inherit; line-height: 1.875em;\">online报表不支持按照登录用户过滤数据&nbsp;<a style=\"box-sizing: inherit; background-color: transparent; color: #4183c4; text-decoration-line: none;\" title=\"#934\" href=\"https://github.com/zhangdaiscott/jeecg-boot/issues/934\">#934</a></li>\n<li style=\"box-sizing: inherit; line-height: 1.875em;\">点击新增或者编辑按钮弹框宽度的设置问题&nbsp;<a style=\"box-sizing: inherit; background-color: transparent; color: #4183c4; text-decoration-line: none;\" title=\"#974\" href=\"https://github.com/zhangdaiscott/jeecg-boot/issues/974\">#974</a></li>\n<li style=\"box-sizing: inherit; line-height: 1.875em;\">online报表配置中使用系统参数，报错&nbsp;<a style=\"box-sizing: inherit; background-color: transparent; color: #4183c4; text-decoration-line: none;\" title=\"I1AWNM\" href=\"https://gitee.com/jeecg/jeecg-boot/issues/I1AWNM\">I1AWNM</a></li>\n<li style=\"box-sizing: inherit; line-height: 1.875em;\">online增强SQL变量取数为null,#{sys.sys_date} 还有#{sys.sys_time}&nbsp;<a style=\"box-sizing: inherit; background-color: transparent; color: #4183c4; text-decoration-line: none;\" title=\"#999\" href=\"https://github.com/zhangdaiscott/jeecg-boot/issues/999\">#999</a></li>\n<li style=\"box-sizing: inherit; line-height: 1.875em;\">一个主表，多个付表。1对多。保存后，某些从表行项目内容保存成功，单重新打开数据表现丢失。&nbsp;<a style=\"box-sizing: inherit; background-color: transparent; color: #4183c4; text-decoration-line: none;\" title=\"#997\" href=\"https://github.com/zhangdaiscott/jeecg-boot/issues/997\">#997</a></li>\n<li style=\"box-sizing: inherit; line-height: 1.875em;\">/online/cgform/api/exportXls/{code}接口问题&nbsp;<a style=\"box-sizing: inherit; background-color: transparent; color: #4183c4; text-decoration-line: none;\" title=\"#1012\" href=\"https://github.com/zhangdaiscott/jeecg-boot/issues/1012\">#1012</a></li>\n<li style=\"box-sizing: inherit; line-height: 1.875em;\">打成jar包，访问不到代码生成器模板&nbsp;<a style=\"box-sizing: inherit; background-color: transparent; color: #4183c4; text-decoration-line: none;\" title=\"#1010\" href=\"https://github.com/zhangdaiscott/jeecg-boot/issues/1010\">#1010</a></li>\n<li style=\"box-sizing: inherit; line-height: 1.875em;\">online表单开发，打包后模板找不到&nbsp;<a style=\"box-sizing: inherit; background-color: transparent; color: #4183c4; text-decoration-line: none;\" title=\"#865\" href=\"https://github.com/zhangdaiscott/jeecg-boot/issues/865\">#865</a></li>\n<li style=\"box-sizing: inherit; line-height: 1.875em;\">已生成的代码，子表最下下行添加合计行底部固定问题&nbsp;<a style=\"box-sizing: inherit; background-color: transparent; color: #4183c4; text-decoration-line: none;\" title=\"#936\" href=\"https://github.com/zhangdaiscott/jeecg-boot/issues/936\">#936</a></li>\n<li style=\"box-sizing: inherit; line-height: 1.875em;\">下拉搜索框在编辑时下拉name无法带过来&nbsp;<a style=\"box-sizing: inherit; background-color: transparent; color: #4183c4; text-decoration-line: none;\" title=\"#971\" href=\"https://github.com/zhangdaiscott/jeecg-boot/issues/971\">#971</a></li>\n<li style=\"box-sizing: inherit; line-height: 1.875em;\">建议autoPoi升级，优化数据返回List Map格式下的复合表头导出excel的体验&nbsp;<a style=\"box-sizing: inherit; background-color: transparent; color: #4183c4; text-decoration-line: none;\" title=\"#873\" href=\"https://github.com/zhangdaiscott/jeecg-boot/issues/873\">#873</a></li>\n<li style=\"box-sizing: inherit; line-height: 1.875em;\">配置 Href 跳转，并没有显示为超链接&nbsp;<a style=\"box-sizing: inherit; background-color: transparent; color: #4183c4; text-decoration-line: none;\" title=\"#1020\" href=\"https://github.com/zhangdaiscott/jeecg-boot/issues/1020\">#1020</a></li>\n<li style=\"box-sizing: inherit; line-height: 1.875em;\">首次打开一对多表单，JEditableTable的addDefaultRowNum属性不生效&nbsp;<a style=\"box-sizing: inherit; background-color: transparent; color: #4183c4; text-decoration-line: none;\" title=\"#1003\" href=\"https://github.com/zhangdaiscott/jeecg-boot/issues/1003\">#1003</a></li>\n<li style=\"box-sizing: inherit; line-height: 1.875em;\">autopoi 双表头问题&nbsp;<a style=\"box-sizing: inherit; background-color: transparent; color: #4183c4; text-decoration-line: none;\" title=\"#862\" href=\"https://github.com/zhangdaiscott/jeecg-boot/issues/862\">#862</a></li>\n<li style=\"box-sizing: inherit; line-height: 1.875em;\">应该是权限管理bug&nbsp;<a style=\"box-sizing: inherit; background-color: transparent; color: #4183c4; text-decoration-line: none;\" title=\"#110\" href=\"https://github.com/zhangdaiscott/jeecg-boot/issues/110\">#110</a></li>\n<li style=\"box-sizing: inherit; line-height: 1.875em;\">在线 的online报表报错&nbsp;<a style=\"box-sizing: inherit; background-color: transparent; color: #4183c4; text-decoration-line: none;\" title=\"#1029\" href=\"https://github.com/zhangdaiscott/jeecg-boot/issues/1029\">#1029</a></li>\n<li style=\"box-sizing: inherit; line-height: 1.875em;\">online代码生成器树形表单父节点字段名称问题&nbsp;<a style=\"box-sizing: inherit; background-color: transparent; color: #4183c4; text-decoration-line: none;\" title=\"issues/I1ABGV \" href=\"https://gitee.com/jeecg/jeecg-boot/issues/I1ABGV\">issues/I1ABGV</a></li>\n<li style=\"box-sizing: inherit; line-height: 1.875em;\">点击j-popup,里面有数据，如果选择同名的数据，文本框为空&nbsp;<a style=\"box-sizing: inherit; background-color: transparent; color: #4183c4; text-decoration-line: none;\" title=\"#1044\" href=\"https://github.com/zhangdaiscott/jeecg-boot/issues/1044\">#1044</a></li>\n<li style=\"box-sizing: inherit; line-height: 1.875em;\">关于table列宽可拖动问题&nbsp;<a style=\"box-sizing: inherit; background-color: transparent; color: #4183c4; text-decoration-line: none;\" title=\"#1054\" href=\"https://github.com/zhangdaiscott/jeecg-boot/issues/1054\">#1054</a></li>\n<li style=\"box-sizing: inherit; line-height: 1.875em;\">单表数据导出多表头 auto 的Excel注解 groupName属性<a style=\"box-sizing: inherit; background-color: transparent; color: #4183c4; text-decoration-line: none;\" title=\" #1053\" href=\"https://github.com/zhangdaiscott/jeecg-boot/issues/1053\">&nbsp;#1053</a></li>\n<li style=\"box-sizing: inherit; line-height: 1.875em;\">在线报表和在线online的问题&nbsp;<a style=\"box-sizing: inherit; background-color: transparent; color: #4183c4; text-decoration-line: none;\" title=\"#1030\" href=\"https://github.com/zhangdaiscott/jeecg-boot/issues/1030\">#1030</a></li>\n<li style=\"box-sizing: inherit; line-height: 1.875em;\">J-pop组件&nbsp;<a style=\"box-sizing: inherit; background-color: transparent; color: #4183c4; text-decoration-line: none;\" title=\"#1043\" href=\"https://github.com/zhangdaiscott/jeecg-boot/issues/1043\">#1043</a></li>\n<li style=\"box-sizing: inherit; line-height: 1.875em;\">2.1.4 日志管理---没有记录查询接口参数&nbsp;<a style=\"box-sizing: inherit; background-color: transparent; color: #4183c4; text-decoration-line: none;\" title=\"#1070\" href=\"https://github.com/zhangdaiscott/jeecg-boot/issues/1070\">#1070</a></li>\n<li style=\"box-sizing: inherit; line-height: 1.875em;\">服务器日志超过设置的MaxFileSize时&nbsp;<a style=\"box-sizing: inherit; background-color: transparent; color: #4183c4; text-decoration-line: none;\" title=\"#1130\" href=\"https://github.com/zhangdaiscott/jeecg-boot/issues/1130\">#1130</a></li>\n<li style=\"box-sizing: inherit; line-height: 1.875em;\">online 表单中，在 附表中存在上传图片组件，点击上传图片并提交，显示提交失败&nbsp;<a style=\"box-sizing: inherit; background-color: transparent; color: #4183c4; text-decoration-line: none;\" title=\"#1074\" href=\"https://github.com/zhangdaiscott/jeecg-boot/issues/1074\">#1074</a></li>\n<li style=\"box-sizing: inherit; line-height: 1.875em;\">online表单js增强修改从表控件值问题&nbsp;<a style=\"box-sizing: inherit; background-color: transparent; color: #4183c4; text-decoration-line: none;\" title=\"#1051\" href=\"https://github.com/zhangdaiscott/jeecg-boot/issues/1051\">#1051</a></li>\n<li style=\"box-sizing: inherit; line-height: 1.875em;\">重复代理问题&nbsp;<a style=\"box-sizing: inherit; background-color: transparent; color: #4183c4; text-decoration-line: none;\" title=\"#994\" href=\"https://github.com/zhangdaiscott/jeecg-boot/issues/994\">#994</a></li>\n<li style=\"box-sizing: inherit; line-height: 1.875em;\">系统使用的日志包有问题&nbsp;<a style=\"box-sizing: inherit; background-color: transparent; color: #4183c4; text-decoration-line: none;\" title=\"#887\" href=\"https://github.com/zhangdaiscott/jeecg-boot/issues/887\">#887</a></li>\n<li style=\"box-sizing: inherit; line-height: 1.875em;\">使用sqlserver数据库,用户管理查询出错&nbsp;<a style=\"box-sizing: inherit; background-color: transparent; color: #4183c4; text-decoration-line: none;\" title=\"#1140\" href=\"https://github.com/zhangdaiscott/jeecg-boot/issues/1140\">#1140</a></li>\n<li style=\"box-sizing: inherit; line-height: 1.875em;\">主表和从表 一对一关系表单 TypeError: Cannot read property \'getAll\' of undefined&nbsp;<a style=\"box-sizing: inherit; background-color: transparent; color: #4183c4; text-decoration-line: none;\" title=\"#1129\" href=\"https://github.com/zhangdaiscott/jeecg-boot/issues/1129\">#1129</a></li>\n<li style=\"box-sizing: inherit; line-height: 1.875em;\">ERP表单附表数据编辑后消失&nbsp;<a style=\"box-sizing: inherit; background-color: transparent; color: #4183c4; text-decoration-line: none;\" title=\"issues/I1DN3B\" href=\"https://gitee.com/jeecg/jeecg-boot/issues/I1DN3B\">issues/I1DN3B</a></li>\n<li style=\"box-sizing: inherit; line-height: 1.875em;\">多表的erp模式生成的子表，表单没有导入导出功能&nbsp;<a style=\"box-sizing: inherit; background-color: transparent; color: #4183c4; text-decoration-line: none;\" title=\"issues/I1BB2U\" href=\"https://gitee.com/jeecg/jeecg-boot/issues/I1BB2U\">issues/I1BB2U</a></li>\n<li style=\"box-sizing: inherit; line-height: 1.875em;\">用edge打开首页，整个页面动不了，控制台console打出很多错误&nbsp;<a style=\"box-sizing: inherit; background-color: transparent; color: #4183c4; text-decoration-line: none;\" title=\"issues/I189B5\" href=\"https://gitee.com/jeecg/jeecg-boot/issues/I189B5\">issues/I189B5</a></li>\n<li style=\"box-sizing: inherit; line-height: 1.875em;\">官方的快速开发平台主子表对IE11不兼容&nbsp;<a style=\"box-sizing: inherit; background-color: transparent; color: #4183c4; text-decoration-line: none;\" title=\"issues/I17LEE\" href=\"https://gitee.com/jeecg/jeecg-boot/issues/I17LEE\">issues/I17LEE</a></li>\n<li style=\"box-sizing: inherit; line-height: 1.875em;\">360兼容模式 修改为你说的js之后；单表的数据兼容可以；主子表的不加载；错误如下&nbsp;<a style=\"box-sizing: inherit; background-color: transparent; color: #4183c4; text-decoration-line: none;\" title=\"issues/I17H8L\" href=\"https://gitee.com/jeecg/jeecg-boot/issues/I17H8L\">issues/I17H8L</a></li>\n<li style=\"box-sizing: inherit; line-height: 1.875em; margin-bottom: 0px;\">Online表单开发，点击&ldquo;新增&rdquo;按钮，是否树：选择是，页面控制台报错&nbsp;<a style=\"box-sizing: inherit; background-color: transparent; color: #4183c4; text-decoration-line: none;\" title=\"issues/I1BHXG\" href=\"https://gitee.com/jeecg/jeecg-boot/issues/I1BHXG\">issues/I1BHXG</a></li>\n</ul>','2020-05-01 15:30:56','2020-05-30 15:31:00','admin','H','1','ALL','1','2020-05-02 15:31:44',NULL,'0',NULL,NULL,NULL,NULL,'admin','2020-05-02 15:31:41','admin','2020-05-02 15:31:44',NULL,'重磅版本发布'),('1256486817286418434','放假通知','<p>放假通知</p>','2020-05-02 15:32:38','2020-05-30 15:32:40','admin','M','1','USER','1','2020-05-02 15:32:59',NULL,'0',NULL,NULL,NULL,NULL,'admin','2020-05-02 15:32:56','admin','2020-05-02 15:32:59','e9ca23d68d884d4ebb19d07889727dae,a75d45a015c44384a04449ee80dc3503,','放假通知'),('1256529336858685441','1','<p>22</p>','2020-05-02 18:21:41','2020-05-30 18:21:44','admin','M','1','ALL','2','2020-05-02 18:21:57','2020-05-02 18:22:07','0',NULL,NULL,NULL,NULL,'admin','2020-05-02 18:21:54','admin','2020-05-02 18:22:07',NULL,'22'),('1267357479205687298','您有一个新的审批任务','<h1>&nbsp; &nbsp;流程催办提醒</h1>\n<ul>\n<li>流程名称：&nbsp; test01</li>\n<li>催办任务：&nbsp; 管理员审核</li>\n<li>催办时间 :&nbsp; &nbsp; 2020-06-01 15:29:04</li>\n<li>催办内容 :&nbsp; &nbsp; 请进入待办栏，尽快处理！</li>\n</ul>',NULL,NULL,'admin','M','2','USER','1','2020-06-01 15:29:04',NULL,'0',NULL,NULL,NULL,NULL,'admin','2020-06-01 15:29:04',NULL,NULL,NULL,NULL),('1267649327929315329','申请流程已通过','您的 【test01】 申请已通过！',NULL,NULL,'admin','M','2','USER','1','2020-06-02 10:48:46',NULL,'0',NULL,NULL,NULL,NULL,'admin','2020-06-02 10:48:46',NULL,NULL,NULL,NULL),('1268343045929914369','您有一个新的审批任务','<h1>&nbsp; &nbsp;流程催办提醒</h1>\n<ul>\n<li>流程名称：&nbsp; test01</li>\n<li>催办任务：&nbsp; 管理员审核</li>\n<li>催办时间 :&nbsp; &nbsp; 2020-06-04 08:45:21</li>\n<li>催办内容 :&nbsp; &nbsp; 请进入待办栏，尽快处理！</li>\n</ul>',NULL,NULL,'admin','M','2','USER','1','2020-06-04 08:45:21',NULL,'0',NULL,NULL,NULL,NULL,'admin','2020-06-04 08:45:21',NULL,NULL,NULL,NULL),('1268352637657239554','您有一个新的审批任务','<h1>&nbsp; &nbsp;流程催办提醒</h1>\n<ul>\n<li>流程名称：&nbsp; test02</li>\n<li>催办任务：&nbsp; 审核员审批</li>\n<li>催办时间 :&nbsp; &nbsp; 2020-06-04 09:23:28</li>\n<li>催办内容 :&nbsp; &nbsp; 请进入待办栏，尽快处理！</li>\n</ul>',NULL,NULL,'admin','M','2','USER','1','2020-06-04 09:23:28',NULL,'0',NULL,NULL,NULL,NULL,'admin','2020-06-04 09:23:28',NULL,NULL,NULL,NULL),('1269079608502603777','申请流程已驳回','您的 【test02】 申请已被驳回！',NULL,NULL,'admin','M','2','USER','1','2020-06-06 09:32:12',NULL,'0',NULL,NULL,NULL,NULL,'admin','2020-06-06 09:32:12',NULL,NULL,NULL,NULL),('1269079851411525634','您有一个新的审批任务','<h1>&nbsp; &nbsp;流程催办提醒</h1>\n<ul>\n<li>流程名称：&nbsp; test02</li>\n<li>催办任务：&nbsp; 审核员审批</li>\n<li>催办时间 :&nbsp; &nbsp; 2020-06-06 09:33:09</li>\n<li>催办内容 :&nbsp; &nbsp; 请进入待办栏，尽快处理！</li>\n</ul>',NULL,NULL,'admin','M','2','USER','1','2020-06-06 09:33:10',NULL,'0',NULL,NULL,NULL,NULL,'admin','2020-06-06 09:33:10',NULL,NULL,NULL,NULL),('1269169678240796673','您有一个新的审批任务','<h1>&nbsp; &nbsp;流程催办提醒</h1>\n<ul>\n<li>流程名称：&nbsp; test02</li>\n<li>催办任务：&nbsp; 审核员审批</li>\n<li>催办时间 :&nbsp; &nbsp; 2020-06-06 15:30:05</li>\n<li>催办内容 :&nbsp; &nbsp; 请进入待办栏，尽快处理！</li>\n</ul>',NULL,NULL,'admin','M','2','USER','1','2020-06-06 15:30:06',NULL,'0',NULL,NULL,NULL,NULL,'admin','2020-06-06 15:30:06',NULL,NULL,NULL,NULL),('1269802737336143874','申请流程已驳回','您的 【test02】 申请已被驳回！',NULL,NULL,'admin','M','2','USER','1','2020-06-08 09:25:39',NULL,'0',NULL,NULL,NULL,NULL,'admin','2020-06-08 09:25:39',NULL,NULL,NULL,NULL),('1269802837466763266','您有一个新的审批任务','<h1>&nbsp; &nbsp;流程催办提醒</h1>\n<ul>\n<li>流程名称：&nbsp; test02</li>\n<li>催办任务：&nbsp; 审核员审批</li>\n<li>催办时间 :&nbsp; &nbsp; 2020-06-08 09:26:02</li>\n<li>催办内容 :&nbsp; &nbsp; 请进入待办栏，尽快处理！</li>\n</ul>',NULL,NULL,'admin','M','2','USER','1','2020-06-08 09:26:03',NULL,'0',NULL,NULL,NULL,NULL,'admin','2020-06-08 09:26:03',NULL,NULL,NULL,NULL),('1269803122482302977','您有一个新的审批任务','<h1>&nbsp; &nbsp;流程催办提醒</h1>\n<ul>\n<li>流程名称：&nbsp; test02</li>\n<li>催办任务：&nbsp; 审核员审批</li>\n<li>催办时间 :&nbsp; &nbsp; 2020-06-08 09:27:10</li>\n<li>催办内容 :&nbsp; &nbsp; 请进入待办栏，尽快处理！</li>\n</ul>',NULL,NULL,'admin','M','2','USER','1','2020-06-08 09:27:11',NULL,'0',NULL,NULL,NULL,NULL,'admin','2020-06-08 09:27:11',NULL,NULL,NULL,NULL),('1b714f8ebc3cc33f8b4f906103b6a18d','5467567',NULL,NULL,NULL,'admin',NULL,'2',NULL,'1','2019-03-30 12:40:38',NULL,'1',NULL,NULL,NULL,NULL,'admin','2019-02-26 17:23:26','admin','2020-05-02 15:30:42',NULL,NULL),('3d11237ccdf62450d20bb8abdb331178','111222',NULL,NULL,NULL,NULL,NULL,'2',NULL,'0',NULL,NULL,'1',NULL,NULL,NULL,NULL,'admin','2019-03-29 17:19:47','admin','2019-03-29 17:19:50',NULL,NULL),('7ef04e95f8de030b1d5f7a9144090dc6','111',NULL,'2019-02-06 17:28:10','2019-03-08 17:28:11',NULL,NULL,'2',NULL,'0',NULL,NULL,'1',NULL,NULL,NULL,NULL,'admin','2019-02-26 17:28:17','admin','2019-03-26 19:59:49',NULL,NULL),('93a9060a1c20e4bf98b3f768a02c2ff9','111','111','2019-02-06 17:20:17','2019-02-21 17:20:20','admin','M','2','ALL','1','2019-02-26 17:24:29',NULL,'1',NULL,NULL,NULL,NULL,'admin','2019-02-26 17:16:26','admin','2020-05-02 15:30:42',NULL,NULL),('de1dc57f31037079e1e55c8347fe6ef7','222','2222','2019-02-06 17:28:26','2019-02-23 17:28:28','admin','M','2','ALL','1','2019-03-29 17:19:56',NULL,'1',NULL,NULL,NULL,NULL,'admin','2019-02-26 17:28:36','admin','2019-02-26 17:28:40',NULL,NULL),('e52f3eb6215f139cb2224c52517af3bd','334','334',NULL,NULL,NULL,NULL,'2',NULL,'0',NULL,NULL,'1',NULL,NULL,NULL,NULL,'admin','2019-03-30 12:40:28','admin','2019-03-30 12:40:32',NULL,NULL);

#
# Structure for table "sys_announcement_send"
#

DROP TABLE IF EXISTS `sys_announcement_send`;
CREATE TABLE `sys_announcement_send` (
  `id` varchar(32) DEFAULT NULL,
  `annt_id` varchar(32) DEFAULT NULL COMMENT '通告ID',
  `user_id` varchar(32) DEFAULT NULL COMMENT '用户id',
  `read_flag` varchar(10) DEFAULT NULL COMMENT '阅读状态（0未读，1已读）',
  `read_time` datetime DEFAULT NULL COMMENT '阅读时间',
  `create_by` varchar(32) DEFAULT NULL COMMENT '创建人',
  `create_time` datetime DEFAULT NULL COMMENT '创建时间',
  `update_by` varchar(32) DEFAULT NULL COMMENT '更新人',
  `update_time` datetime DEFAULT NULL COMMENT '更新时间'
) ENGINE=InnoDB DEFAULT CHARSET=utf8 ROW_FORMAT=DYNAMIC COMMENT='用户通告阅读标记表';

#
# Data for table "sys_announcement_send"
#

INSERT INTO `sys_announcement_send` VALUES ('646c0c405ec643d4dc4160db2446f8ff','93a9060a1c20e4bf98b3f768a02c2ff9','e9ca23d68d884d4ebb19d07889727dae','1','2020-06-08 09:26:21','admin','2019-05-17 11:50:56','admin','2020-06-08 09:26:21'),('1197434450981543938','93a9060a1c20e4bf98b3f768a02c2ff9','a75d45a015c44384a04449ee80dc3503','0',NULL,'jeecg','2019-11-21 16:39:55',NULL,NULL),('1256486817319972866','1256486817286418434','e9ca23d68d884d4ebb19d07889727dae','1','2020-06-08 09:26:21','admin','2020-05-02 15:32:56','admin','2020-06-08 09:26:21'),('1256486817349332993','1256486817286418434','a75d45a015c44384a04449ee80dc3503','0','2020-05-02 15:32:56','admin','2020-05-02 15:32:56',NULL,NULL),('1256527099214278657','1256486502931722242','e9ca23d68d884d4ebb19d07889727dae','1','2020-06-08 09:26:21','admin','2020-05-02 18:12:59','admin','2020-06-08 09:26:21'),('1267357479461539842','1267357479205687298','e9ca23d68d884d4ebb19d07889727dae','1','2020-06-08 09:26:21','admin','2020-06-01 15:29:04','admin','2020-06-08 09:26:21'),('1267649328013201409','1267649327929315329','e9ca23d68d884d4ebb19d07889727dae','1','2020-06-08 09:26:21','admin','2020-06-02 10:48:46','admin','2020-06-08 09:26:21'),('1268343046076715009','1268343045929914369','e9ca23d68d884d4ebb19d07889727dae','1','2020-06-08 09:26:21','admin','2020-06-04 08:45:22','admin','2020-06-08 09:26:21'),('1268352637736931330','1268352637657239554','e9ca23d68d884d4ebb19d07889727dae','1','2020-06-08 09:26:21','admin','2020-06-04 09:23:28','admin','2020-06-08 09:26:21'),('1269079608641015809','1269079608502603777','e9ca23d68d884d4ebb19d07889727dae','1','2020-06-08 09:26:21','admin','2020-06-06 09:32:12','admin','2020-06-08 09:26:21'),('1269079851411525635','1269079851411525634','e9ca23d68d884d4ebb19d07889727dae','1','2020-06-08 09:26:21','admin','2020-06-06 09:33:10','admin','2020-06-08 09:26:21'),('1269169678333071361','1269169678240796673','e9ca23d68d884d4ebb19d07889727dae','1','2020-06-08 09:26:21','admin','2020-06-06 15:30:06','admin','2020-06-08 09:26:21'),('1269802737457778690','1269802737336143874','e9ca23d68d884d4ebb19d07889727dae','1','2020-06-08 09:26:21','admin','2020-06-08 09:25:39','admin','2020-06-08 09:26:21'),('1269802837588398081','1269802837466763266','e9ca23d68d884d4ebb19d07889727dae','1','2020-06-08 09:26:21','admin','2020-06-08 09:26:03','admin','2020-06-08 09:26:21'),('1269803122599743489','1269803122482302977','e9ca23d68d884d4ebb19d07889727dae','1','2020-06-09 11:25:11','admin','2020-06-08 09:27:11','admin','2020-06-09 11:25:11');

#
# Structure for table "sys_category"
#

DROP TABLE IF EXISTS `sys_category`;
CREATE TABLE `sys_category` (
  `id` varchar(36) NOT NULL,
  `pid` varchar(36) DEFAULT NULL COMMENT '父级节点',
  `name` varchar(100) DEFAULT NULL COMMENT '类型名称',
  `code` varchar(100) DEFAULT NULL COMMENT '类型编码',
  `create_by` varchar(50) DEFAULT NULL COMMENT '创建人',
  `create_time` datetime DEFAULT NULL COMMENT '创建日期',
  `update_by` varchar(50) DEFAULT NULL COMMENT '更新人',
  `update_time` datetime DEFAULT NULL COMMENT '更新日期',
  `sys_org_code` varchar(64) DEFAULT NULL COMMENT '所属部门',
  `has_child` varchar(3) DEFAULT NULL COMMENT '是否有子节点',
  PRIMARY KEY (`id`) USING BTREE,
  UNIQUE KEY `index_code` (`code`) USING BTREE
) ENGINE=InnoDB DEFAULT CHARSET=utf8 ROW_FORMAT=DYNAMIC;

#
# Data for table "sys_category"
#

INSERT INTO `sys_category` VALUES ('1183693424827564034','0','物料树','B02','admin','2019-10-14 18:37:59','admin','2019-10-14 18:38:15','A01','1'),('1183693491043041282','1183693424827564034','上衣','B02A01','admin','2019-10-14 18:38:15','admin','2019-10-14 18:38:43','A01','1'),('1183693534173069314','1183693424827564034','裤子','B02A02','admin','2019-10-14 18:38:25',NULL,NULL,'A01',NULL),('1183693610534567937','1183693491043041282','秋衣','B02A01A01','admin','2019-10-14 18:38:43',NULL,NULL,'A01',NULL),('1183693700254924802','1183693491043041282','兵装','B02A01A02','admin','2019-10-14 18:39:05',NULL,NULL,'A01',NULL),('1183693773974011906','1183693491043041282','女装','B02A01A03','admin','2019-10-14 18:39:22',NULL,NULL,'A01',NULL),('1185039122143719425','0','电脑产品','A01','admin','2019-10-18 11:45:18','admin','2019-10-18 11:45:31','A01','1'),('1185039176799694850','1185039122143719425','thinkpad','A01A01','admin','2019-10-18 11:45:31',NULL,NULL,'A01',NULL),('1185039255115739138','1185039122143719425','mackbook','A01A02','admin','2019-10-18 11:45:50',NULL,NULL,'A01',NULL),('1185039299051073537','1185039122143719425','华为电脑','A01A03','admin','2019-10-18 11:46:01',NULL,NULL,'A01',NULL),('1230769196661510146','0','省',NULL,'admin','2020-02-21 16:20:16','admin','2020-02-21 16:20:31','A01A03','1'),('1230769253267836929','1230769196661510146','安徽省',NULL,'admin','2020-02-21 16:20:31','admin','2020-02-21 16:20:53','A01A03','1'),('1230769290609725441','1230769196661510146','山东省',NULL,'admin','2020-02-21 16:20:40','admin','2020-02-21 16:21:23','A01A03','1'),('1230769347157331969','1230769253267836929','合肥市',NULL,'admin','2020-02-21 16:20:53','admin','2020-02-21 16:21:08','A01A03','1'),('1230769407907631106','1230769347157331969','包河区',NULL,'admin','2020-02-21 16:21:08',NULL,NULL,'A01A03',NULL),('1230769470889299970','1230769290609725441','济南市',NULL,'admin','2020-02-21 16:21:23','admin','2020-02-21 16:21:41','A01A03','1'),('1230769547519234050','1230769470889299970','A区',NULL,'admin','2020-02-21 16:21:41',NULL,NULL,'A01A03',NULL),('1230769620021972993','1230769470889299970','B区',NULL,'admin','2020-02-21 16:21:58',NULL,NULL,'A01A03',NULL),('1230769769930592257','1230769253267836929','淮南市',NULL,'admin','2020-02-21 16:22:34','admin','2020-02-21 16:22:54','A01A03','1'),('1230769855347593217','1230769769930592257','C区',NULL,'admin','2020-02-21 16:22:54',NULL,NULL,'A01A03',NULL),('22a50b413c5e1ef661fb8aea9469cf52','e9ded10fd33e5753face506f4f1564b5','MacBook','B01-2-1','admin','2019-06-10 15:43:13',NULL,NULL,'A01',NULL),('5c8f68845e57f68ab93a2c8d82d26ae1','0','笔记本','B01','admin','2019-06-10 15:34:11','admin','2019-06-10 15:34:24','A01','1'),('937fd2e9aa13b8bab1da1ca36d3fd344','e9ded10fd33e5753face506f4f1564b5','台式机','B02-2-2','admin','2019-06-10 15:43:32','admin','2019-08-21 12:01:59','A01',NULL),('e9ded10fd33e5753face506f4f1564b5','5c8f68845e57f68ab93a2c8d82d26ae1','苹果电脑','B01-2','admin','2019-06-10 15:41:14','admin','2019-06-10 15:43:13','A01','1'),('f39a06bf9f390ba4a53d11bc4e0018d7','5c8f68845e57f68ab93a2c8d82d26ae1','华为','B01-1','admin','2019-06-10 15:34:24','admin','2019-08-21 12:01:56','A01',NULL);

#
# Structure for table "sys_check_rule"
#

DROP TABLE IF EXISTS `sys_check_rule`;
CREATE TABLE `sys_check_rule` (
  `id` varchar(32) CHARACTER SET utf8 NOT NULL COMMENT '主键id',
  `rule_name` varchar(100) DEFAULT NULL COMMENT '规则名称',
  `rule_code` varchar(100) DEFAULT NULL COMMENT '规则Code',
  `rule_json` varchar(1024) DEFAULT NULL COMMENT '规则JSON',
  `rule_description` varchar(200) DEFAULT NULL COMMENT '规则描述',
  `update_by` varchar(32) CHARACTER SET utf8 DEFAULT NULL COMMENT '更新人',
  `update_time` datetime DEFAULT NULL COMMENT '更新时间',
  `create_by` varchar(32) CHARACTER SET utf8 DEFAULT NULL COMMENT '创建人',
  `create_time` datetime DEFAULT NULL COMMENT '创建时间',
  PRIMARY KEY (`id`) USING BTREE,
  UNIQUE KEY `uni_sys_check_rule_code` (`rule_code`) USING BTREE
) ENGINE=InnoDB DEFAULT CHARSET=utf8mb4 ROW_FORMAT=DYNAMIC;

#
# Data for table "sys_check_rule"
#

INSERT INTO `sys_check_rule` VALUES ('1224980593992388610','通用编码规则','common','[{\"digits\":\"1\",\"pattern\":\"^[a-z|A-Z]$\",\"message\":\"第一位只能是字母\"},{\"digits\":\"*\",\"pattern\":\"^[0-9|a-z|A-Z|_]{0,}$\",\"message\":\"只能填写数字、大小写字母、下划线\"},{\"digits\":\"*\",\"pattern\":\"^.{3,}$\",\"message\":\"最少输入3位数\"},{\"digits\":\"*\",\"pattern\":\"^.{3,12}$\",\"message\":\"最多输入12位数\"}]','规则：1、首位只能是字母；2、只能填写数字、大小写字母、下划线；3、最少3位数，最多12位数。','admin','2020-02-07 11:25:48','admin','2020-02-05 16:58:27'),('1225001845524004866','负责的功能测试','test','[{\"digits\":\"*\",\"pattern\":\"^.{3,12}$\",\"message\":\"只能输入3-12位字符\"},{\"digits\":\"3\",\"pattern\":\"^\\\\d{3}$\",\"message\":\"前3位必须是数字\"},{\"digits\":\"*\",\"pattern\":\"^[^pP]*$\",\"message\":\"不能输入P\"},{\"digits\":\"4\",\"pattern\":\"^@{4}$\",\"message\":\"第4-7位必须都为 @\"},{\"digits\":\"2\",\"pattern\":\"^#=$\",\"message\":\"第8-9位必须是 #=\"},{\"digits\":\"1\",\"pattern\":\"^O$\",\"message\":\"第10位必须为大写的O\"},{\"digits\":\"*\",\"pattern\":\"^.*。$\",\"message\":\"必须以。结尾\"}]','包含长度校验、特殊字符校验等','admin','2020-02-07 11:57:31','admin','2020-02-05 18:22:54');

#
# Structure for table "sys_data_log"
#

DROP TABLE IF EXISTS `sys_data_log`;
CREATE TABLE `sys_data_log` (
  `id` varchar(32) NOT NULL COMMENT 'id',
  `create_by` varchar(32) DEFAULT NULL COMMENT '创建人登录名称',
  `create_time` datetime DEFAULT NULL COMMENT '创建日期',
  `update_by` varchar(32) DEFAULT NULL COMMENT '更新人登录名称',
  `update_time` datetime DEFAULT NULL COMMENT '更新日期',
  `data_table` varchar(32) DEFAULT NULL COMMENT '表名',
  `data_id` varchar(32) DEFAULT NULL COMMENT '数据ID',
  `data_content` text COMMENT '数据内容',
  `data_version` int(11) DEFAULT NULL COMMENT '版本号',
  PRIMARY KEY (`id`) USING BTREE,
  KEY `sindex` (`data_table`,`data_id`) USING BTREE
) ENGINE=InnoDB DEFAULT CHARSET=utf8 ROW_FORMAT=DYNAMIC;

#
# Data for table "sys_data_log"
#

INSERT INTO `sys_data_log` VALUES ('402880f05ab0d198015ab12274bf0006','admin','2017-03-09 11:35:09',NULL,NULL,'jeecg_demo','4028ef81550c1a7901550c1cd6e70001','{\"mobilePhone\":\"\",\"officePhone\":\"\",\"email\":\"\",\"createDate\":\"Jun 23, 2016 12:00:00 PM\",\"sex\":\"1\",\"depId\":\"402880e447e99cf10147e9a03b320003\",\"userName\":\"9001\",\"status\":\"1\",\"content\":\"111\",\"id\":\"4028ef81550c1a7901550c1cd6e70001\"}',3),('402880f05ab6d12b015ab700bead0009','admin','2017-03-10 14:56:03',NULL,NULL,'jeecg_demo','402880f05ab6d12b015ab700be8d0008','{\"mobilePhone\":\"\",\"officePhone\":\"\",\"email\":\"\",\"createDate\":\"Mar 10, 2017 2:56:03 PM\",\"sex\":\"0\",\"depId\":\"402880e447e99cf10147e9a03b320003\",\"userName\":\"111\",\"status\":\"0\",\"id\":\"402880f05ab6d12b015ab700be8d0008\"}',1),('402880f05ab6d12b015ab705a23f000d','admin','2017-03-10 15:01:24',NULL,NULL,'jeecg_demo','402880f05ab6d12b015ab705a233000c','{\"mobilePhone\":\"\",\"officePhone\":\"11\",\"email\":\"\",\"createDate\":\"Mar 10, 2017 3:01:24 PM\",\"sex\":\"0\",\"depId\":\"402880e447e99cf10147e9a03b320003\",\"userName\":\"11\",\"status\":\"0\",\"id\":\"402880f05ab6d12b015ab705a233000c\"}',1),('402880f05ab6d12b015ab712a6420013','admin','2017-03-10 15:15:37',NULL,NULL,'jeecg_demo','402880f05ab6d12b015ab712a6360012','{\"mobilePhone\":\"\",\"officePhone\":\"\",\"email\":\"\",\"createDate\":\"Mar 10, 2017 3:15:37 PM\",\"sex\":\"0\",\"depId\":\"402880e447e99cf10147e9a03b320003\",\"userName\":\"小王\",\"status\":\"0\",\"id\":\"402880f05ab6d12b015ab712a6360012\"}',1),('402880f05ab6d12b015ab712d0510015','admin','2017-03-10 15:15:47',NULL,NULL,'jeecg_demo','402880f05ab6d12b015ab712a6360012','{\"mobilePhone\":\"18611788525\",\"officePhone\":\"\",\"email\":\"\",\"createDate\":\"Mar 10, 2017 3:15:37 AM\",\"sex\":\"0\",\"depId\":\"402880e447e99cf10147e9a03b320003\",\"userName\":\"小王\",\"status\":\"0\",\"id\":\"402880f05ab6d12b015ab712a6360012\"}',2),('402880f05ab6d12b015ab71308240018','admin','2017-03-10 15:16:02',NULL,NULL,'jeecg_demo','8a8ab0b246dc81120146dc81860f016f','{\"mobilePhone\":\"13111111111\",\"officePhone\":\"66666666\",\"email\":\"demo@jeecg.com\",\"age\":12,\"salary\":10.00,\"birthday\":\"Feb 14, 2014 12:00:00 AM\",\"sex\":\"1\",\"depId\":\"402880e447e99cf10147e9a03b320003\",\"userName\":\"小明\",\"status\":\"\",\"content\":\"\",\"id\":\"8a8ab0b246dc81120146dc81860f016f\"}',1),('402880f05ab6d12b015ab72806c3001b','admin','2017-03-10 15:38:58',NULL,NULL,'jeecg_demo','8a8ab0b246dc81120146dc81860f016f','{\"mobilePhone\":\"18611788888\",\"officePhone\":\"66666666\",\"email\":\"demo@jeecg.com\",\"age\":12,\"salary\":10.00,\"birthday\":\"Feb 14, 2014 12:00:00 AM\",\"sex\":\"1\",\"depId\":\"402880e447e99cf10147e9a03b320003\",\"userName\":\"小明\",\"status\":\"\",\"content\":\"\",\"id\":\"8a8ab0b246dc81120146dc81860f016f\"}',2),('4028ef815318148a0153181567690001','admin','2016-02-25 18:59:29',NULL,NULL,'jeecg_demo','4028ef815318148a0153181566270000','{\"mobilePhone\":\"13423423423\",\"officePhone\":\"1\",\"email\":\"\",\"age\":1,\"salary\":1,\"birthday\":\"Feb 25, 2016 12:00:00 AM\",\"createDate\":\"Feb 25, 2016 6:59:24 PM\",\"depId\":\"402880e447e9a9570147e9b6a3be0005\",\"userName\":\"1\",\"status\":\"0\",\"id\":\"4028ef815318148a0153181566270000\"}',1),('4028ef815318148a01531815ec5c0003','admin','2016-02-25 19:00:03',NULL,NULL,'jeecg_demo','4028ef815318148a0153181566270000','{\"mobilePhone\":\"13426498659\",\"officePhone\":\"1\",\"email\":\"\",\"age\":1,\"salary\":1.00,\"birthday\":\"Feb 25, 2016 12:00:00 AM\",\"createDate\":\"Feb 25, 2016 6:59:24 AM\",\"depId\":\"402880e447e9a9570147e9b6a3be0005\",\"userName\":\"1\",\"status\":\"0\",\"id\":\"4028ef815318148a0153181566270000\"}',2),('4028ef8153c028db0153c0502e6b0003','admin','2016-03-29 10:59:53',NULL,NULL,'jeecg_demo','4028ef8153c028db0153c0502d420002','{\"mobilePhone\":\"18455477548\",\"officePhone\":\"123\",\"email\":\"\",\"createDate\":\"Mar 29, 2016 10:59:53 AM\",\"depId\":\"402880e447e99cf10147e9a03b320003\",\"userName\":\"123\",\"status\":\"0\",\"id\":\"4028ef8153c028db0153c0502d420002\"}',1),('4028ef8153c028db0153c0509aa40006','admin','2016-03-29 11:00:21',NULL,NULL,'jeecg_demo','4028ef8153c028db0153c0509a3e0005','{\"mobilePhone\":\"13565486458\",\"officePhone\":\"\",\"email\":\"\",\"createDate\":\"Mar 29, 2016 11:00:21 AM\",\"depId\":\"402880e447e99cf10147e9a03b320003\",\"userName\":\"22\",\"status\":\"0\",\"id\":\"4028ef8153c028db0153c0509a3e0005\"}',1),('4028ef8153c028db0153c051c4a70008','admin','2016-03-29 11:01:37',NULL,NULL,'jeecg_demo','4028ef8153c028db0153c0509a3e0005','{\"mobilePhone\":\"13565486458\",\"officePhone\":\"\",\"email\":\"\",\"createDate\":\"Mar 29, 2016 11:00:21 AM\",\"depId\":\"402880e447e99cf10147e9a03b320003\",\"userName\":\"22\",\"status\":\"0\",\"id\":\"4028ef8153c028db0153c0509a3e0005\"}',2),('4028ef8153c028db0153c051d4b5000a','admin','2016-03-29 11:01:41',NULL,NULL,'jeecg_demo','4028ef8153c028db0153c0502d420002','{\"mobilePhone\":\"13565486458\",\"officePhone\":\"123\",\"email\":\"\",\"createDate\":\"Mar 29, 2016 10:59:53 AM\",\"depId\":\"402880e447e99cf10147e9a03b320003\",\"userName\":\"123\",\"status\":\"0\",\"id\":\"4028ef8153c028db0153c0502d420002\"}',2),('4028ef8153c028db0153c07033d8000d','admin','2016-03-29 11:34:52',NULL,NULL,'jeecg_demo','4028ef8153c028db0153c0502d420002','{\"mobilePhone\":\"13565486458\",\"officePhone\":\"123\",\"email\":\"\",\"age\":23,\"createDate\":\"Mar 29, 2016 10:59:53 AM\",\"depId\":\"402880e447e99cf10147e9a03b320003\",\"userName\":\"123\",\"status\":\"0\",\"id\":\"4028ef8153c028db0153c0502d420002\"}',3),('4028ef8153c028db0153c070492e000f','admin','2016-03-29 11:34:57',NULL,NULL,'jeecg_demo','4028ef8153c028db0153c0509a3e0005','{\"mobilePhone\":\"13565486458\",\"officePhone\":\"\",\"email\":\"\",\"age\":22,\"createDate\":\"Mar 29, 2016 11:00:21 AM\",\"depId\":\"402880e447e99cf10147e9a03b320003\",\"userName\":\"22\",\"status\":\"0\",\"id\":\"4028ef8153c028db0153c0509a3e0005\"}',3),('4028ef81550c1a7901550c1cd7850002','admin','2016-06-01 21:17:44',NULL,NULL,'jeecg_demo','4028ef81550c1a7901550c1cd6e70001','{\"mobilePhone\":\"\",\"officePhone\":\"\",\"email\":\"\",\"createDate\":\"Jun 1, 2016 9:17:44 PM\",\"sex\":\"1\",\"depId\":\"402880e447e99cf10147e9a03b320003\",\"userName\":\"121221\",\"status\":\"0\",\"id\":\"4028ef81550c1a7901550c1cd6e70001\"}',1),('4028ef81568c31ec01568c3307080004','admin','2016-08-15 11:16:09',NULL,NULL,'jeecg_demo','4028ef81550c1a7901550c1cd6e70001','{\"mobilePhone\":\"\",\"officePhone\":\"\",\"email\":\"\",\"createDate\":\"Jun 23, 2016 12:00:00 PM\",\"sex\":\"1\",\"depId\":\"402880e447e99cf10147e9a03b320003\",\"userName\":\"9001\",\"status\":\"1\",\"content\":\"111\",\"id\":\"4028ef81550c1a7901550c1cd6e70001\"}',2);

#
# Structure for table "sys_data_source"
#

DROP TABLE IF EXISTS `sys_data_source`;
CREATE TABLE `sys_data_source` (
  `id` varchar(36) NOT NULL,
  `code` varchar(100) DEFAULT NULL COMMENT '数据源编码',
  `name` varchar(100) DEFAULT NULL COMMENT '数据源名称',
  `remark` varchar(200) DEFAULT NULL COMMENT '备注',
  `db_type` varchar(10) DEFAULT NULL COMMENT '数据库类型',
  `db_driver` varchar(100) DEFAULT NULL COMMENT '驱动类',
  `db_url` varchar(500) DEFAULT NULL COMMENT '数据源地址',
  `db_name` varchar(100) DEFAULT NULL COMMENT '数据库名称',
  `db_username` varchar(100) DEFAULT NULL COMMENT '用户名',
  `db_password` varchar(100) DEFAULT NULL COMMENT '密码',
  `create_by` varchar(50) DEFAULT NULL COMMENT '创建人',
  `create_time` datetime DEFAULT NULL COMMENT '创建日期',
  `update_by` varchar(50) DEFAULT NULL COMMENT '更新人',
  `update_time` datetime DEFAULT NULL COMMENT '更新日期',
  `sys_org_code` varchar(64) DEFAULT NULL COMMENT '所属部门',
  PRIMARY KEY (`id`) USING BTREE,
  UNIQUE KEY `sys_data_source_code_uni` (`code`) USING BTREE
) ENGINE=InnoDB DEFAULT CHARSET=utf8mb4 ROW_FORMAT=DYNAMIC;

#
# Data for table "sys_data_source"
#

INSERT INTO `sys_data_source` VALUES ('1209779538310004737','local_mysql','MySQL5.7','本地数据库MySQL5.7','1','com.mysql.jdbc.Driver','jdbc:mysql://127.0.0.1:3306/jeecg-boot?characterEncoding=UTF-8&useUnicode=true&useSSL=false','jeecg-boot','root','root','admin','2019-12-25 18:14:53',NULL,NULL,'A01');

#
# Structure for table "sys_depart"
#

DROP TABLE IF EXISTS `sys_depart`;
CREATE TABLE `sys_depart` (
  `id` varchar(32) NOT NULL COMMENT 'ID',
  `parent_id` varchar(32) DEFAULT NULL COMMENT '父机构ID',
  `depart_name` varchar(100) NOT NULL COMMENT '机构/部门名称',
  `depart_name_en` varchar(500) DEFAULT NULL COMMENT '英文名',
  `depart_name_abbr` varchar(500) DEFAULT NULL COMMENT '缩写',
  `depart_order` int(11) DEFAULT '0' COMMENT '排序',
  `description` varchar(500) DEFAULT NULL COMMENT '描述',
  `org_category` varchar(10) NOT NULL DEFAULT '1' COMMENT '机构类别 1组织机构，2岗位',
  `org_type` varchar(10) DEFAULT NULL COMMENT '机构类型 1一级部门 2子部门',
  `org_code` varchar(64) NOT NULL COMMENT '机构编码',
  `mobile` varchar(32) DEFAULT NULL COMMENT '手机号',
  `fax` varchar(32) DEFAULT NULL COMMENT '传真',
  `address` varchar(100) DEFAULT NULL COMMENT '地址',
  `memo` varchar(500) DEFAULT NULL COMMENT '备注',
  `status` varchar(1) DEFAULT NULL COMMENT '状态（1启用，0不启用）',
  `del_flag` varchar(1) DEFAULT NULL COMMENT '删除状态（0，正常，1已删除）',
  `create_by` varchar(32) DEFAULT NULL COMMENT '创建人',
  `create_time` datetime DEFAULT NULL COMMENT '创建日期',
  `update_by` varchar(32) DEFAULT NULL COMMENT '更新人',
  `update_time` datetime DEFAULT NULL COMMENT '更新日期',
  PRIMARY KEY (`id`) USING BTREE,
  UNIQUE KEY `uniq_depart_org_code` (`org_code`) USING BTREE,
  KEY `index_depart_parent_id` (`parent_id`) USING BTREE,
  KEY `index_depart_depart_order` (`depart_order`) USING BTREE,
  KEY `index_depart_org_code` (`org_code`) USING BTREE
) ENGINE=InnoDB DEFAULT CHARSET=utf8 ROW_FORMAT=DYNAMIC COMMENT='组织机构表';

#
# Data for table "sys_depart"
#

INSERT INTO `sys_depart` VALUES ('4f1765520d6346f9bd9c79e2479e5b12','c6d7cb4deeac411cb3384b1b31278596','深圳',NULL,NULL,0,NULL,'1','2','A01A03',NULL,NULL,NULL,NULL,NULL,'0','admin','2019-02-20 17:15:34','admin','2020-06-08 10:38:02'),('5159cde220114246b045e574adceafe9','6d35e179cd814e3299bd588ea7daed3f','研发部',NULL,NULL,0,NULL,'1','2','A02A02',NULL,NULL,NULL,NULL,NULL,'0','admin','2019-02-26 16:44:38','admin','2019-03-07 09:36:53'),('57197590443c44f083d42ae24ef26a2c','c6d7cb4deeac411cb3384b1b31278596','研发部',NULL,NULL,0,NULL,'1','2','A01A05',NULL,NULL,NULL,NULL,NULL,'0','admin','2019-02-21 16:14:41','admin','2019-03-27 19:05:49'),('63775228b7b041a99825f79760590b7d','57197590443c44f083d42ae24ef26a2c','研发经理',NULL,NULL,0,NULL,'3','3','A01A05A01',NULL,NULL,NULL,NULL,NULL,'0','admin','2020-05-02 15:29:09',NULL,NULL),('67fc001af12a4f9b8458005d3f19934a','c6d7cb4deeac411cb3384b1b31278596','财务部',NULL,NULL,0,NULL,'1','2','A01A04',NULL,NULL,NULL,NULL,NULL,'0','admin','2019-02-21 16:14:35','admin','2019-02-25 12:49:41'),('6d35e179cd814e3299bd588ea7daed3f','','北京卓尔互动',NULL,NULL,0,NULL,'1','1','A02',NULL,NULL,NULL,NULL,NULL,'0','admin','2019-02-26 16:36:39','admin','2020-05-02 18:21:22'),('743ba9dbdc114af8953a11022ef3096a','f28c6f53abd841ac87ead43afc483433','财务部',NULL,NULL,0,NULL,'1','2','A03A01',NULL,NULL,NULL,NULL,NULL,'0','admin','2019-03-22 16:45:43',NULL,NULL),('a7d7e77e06c84325a40932163adcdaa6','6d35e179cd814e3299bd588ea7daed3f','财务部',NULL,NULL,0,NULL,'1','2','A02A01',NULL,NULL,NULL,NULL,NULL,'0','admin','2019-02-26 16:36:47','admin','2019-02-26 16:37:25'),('c6d7cb4deeac411cb3384b1b31278596','','北京国炬软件',NULL,NULL,0,NULL,'1','1','A01',NULL,NULL,NULL,NULL,NULL,'0','admin','2019-02-11 14:21:51','admin','2020-05-02 18:21:27');

#
# Structure for table "sys_depart_permission"
#

DROP TABLE IF EXISTS `sys_depart_permission`;
CREATE TABLE `sys_depart_permission` (
  `id` varchar(32) NOT NULL,
  `depart_id` varchar(32) DEFAULT NULL COMMENT '部门id',
  `permission_id` varchar(32) DEFAULT NULL COMMENT '权限id',
  `data_rule_ids` varchar(1000) DEFAULT NULL COMMENT '数据规则id',
  PRIMARY KEY (`id`) USING BTREE
) ENGINE=InnoDB DEFAULT CHARSET=utf8 ROW_FORMAT=DYNAMIC COMMENT='部门权限表';

#
# Data for table "sys_depart_permission"
#


#
# Structure for table "sys_depart_role"
#

DROP TABLE IF EXISTS `sys_depart_role`;
CREATE TABLE `sys_depart_role` (
  `id` varchar(32) NOT NULL,
  `depart_id` varchar(32) DEFAULT NULL COMMENT '部门id',
  `role_name` varchar(200) DEFAULT NULL COMMENT '部门角色名称',
  `role_code` varchar(100) DEFAULT NULL COMMENT '部门角色编码',
  `description` varchar(255) DEFAULT NULL COMMENT '描述',
  `create_by` varchar(32) DEFAULT NULL COMMENT '创建人',
  `create_time` datetime DEFAULT NULL COMMENT '创建时间',
  `update_by` varchar(32) DEFAULT NULL COMMENT '更新人',
  `update_time` datetime DEFAULT NULL COMMENT '更新时间',
  PRIMARY KEY (`id`) USING BTREE
) ENGINE=InnoDB DEFAULT CHARSET=utf8 ROW_FORMAT=DYNAMIC COMMENT='部门角色表';

#
# Data for table "sys_depart_role"
#


#
# Structure for table "sys_depart_role_permission"
#

DROP TABLE IF EXISTS `sys_depart_role_permission`;
CREATE TABLE `sys_depart_role_permission` (
  `id` varchar(32) NOT NULL,
  `depart_id` varchar(32) DEFAULT NULL COMMENT '部门id',
  `role_id` varchar(32) DEFAULT NULL COMMENT '角色id',
  `permission_id` varchar(32) DEFAULT NULL COMMENT '权限id',
  `data_rule_ids` varchar(1000) DEFAULT NULL,
  PRIMARY KEY (`id`) USING BTREE,
  KEY `index_group_role_per_id` (`role_id`,`permission_id`) USING BTREE,
  KEY `index_group_role_id` (`role_id`) USING BTREE,
  KEY `index_group_per_id` (`permission_id`) USING BTREE
) ENGINE=InnoDB DEFAULT CHARSET=utf8 ROW_FORMAT=DYNAMIC COMMENT='部门角色权限表';

#
# Data for table "sys_depart_role_permission"
#


#
# Structure for table "sys_depart_role_user"
#

DROP TABLE IF EXISTS `sys_depart_role_user`;
CREATE TABLE `sys_depart_role_user` (
  `id` varchar(32) NOT NULL COMMENT '主键id',
  `user_id` varchar(32) DEFAULT NULL COMMENT '用户id',
  `drole_id` varchar(32) DEFAULT NULL COMMENT '角色id',
  PRIMARY KEY (`id`) USING BTREE
) ENGINE=InnoDB DEFAULT CHARSET=utf8 ROW_FORMAT=DYNAMIC COMMENT='部门角色用户表';

#
# Data for table "sys_depart_role_user"
#


#
# Structure for table "sys_dict"
#

DROP TABLE IF EXISTS `sys_dict`;
CREATE TABLE `sys_dict` (
  `id` varchar(32) NOT NULL,
  `dict_name` varchar(100) DEFAULT NULL COMMENT '字典名称',
  `dict_code` varchar(100) DEFAULT NULL COMMENT '字典编码',
  `description` varchar(255) DEFAULT NULL COMMENT '描述',
  `del_flag` int(1) DEFAULT NULL COMMENT '删除状态',
  `create_by` varchar(32) DEFAULT NULL COMMENT '创建人',
  `create_time` datetime DEFAULT NULL COMMENT '创建时间',
  `update_by` varchar(32) DEFAULT NULL COMMENT '更新人',
  `update_time` datetime DEFAULT NULL COMMENT '更新时间',
  `type` int(1) unsigned zerofill DEFAULT '0' COMMENT '字典类型0为string,1为number',
  PRIMARY KEY (`id`) USING BTREE,
  UNIQUE KEY `indextable_dict_code` (`dict_code`) USING BTREE
) ENGINE=InnoDB DEFAULT CHARSET=utf8 ROW_FORMAT=DYNAMIC;

#
# Data for table "sys_dict"
#

INSERT INTO `sys_dict` VALUES ('0b5d19e1fce4b2e6647e6b4a17760c14','通告类型','msg_category','消息类型1:通知公告2:系统消息',0,'admin','2019-04-22 18:01:35',NULL,NULL,0),('1174509082208395266','职务职级','position_rank','职务表职级字典',0,'admin','2019-09-19 10:22:41',NULL,NULL,0),('1174511106530525185','机构类型','org_category','机构类型 1公司，2部门 3岗位',0,'admin','2019-09-19 10:30:43',NULL,NULL,0),('1178295274528845826','表单权限策略','form_perms_type','',0,'admin','2019-09-29 21:07:39','admin','2019-09-29 21:08:26',NULL),('1199517671259906049','紧急程度','urgent_level','日程计划紧急程度',0,'admin','2019-11-27 10:37:53',NULL,NULL,0),('1199518099888414722','日程计划类型','eoa_plan_type','',0,'admin','2019-11-27 10:39:36',NULL,NULL,0),('1199520177767587841','分类栏目类型','eoa_cms_menu_type','',0,'admin','2019-11-27 10:47:51','admin','2019-11-27 10:49:35',0),('1199525215290306561','日程计划状态','eoa_plan_status','',0,'admin','2019-11-27 11:07:52','admin','2019-11-27 11:10:11',0),('1209733563293962241','数据库类型','database_type','',0,'admin','2019-12-25 15:12:12',NULL,NULL,0),('1232913193820581889','Online表单业务分类','ol_form_biz_type','',0,'admin','2020-02-27 14:19:46','admin','2020-02-27 14:20:23',0),('1250687930947620866','定时任务状态','quartz_status','',0,'admin','2020-04-16 15:30:14','',NULL,NULL),('236e8a4baff0db8c62c00dd95632834f','同步工作流引擎','activiti_sync','同步工作流引擎',0,'admin','2019-05-15 15:27:33',NULL,NULL,0),('2e02df51611a4b9632828ab7e5338f00','权限策略','perms_type','权限策略',0,'admin','2019-04-26 18:26:55',NULL,NULL,0),('2f0320997ade5dd147c90130f7218c3e','推送类别','msg_type','',0,'admin','2019-03-17 21:21:32','admin','2019-03-26 19:57:45',0),('3486f32803bb953e7155dab3513dc68b','删除状态','del_flag',NULL,0,'admin','2019-01-18 21:46:26','admin','2019-03-30 11:17:11',0),('3d9a351be3436fbefb1307d4cfb49bf2','性别','sex',NULL,0,NULL,'2019-01-04 14:56:32','admin','2019-03-30 11:28:27',1),('4274efc2292239b6f000b153f50823ff','全局权限策略','global_perms_type','全局权限策略',0,'admin','2019-05-10 17:54:05',NULL,NULL,0),('4c03fca6bf1f0299c381213961566349','Online图表展示模板','online_graph_display_template','Online图表展示模板',0,'admin','2019-04-12 17:28:50',NULL,NULL,0),('4c753b5293304e7a445fd2741b46529d','字典状态','dict_item_status',NULL,0,'admin','2020-06-18 23:18:42','admin','2019-03-30 19:33:52',1),('4d7fec1a7799a436d26d02325eff295e','优先级','priority','优先级',0,'admin','2019-03-16 17:03:34','admin','2019-04-16 17:39:23',0),('4e4602b3e3686f0911384e188dc7efb4','条件规则','rule_conditions','',0,'admin','2019-04-01 10:15:03','admin','2019-04-01 10:30:47',0),('4f69be5f507accea8d5df5f11346181a','发送消息类型','msgType',NULL,0,'admin','2019-04-11 14:27:09',NULL,NULL,0),('68168534ff5065a152bfab275c2136f8','有效无效状态','valid_status','有效无效状态',0,'admin','2020-09-26 19:21:14','admin','2019-04-26 19:21:23',0),('6b78e3f59faec1a4750acff08030a79b','用户类型','user_type',NULL,0,NULL,'2019-01-04 14:59:01','admin','2019-03-18 23:28:18',0),('72cce0989df68887546746d8f09811aa','Online表单类型','cgform_table_type','',0,'admin','2019-01-27 10:13:02','admin','2019-03-30 11:37:36',0),('78bda155fe380b1b3f175f1e88c284c6','流程状态','bpm_status','流程状态',0,'admin','2019-05-09 16:31:52',NULL,NULL,0),('83bfb33147013cc81640d5fd9eda030c','日志类型','log_type',NULL,0,'admin','2019-03-18 23:22:19',NULL,NULL,1),('845da5006c97754728bf48b6a10f79cc','状态','status',NULL,0,'admin','2019-03-18 21:45:25','admin','2019-03-18 21:58:25',0),('880a895c98afeca9d9ac39f29e67c13e','操作类型','operate_type','操作类型',0,'admin','2019-07-22 10:54:29',NULL,NULL,0),('8dfe32e2d29ea9430a988b3b558bf233','发布状态','send_status','发布状态',0,'admin','2019-04-16 17:40:42',NULL,NULL,0),('a7adbcd86c37f7dbc9b66945c82ef9e6','1是0否','yn','',0,'admin','2019-05-22 19:29:29',NULL,NULL,0),('a9d9942bd0eccb6e89de92d130ec4c4a','消息发送状态','msgSendStatus',NULL,0,'admin','2019-04-12 18:18:17',NULL,NULL,0),('ac2f7c0c5c5775fcea7e2387bcb22f01','菜单类型','menu_type',NULL,0,'admin','2020-12-18 23:24:32','admin','2019-04-01 15:27:06',1),('ad7c65ba97c20a6805d5dcdf13cdaf36','onlineT类型','ceshi_online',NULL,0,'admin','2019-03-22 16:31:49','admin','2019-03-22 16:34:16',0),('bd1b8bc28e65d6feefefb6f3c79f42fd','Online图表数据类型','online_graph_data_type','Online图表数据类型',0,'admin','2019-04-12 17:24:24','admin','2019-04-12 17:24:57',0),('c36169beb12de8a71c8683ee7c28a503','部门状态','depart_status',NULL,0,'admin','2019-03-18 21:59:51',NULL,NULL,0),('c5a14c75172783d72cbee6ee7f5df5d1','Online图表类型','online_graph_type','Online图表类型',0,'admin','2019-04-12 17:04:06',NULL,NULL,0),('d6e1152968b02d69ff358c75b48a6ee1','流程类型','bpm_process_type',NULL,0,'admin','2021-02-22 19:26:54','admin','2019-03-30 18:14:44',0),('fc6cd58fde2e8481db10d3a1e68ce70c','用户状态','user_status',NULL,0,'admin','2019-03-18 21:57:25','admin','2019-03-18 23:11:58',1);

#
# Structure for table "sys_dict_item"
#

DROP TABLE IF EXISTS `sys_dict_item`;
CREATE TABLE `sys_dict_item` (
  `id` varchar(32) NOT NULL,
  `dict_id` varchar(32) DEFAULT NULL COMMENT '字典id',
  `item_text` varchar(100) DEFAULT NULL COMMENT '字典项文本',
  `item_value` varchar(100) DEFAULT NULL COMMENT '字典项值',
  `description` varchar(255) DEFAULT NULL COMMENT '描述',
  `sort_order` int(10) DEFAULT NULL COMMENT '排序',
  `status` int(11) DEFAULT NULL COMMENT '状态（1启用 0不启用）',
  `create_by` varchar(32) DEFAULT NULL,
  `create_time` datetime DEFAULT NULL,
  `update_by` varchar(32) DEFAULT NULL,
  `update_time` datetime DEFAULT NULL,
  PRIMARY KEY (`id`) USING BTREE,
  KEY `index_table_dict_id` (`dict_id`) USING BTREE,
  KEY `index_table_sort_order` (`sort_order`) USING BTREE,
  KEY `index_table_dict_status` (`status`) USING BTREE
) ENGINE=InnoDB DEFAULT CHARSET=utf8 ROW_FORMAT=DYNAMIC;

#
# Data for table "sys_dict_item"
#

INSERT INTO `sys_dict_item` VALUES ('0072d115e07c875d76c9b022e2179128','4d7fec1a7799a436d26d02325eff295e','低','L','低',3,1,'admin','2019-04-16 17:04:59',NULL,NULL),('05a2e732ce7b00aa52141ecc3e330b4e','3486f32803bb953e7155dab3513dc68b','已删除','1',NULL,NULL,1,'admin','2025-10-18 21:46:56','admin','2019-03-28 22:23:20'),('096c2e758d823def3855f6376bc736fb','bd1b8bc28e65d6feefefb6f3c79f42fd','SQL','sql',NULL,1,1,'admin','2019-04-12 17:26:26',NULL,NULL),('0c9532916f5cd722017b46bc4d953e41','2f0320997ade5dd147c90130f7218c3e','指定用户','USER',NULL,NULL,1,'admin','2019-03-17 21:22:19','admin','2019-03-17 21:22:28'),('0ca4beba9efc4f9dd54af0911a946d5c','72cce0989df68887546746d8f09811aa','附表','3',NULL,3,1,'admin','2019-03-27 10:13:43',NULL,NULL),('1030a2652608f5eac3b49d70458b8532','2e02df51611a4b9632828ab7e5338f00','禁用','2','禁用',2,1,'admin','2021-03-26 18:27:28','admin','2019-04-26 18:39:11'),('1174509082208395266','1174511106530525185','岗位','3','岗位',1,1,'admin','2019-09-19 10:31:16','',NULL),('1174509601047994369','1174509082208395266','员级','1','',1,1,'admin','2019-09-19 10:24:45','admin','2019-09-23 11:46:39'),('1174509667297026049','1174509082208395266','助级','2','',2,1,'admin','2019-09-19 10:25:01','admin','2019-09-23 11:46:47'),('1174509713568587777','1174509082208395266','中级','3','',3,1,'admin','2019-09-19 10:25:12','admin','2019-09-23 11:46:56'),('1174509788361416705','1174509082208395266','副高级','4','',4,1,'admin','2019-09-19 10:25:30','admin','2019-09-23 11:47:06'),('1174509835803189250','1174509082208395266','正高级','5','',5,1,'admin','2019-09-19 10:25:41','admin','2019-09-23 11:47:12'),('1174511197735665665','1174511106530525185','公司','1','公司',1,1,'admin','2019-09-19 10:31:05',NULL,NULL),('1174511244036587521','1174511106530525185','部门','2','部门',1,1,'admin','2019-09-19 10:31:16',NULL,NULL),('1178295553450061826','1178295274528845826','可编辑(未授权禁用)','2','',2,1,'admin','2019-09-29 21:08:46','admin','2019-09-29 21:09:18'),('1178295639554928641','1178295274528845826','可见(未授权不可见)','1','',1,1,'admin','2019-09-29 21:09:06','admin','2019-09-29 21:09:24'),('1199517884758368257','1199517671259906049','一般','1','',1,1,'admin','2019-11-27 10:38:44',NULL,NULL),('1199517914017832962','1199517671259906049','重要','2','',1,1,'admin','2019-11-27 10:38:51',NULL,NULL),('1199517941339529217','1199517671259906049','紧急','3','',1,1,'admin','2019-11-27 10:38:58',NULL,NULL),('1199518186144276482','1199518099888414722','日常记录','1','',1,1,'admin','2019-11-27 10:39:56',NULL,NULL),('1199518214858481666','1199518099888414722','本周工作','2','',1,1,'admin','2019-11-27 10:40:03',NULL,NULL),('1199518235943247874','1199518099888414722','下周计划','3','',1,1,'admin','2019-11-27 10:40:08',NULL,NULL),('1199520817285701634','1199520177767587841','列表','1','',1,1,'admin','2019-11-27 10:50:24',NULL,NULL),('1199520835035996161','1199520177767587841','链接','2','',1,1,'admin','2019-11-27 10:50:28',NULL,NULL),('1199525468672405505','1199525215290306561','未开始','0','',1,1,'admin','2019-11-27 11:08:52',NULL,NULL),('1199525490575060993','1199525215290306561','进行中','1','',1,1,'admin','2019-11-27 11:08:58',NULL,NULL),('1199525506429530114','1199525215290306561','已完成','2','',1,1,'admin','2019-11-27 11:09:02','admin','2019-11-27 11:10:02'),('1199607547704647681','4f69be5f507accea8d5df5f11346181a','系统','4','',1,1,'admin','2019-11-27 16:35:02','admin','2019-11-27 19:37:46'),('1209733775114702850','1209733563293962241','MySQL','1','',1,1,'admin','2019-12-25 15:13:02',NULL,NULL),('1209733839933476865','1209733563293962241','Oracle','2','',1,1,'admin','2019-12-25 15:13:18',NULL,NULL),('1209733903020003330','1209733563293962241','SQLServer','3','',1,1,'admin','2019-12-25 15:13:33',NULL,NULL),('1232913424813486081','1232913193820581889','官方示例','demo','',1,1,'admin','2020-02-27 14:20:42','admin','2020-02-27 14:21:37'),('1232913493717512194','1232913193820581889','流程表单','bpm','',2,1,'admin','2020-02-27 14:20:58','admin','2020-02-27 14:22:20'),('1232913605382467585','1232913193820581889','测试表单','temp','',4,1,'admin','2020-02-27 14:21:25','admin','2020-02-27 14:22:16'),('1232914232372195330','1232913193820581889','导入表单','bdfl_include','',5,1,'admin','2020-02-27 14:23:54',NULL,NULL),('1234371726545010689','4e4602b3e3686f0911384e188dc7efb4','左模糊','LEFT_LIKE','左模糊',7,1,'admin','2020-03-02 14:55:27',NULL,NULL),('1234371809495760898','4e4602b3e3686f0911384e188dc7efb4','右模糊','RIGHT_LIKE','右模糊',7,1,'admin','2020-03-02 14:55:47',NULL,NULL),('1250688147579228161','1250687930947620866','正常','0','',1,1,'admin','2020-04-16 15:31:05','',NULL),('1250688201064992770','1250687930947620866','停止','-1','',1,1,'admin','2020-04-16 15:31:18','',NULL),('147c48ff4b51545032a9119d13f3222a','d6e1152968b02d69ff358c75b48a6ee1','测试流程','test',NULL,1,1,'admin','2019-03-22 19:27:05',NULL,NULL),('1543fe7e5e26fb97cdafe4981bedc0c8','4c03fca6bf1f0299c381213961566349','单排布局','single',NULL,2,1,'admin','2022-07-12 17:43:39','admin','2019-04-12 17:43:57'),('1ce390c52453891f93514c1bd2795d44','ad7c65ba97c20a6805d5dcdf13cdaf36','000','00',NULL,1,1,'admin','2019-03-22 16:34:34',NULL,NULL),('1db531bcff19649fa82a644c8a939dc4','4c03fca6bf1f0299c381213961566349','组合布局','combination','',4,1,'admin','2019-05-11 16:07:08',NULL,NULL),('222705e11ef0264d4214affff1fb4ff9','4f69be5f507accea8d5df5f11346181a','短信','1','',1,1,'admin','2023-02-28 10:50:36','admin','2019-04-28 10:58:11'),('23a5bb76004ed0e39414e928c4cde155','4e4602b3e3686f0911384e188dc7efb4','不等于','!=','不等于',3,1,'admin','2019-04-01 16:46:15','admin','2019-04-01 17:48:40'),('25847e9cb661a7c711f9998452dc09e6','4e4602b3e3686f0911384e188dc7efb4','小于等于','<=','小于等于',6,1,'admin','2019-04-01 16:44:34','admin','2019-04-01 17:49:10'),('2d51376643f220afdeb6d216a8ac2c01','68168534ff5065a152bfab275c2136f8','有效','1','有效',2,1,'admin','2019-04-26 19:22:01',NULL,NULL),('308c8aadf0c37ecdde188b97ca9833f5','8dfe32e2d29ea9430a988b3b558bf233','已发布','1','已发布',2,1,'admin','2019-04-16 17:41:24',NULL,NULL),('333e6b2196e01ef9a5f76d74e86a6e33','8dfe32e2d29ea9430a988b3b558bf233','未发布','0','未发布',1,1,'admin','2019-04-16 17:41:12',NULL,NULL),('337ea1e401bda7233f6258c284ce4f50','bd1b8bc28e65d6feefefb6f3c79f42fd','JSON','json',NULL,1,1,'admin','2019-04-12 17:26:33',NULL,NULL),('33bc9d9f753cf7dc40e70461e50fdc54','a9d9942bd0eccb6e89de92d130ec4c4a','发送失败','2',NULL,3,1,'admin','2019-04-12 18:20:02',NULL,NULL),('3fbc03d6c994ae06d083751248037c0e','78bda155fe380b1b3f175f1e88c284c6','已完成','3','已完成',3,1,'admin','2019-05-09 16:33:25',NULL,NULL),('41d7aaa40c9b61756ffb1f28da5ead8e','0b5d19e1fce4b2e6647e6b4a17760c14','通知公告','1',NULL,1,1,'admin','2019-04-22 18:01:57',NULL,NULL),('41fa1e9571505d643aea87aeb83d4d76','4e4602b3e3686f0911384e188dc7efb4','等于','=','等于',4,1,'admin','2019-04-01 16:45:24','admin','2019-04-01 17:49:00'),('43d2295b8610adce9510ff196a49c6e9','845da5006c97754728bf48b6a10f79cc','正常','1',NULL,NULL,1,'admin','2019-03-18 21:45:51',NULL,NULL),('4f05fb5376f4c61502c5105f52e4dd2b','83bfb33147013cc81640d5fd9eda030c','操作日志','2',NULL,NULL,1,'admin','2019-03-18 23:22:49',NULL,NULL),('50223341bfb5ba30bf6319789d8d17fe','d6e1152968b02d69ff358c75b48a6ee1','业务办理','business',NULL,3,1,'admin','2023-04-22 19:28:05','admin','2019-03-22 23:24:39'),('51222413e5906cdaf160bb5c86fb827c','a7adbcd86c37f7dbc9b66945c82ef9e6','是','1','',1,1,'admin','2019-05-22 19:29:45',NULL,NULL),('538fca35afe004972c5f3947c039e766','2e02df51611a4b9632828ab7e5338f00','显示','1','显示',1,1,'admin','2025-03-26 18:27:13','admin','2019-04-26 18:39:07'),('5584c21993bde231bbde2b966f2633ac','4e4602b3e3686f0911384e188dc7efb4','自定义SQL表达式','USE_SQL_RULES','自定义SQL表达式',9,1,'admin','2019-04-01 10:45:24','admin','2019-04-01 17:49:27'),('58b73b344305c99b9d8db0fc056bbc0a','72cce0989df68887546746d8f09811aa','主表','2',NULL,2,1,'admin','2019-03-27 10:13:36',NULL,NULL),('5b65a88f076b32e8e69d19bbaadb52d5','2f0320997ade5dd147c90130f7218c3e','全体用户','ALL',NULL,NULL,1,'admin','2020-10-17 21:22:43','admin','2019-03-28 22:17:09'),('5d833f69296f691843ccdd0c91212b6b','880a895c98afeca9d9ac39f29e67c13e','修改','3','',3,1,'admin','2019-07-22 10:55:07','admin','2019-07-22 10:55:41'),('5d84a8634c8fdfe96275385075b105c9','3d9a351be3436fbefb1307d4cfb49bf2','女','2',NULL,2,1,NULL,'2019-01-04 14:56:56',NULL,'2019-01-04 17:38:12'),('66c952ae2c3701a993e7db58f3baf55e','4e4602b3e3686f0911384e188dc7efb4','大于','>','大于',1,1,'admin','2019-04-01 10:45:46','admin','2019-04-01 17:48:29'),('6937c5dde8f92e9a00d4e2ded9198694','ad7c65ba97c20a6805d5dcdf13cdaf36','easyui','3',NULL,1,1,'admin','2019-03-22 16:32:15',NULL,NULL),('69cacf64e244100289ddd4aa9fa3b915','a9d9942bd0eccb6e89de92d130ec4c4a','未发送','0',NULL,1,1,'admin','2019-04-12 18:19:23',NULL,NULL),('6a7a9e1403a7943aba69e54ebeff9762','4f69be5f507accea8d5df5f11346181a','邮件','2','',2,1,'admin','2031-02-28 10:50:44','admin','2019-04-28 10:59:03'),('6c682d78ddf1715baf79a1d52d2aa8c2','72cce0989df68887546746d8f09811aa','单表','1',NULL,1,1,'admin','2019-03-27 10:13:29',NULL,NULL),('6d404fd2d82311fbc87722cd302a28bc','4e4602b3e3686f0911384e188dc7efb4','模糊','LIKE','模糊',7,1,'admin','2019-04-01 16:46:02','admin','2019-04-01 17:49:20'),('6d4e26e78e1a09699182e08516c49fc4','4d7fec1a7799a436d26d02325eff295e','高','H','高',1,1,'admin','2019-04-16 17:04:24',NULL,NULL),('700e9f030654f3f90e9ba76ab0713551','6b78e3f59faec1a4750acff08030a79b','333','333',NULL,NULL,1,'admin','2019-02-21 19:59:47',NULL,NULL),('7050c1522702bac3be40e3b7d2e1dfd8','c5a14c75172783d72cbee6ee7f5df5d1','柱状图','bar',NULL,1,1,'admin','2019-04-12 17:05:17',NULL,NULL),('71b924faa93805c5c1579f12e001c809','d6e1152968b02d69ff358c75b48a6ee1','OA办公','oa',NULL,2,1,'admin','2021-03-22 19:27:17','admin','2019-03-22 23:24:36'),('75b260d7db45a39fc7f21badeabdb0ed','c36169beb12de8a71c8683ee7c28a503','不启用','0',NULL,NULL,1,'admin','2019-03-18 23:29:41','admin','2019-03-18 23:29:54'),('7688469db4a3eba61e6e35578dc7c2e5','c36169beb12de8a71c8683ee7c28a503','启用','1',NULL,NULL,1,'admin','2019-03-18 23:29:28',NULL,NULL),('78ea6cadac457967a4b1c4eb7aaa418c','fc6cd58fde2e8481db10d3a1e68ce70c','正常','1',NULL,NULL,1,'admin','2019-03-18 23:30:28',NULL,NULL),('7ccf7b80c70ee002eceb3116854b75cb','ac2f7c0c5c5775fcea7e2387bcb22f01','按钮权限','2',NULL,NULL,1,'admin','2019-03-18 23:25:40',NULL,NULL),('81fb2bb0e838dc68b43f96cc309f8257','fc6cd58fde2e8481db10d3a1e68ce70c','冻结','2',NULL,NULL,1,'admin','2019-03-18 23:30:37',NULL,NULL),('83250269359855501ec4e9c0b7e21596','4274efc2292239b6f000b153f50823ff','可见/可访问(授权后可见/可访问)','1','',1,1,'admin','2019-05-10 17:54:51',NULL,NULL),('84778d7e928bc843ad4756db1322301f','4e4602b3e3686f0911384e188dc7efb4','大于等于','>=','大于等于',5,1,'admin','2019-04-01 10:46:02','admin','2019-04-01 17:49:05'),('848d4da35ebd93782029c57b103e5b36','c5a14c75172783d72cbee6ee7f5df5d1','饼图','pie',NULL,3,1,'admin','2019-04-12 17:05:49',NULL,NULL),('84dfc178dd61b95a72900fcdd624c471','78bda155fe380b1b3f175f1e88c284c6','处理中','2','处理中',2,1,'admin','2019-05-09 16:33:01',NULL,NULL),('86f19c7e0a73a0bae451021ac05b99dd','ac2f7c0c5c5775fcea7e2387bcb22f01','子菜单','1',NULL,NULL,1,'admin','2019-03-18 23:25:27',NULL,NULL),('8bccb963e1cd9e8d42482c54cc609ca2','4f69be5f507accea8d5df5f11346181a','微信','3',NULL,3,1,'admin','2021-05-11 14:29:12','admin','2019-04-11 14:29:31'),('8c618902365ca681ebbbe1e28f11a548','4c753b5293304e7a445fd2741b46529d','启用','1','',0,1,'admin','2020-07-18 23:19:27','admin','2019-05-17 14:51:18'),('8cdf08045056671efd10677b8456c999','4274efc2292239b6f000b153f50823ff','可编辑(未授权时禁用)','2','',2,1,'admin','2019-05-10 17:55:38',NULL,NULL),('8ff48e657a7c5090d4f2a59b37d1b878','4d7fec1a7799a436d26d02325eff295e','中','M','中',2,1,'admin','2019-04-16 17:04:40',NULL,NULL),('948923658baa330319e59b2213cda97c','880a895c98afeca9d9ac39f29e67c13e','添加','2','',2,1,'admin','2019-07-22 10:54:59','admin','2019-07-22 10:55:36'),('9a96c4a4e4c5c9b4e4d0cbf6eb3243cc','4c753b5293304e7a445fd2741b46529d','不启用','0',NULL,1,1,'admin','2019-03-18 23:19:53',NULL,NULL),('a1e7d1ca507cff4a480c8caba7c1339e','880a895c98afeca9d9ac39f29e67c13e','导出','6','',6,1,'admin','2019-07-22 12:06:50',NULL,NULL),('a2be752dd4ec980afaec1efd1fb589af','8dfe32e2d29ea9430a988b3b558bf233','已撤销','2','已撤销',3,1,'admin','2019-04-16 17:41:39',NULL,NULL),('aa0d8a8042a18715a17f0a888d360aa4','ac2f7c0c5c5775fcea7e2387bcb22f01','一级菜单','0',NULL,NULL,1,'admin','2019-03-18 23:24:52',NULL,NULL),('adcf2a1fe93bb99a84833043f475fe0b','4e4602b3e3686f0911384e188dc7efb4','包含','IN','包含',8,1,'admin','2019-04-01 16:45:47','admin','2019-04-01 17:49:24'),('b029a41a851465332ee4ee69dcf0a4c2','0b5d19e1fce4b2e6647e6b4a17760c14','系统消息','2',NULL,1,1,'admin','2019-02-22 18:02:08','admin','2019-04-22 18:02:13'),('b2a8b4bb2c8e66c2c4b1bb086337f393','3486f32803bb953e7155dab3513dc68b','正常','0',NULL,NULL,1,'admin','2022-10-18 21:46:48','admin','2019-03-28 22:22:20'),('b57f98b88363188daf38d42f25991956','6b78e3f59faec1a4750acff08030a79b','22','222',NULL,NULL,0,'admin','2019-02-21 19:59:43','admin','2019-03-11 21:23:27'),('b5f3bd5f66bb9a83fecd89228c0d93d1','68168534ff5065a152bfab275c2136f8','无效','0','无效',1,1,'admin','2019-04-26 19:21:49',NULL,NULL),('b9fbe2a3602d4a27b45c100ac5328484','78bda155fe380b1b3f175f1e88c284c6','待提交','1','待提交',1,1,'admin','2019-05-09 16:32:35',NULL,NULL),('ba27737829c6e0e582e334832703d75e','236e8a4baff0db8c62c00dd95632834f','同步','1','同步',1,1,'admin','2019-05-15 15:28:15',NULL,NULL),('bcec04526b04307e24a005d6dcd27fd6','880a895c98afeca9d9ac39f29e67c13e','导入','5','',5,1,'admin','2019-07-22 12:06:41',NULL,NULL),('c53da022b9912e0aed691bbec3c78473','880a895c98afeca9d9ac39f29e67c13e','查询','1','',1,1,'admin','2019-07-22 10:54:51',NULL,NULL),('c5700a71ad08994d18ad1dacc37a71a9','a7adbcd86c37f7dbc9b66945c82ef9e6','否','0','',1,1,'admin','2019-05-22 19:29:55',NULL,NULL),('cbfcc5b88fc3a90975df23ffc8cbe29c','c5a14c75172783d72cbee6ee7f5df5d1','曲线图','line',NULL,2,1,'admin','2019-05-12 17:05:30','admin','2019-04-12 17:06:06'),('d217592908ea3e00ff986ce97f24fb98','c5a14c75172783d72cbee6ee7f5df5d1','数据列表','table',NULL,4,1,'admin','2019-04-12 17:05:56',NULL,NULL),('df168368dcef46cade2aadd80100d8aa','3d9a351be3436fbefb1307d4cfb49bf2','男','1',NULL,1,1,NULL,'2027-08-04 14:56:49','admin','2019-03-23 22:44:44'),('e6329e3a66a003819e2eb830b0ca2ea0','4e4602b3e3686f0911384e188dc7efb4','小于','<','小于',2,1,'admin','2019-04-01 16:44:15','admin','2019-04-01 17:48:34'),('e94eb7af89f1dbfa0d823580a7a6e66a','236e8a4baff0db8c62c00dd95632834f','不同步','0','不同步',2,1,'admin','2019-05-15 15:28:28',NULL,NULL),('f0162f4cc572c9273f3e26b2b4d8c082','ad7c65ba97c20a6805d5dcdf13cdaf36','booostrap','1',NULL,1,1,'admin','2021-08-22 16:32:04','admin','2019-03-22 16:33:57'),('f16c5706f3ae05c57a53850c64ce7c45','a9d9942bd0eccb6e89de92d130ec4c4a','发送成功','1',NULL,2,1,'admin','2019-04-12 18:19:43',NULL,NULL),('f2a7920421f3335afdf6ad2b342f6b5d','845da5006c97754728bf48b6a10f79cc','冻结','2',NULL,NULL,1,'admin','2019-03-18 21:46:02',NULL,NULL),('f37f90c496ec9841c4c326b065e00bb2','83bfb33147013cc81640d5fd9eda030c','登录日志','1',NULL,NULL,1,'admin','2019-03-18 23:22:37',NULL,NULL),('f753aff60ff3931c0ecb4812d8b5e643','4c03fca6bf1f0299c381213961566349','双排布局','double',NULL,3,1,'admin','2019-04-12 17:43:51',NULL,NULL),('f80a8f6838215753b05e1a5ba3346d22','880a895c98afeca9d9ac39f29e67c13e','删除','4','',4,1,'admin','2019-07-22 10:55:14','admin','2019-07-22 10:55:30'),('fcec03570f68a175e1964808dc3f1c91','4c03fca6bf1f0299c381213961566349','Tab风格','tab',NULL,1,1,'admin','2019-04-12 17:43:31',NULL,NULL),('fe50b23ae5e68434def76f67cef35d2d','78bda155fe380b1b3f175f1e88c284c6','已作废','4','已作废',4,1,'admin','2021-09-09 16:33:43','admin','2019-05-09 16:34:40');

#
# Structure for table "sys_fill_rule"
#

DROP TABLE IF EXISTS `sys_fill_rule`;
CREATE TABLE `sys_fill_rule` (
  `id` varchar(32) CHARACTER SET utf8 NOT NULL COMMENT '主键ID',
  `rule_name` varchar(100) DEFAULT NULL COMMENT '规则名称',
  `rule_code` varchar(100) DEFAULT NULL COMMENT '规则Code',
  `rule_class` varchar(100) DEFAULT NULL COMMENT '规则实现类',
  `rule_params` varchar(200) DEFAULT NULL COMMENT '规则参数',
  `update_by` varchar(32) CHARACTER SET utf8 DEFAULT NULL COMMENT '修改人',
  `update_time` datetime DEFAULT NULL COMMENT '修改时间',
  `create_by` varchar(32) CHARACTER SET utf8 DEFAULT NULL COMMENT '创建人',
  `create_time` datetime DEFAULT NULL COMMENT '创建时间',
  PRIMARY KEY (`id`) USING BTREE,
  UNIQUE KEY `uni_sys_fill_rule_code` (`rule_code`) USING BTREE
) ENGINE=InnoDB DEFAULT CHARSET=utf8mb4 ROW_FORMAT=DYNAMIC;

#
# Data for table "sys_fill_rule"
#

INSERT INTO `sys_fill_rule` VALUES ('1202551334738382850','机构编码生成','org_num_role','org.jeecg.modules.system.rule.OrgCodeRule','{\"parentId\":\"c6d7cb4deeac411cb3384b1b31278596\"}','admin','2019-12-09 10:37:06','admin','2019-12-05 19:32:35'),('1202787623203065858','分类字典编码生成','category_code_rule','org.jeecg.modules.system.rule.CategoryCodeRule','{\"pid\":\"\"}','admin','2019-12-09 10:36:54','admin','2019-12-06 11:11:31');

#
# Structure for table "sys_log"
#

DROP TABLE IF EXISTS `sys_log`;
CREATE TABLE `sys_log` (
  `id` varchar(32) NOT NULL,
  `log_type` int(2) DEFAULT NULL COMMENT '日志类型（1登录日志，2操作日志）',
  `log_content` varchar(1000) DEFAULT NULL COMMENT '日志内容',
  `operate_type` int(2) DEFAULT NULL COMMENT '操作类型',
  `userid` varchar(32) DEFAULT NULL COMMENT '操作用户账号',
  `username` varchar(100) DEFAULT NULL COMMENT '操作用户名称',
  `ip` varchar(100) DEFAULT NULL COMMENT 'IP',
  `method` varchar(500) DEFAULT NULL COMMENT '请求java方法',
  `request_url` varchar(255) DEFAULT NULL COMMENT '请求路径',
  `request_param` longtext COMMENT '请求参数',
  `request_type` varchar(10) DEFAULT NULL COMMENT '请求类型',
  `cost_time` bigint(20) DEFAULT NULL COMMENT '耗时',
  `create_by` varchar(32) DEFAULT NULL COMMENT '创建人',
  `create_time` datetime DEFAULT NULL COMMENT '创建时间',
  `update_by` varchar(32) DEFAULT NULL COMMENT '更新人',
  `update_time` datetime DEFAULT NULL COMMENT '更新时间',
  PRIMARY KEY (`id`) USING BTREE,
  KEY `index_table_userid` (`userid`) USING BTREE,
  KEY `index_logt_ype` (`log_type`) USING BTREE,
  KEY `index_operate_type` (`operate_type`) USING BTREE,
  KEY `index_log_type` (`log_type`) USING BTREE
) ENGINE=MyISAM DEFAULT CHARSET=utf8 ROW_FORMAT=DYNAMIC COMMENT='系统日志表';

#
# Data for table "sys_log"
#

/*!40000 ALTER TABLE `sys_log` DISABLE KEYS */;
INSERT INTO `sys_log` VALUES ('002b7112a147edeb6149a891494577d0',1,'用户名: admin,登录成功！',NULL,NULL,NULL,'127.0.0.1',NULL,NULL,NULL,NULL,NULL,'jeecg-boot','2019-02-24 22:52:15',NULL,NULL),('00f763e007e5a6bddf4cb8e562a53005',1,'用户名: admin,登录成功！',NULL,NULL,NULL,'127.0.0.1',NULL,NULL,NULL,NULL,NULL,'jeecg-boot','2019-02-25 15:41:31',NULL,NULL),('01075aa535274735e0df0a8bc44f62f9',1,'用户名: 管理员,退出成功！',NULL,'admin','管理员','127.0.0.1',NULL,NULL,NULL,NULL,NULL,'admin','2019-04-09 16:56:46',NULL,NULL),('016510fc662d9bb24d0186c5478df268',1,'用户名: admin,登录成功！',NULL,'admin','管理员','127.0.0.1',NULL,NULL,NULL,NULL,NULL,'admin','2019-02-26 20:27:18',NULL,NULL),('0169622dcd4e89b177a0917778ac7f9c',1,'用户名: admin,登录成功！',NULL,NULL,NULL,'127.0.0.1',NULL,NULL,NULL,NULL,NULL,'jeecg-boot','2019-01-23 11:17:18',NULL,NULL),('017e9596f489951f1cc7d978085adc00',1,'用户名: admin,登录成功！',NULL,NULL,NULL,'127.0.0.1',NULL,NULL,NULL,NULL,NULL,'jeecg-boot','2019-03-08 10:58:00',NULL,NULL),('018fe8d3f049a32fb8b541c893058713',1,'用户名: admin,登录成功！',NULL,NULL,NULL,'127.0.0.1',NULL,NULL,NULL,NULL,NULL,'jeecg-boot','2019-02-13 15:17:42',NULL,NULL),('01ebe1cbeae916a9228770f63130fdac',1,'用户名: admin,登录成功！',NULL,NULL,NULL,'127.0.0.1',NULL,NULL,NULL,NULL,NULL,'jeecg-boot','2019-04-09 16:56:50',NULL,NULL),('02026841bf8a9204db2c500c86a4a9be',1,'用户名: admin,登录成功！',NULL,NULL,NULL,'192.168.1.104',NULL,NULL,NULL,NULL,NULL,'jeecg-boot','2019-03-09 20:44:58',NULL,NULL),('024a4c5ba78538d05373dac650b227d1',1,'用户名: admin,登录成功！',NULL,NULL,NULL,'127.0.0.1',NULL,NULL,NULL,NULL,NULL,'jeecg-boot','2019-02-22 15:59:50',NULL,NULL),('0251bbee51c28f83459f4a57eeb61777',1,'用户名: admin,登录成功！',NULL,NULL,NULL,'127.0.0.1',NULL,NULL,NULL,NULL,NULL,'jeecg-boot','2019-03-23 22:14:27',NULL,NULL),('02d4447c9d97ac4fc1c3a9a4c789c2a8',1,'用户名: 管理员,退出成功！',NULL,'admin','管理员','127.0.0.1',NULL,NULL,NULL,NULL,NULL,'admin','2019-03-28 18:24:18',NULL,NULL),('03c0ab177bd7d840b778713b37daf86f',1,'用户名: 管理员,退出成功！',NULL,'admin','管理员','127.0.0.1',NULL,NULL,NULL,NULL,NULL,'admin','2019-04-02 10:04:57',NULL,NULL),('03ec66b6b6d17c007ec2f918efe5b898',1,'用户名: admin,登录成功！',NULL,NULL,NULL,'127.0.0.1',NULL,NULL,NULL,NULL,NULL,'jeecg-boot','2019-03-25 12:16:03',NULL,NULL),('0473dedf4aa653b253b008dacff2937c',1,'用户名: admin,登录成功！',NULL,NULL,NULL,'127.0.0.1',NULL,NULL,NULL,NULL,NULL,'jeecg-boot','2019-02-24 13:04:44',NULL,NULL),('0475b4445d5f58f29212258c1644f339',1,'用户名: admin,登录成功！',NULL,NULL,NULL,'127.0.0.1',NULL,NULL,NULL,NULL,NULL,'jeecg-boot','2019-03-01 20:20:23',NULL,NULL),('04f97d7f906c1e97384a94f3728606a4',1,'用户名: admin,登录成功！',NULL,NULL,NULL,'127.0.0.1',NULL,NULL,NULL,NULL,NULL,'jeecg-boot','2019-03-11 12:08:51',NULL,NULL),('055cf35c8865761b479c7f289dc36616',2,'添加测试DEMO',NULL,'admin','管理员','127.0.0.1','org.jeecg.modules.demo.test.controller.JeecgDemoController.add()',NULL,'[{\"createBy\":\"admin\",\"createTime\":1547912238787,\"email\":\"zhangdaiscott@163.com\",\"id\":\"c2c0d49e3c01913067cf8d1fb3c971d2\",\"name\":\"zhang daihao\"}]',NULL,16,'admin','2019-01-19 23:37:18',NULL,NULL),('056dd4466f4ed51de26c535fd9864828',1,'用户名: admin,登录成功！',NULL,NULL,NULL,'127.0.0.1',NULL,NULL,NULL,NULL,NULL,'jeecg-boot','2019-04-11 19:47:15',NULL,NULL),('0571e5730ee624d0dd1b095ad7101738',1,'用户名: admin,登录成功！',NULL,NULL,NULL,'127.0.0.1',NULL,NULL,NULL,NULL,NULL,'jeecg-boot','2019-03-18 16:10:50',NULL,NULL),('059bac84373e9dae94363ea18802d70f',1,'用户名: admin,登录成功！',NULL,NULL,NULL,'127.0.0.1',NULL,NULL,NULL,NULL,NULL,'jeecg-boot','2019-01-23 10:06:56',NULL,NULL),('060d541a9571ca2b0d24790a98d170a6',1,'用户名: admin,登录成功！',NULL,NULL,NULL,'127.0.0.1',NULL,NULL,NULL,NULL,NULL,'jeecg-boot','2019-04-04 19:28:04',NULL,NULL),('063baad688535096d2ed906ae6f3a128',1,'用户名: admin,登录成功！',NULL,NULL,NULL,'127.0.0.1',NULL,NULL,NULL,NULL,NULL,'jeecg-boot','2019-02-18 22:09:21',NULL,NULL),('0643f3ad4394de9fb3c491080c6a7a03',1,'用户名: admin,登录成功！',NULL,NULL,NULL,'127.0.0.1',NULL,NULL,NULL,NULL,NULL,'jeecg-boot','2019-02-19 10:18:42',NULL,NULL),('06fbb85b34f518cd211b948552de72f8',1,'登录失败，用户名:null不存在！',NULL,NULL,NULL,'192.168.1.104',NULL,NULL,NULL,NULL,NULL,'jeecg-boot','2019-03-09 20:08:38',NULL,NULL),('07132c1228b1c165f62ea35f4ff1cbe9',1,'用户名: admin,登录成功！',NULL,NULL,NULL,'127.0.0.1',NULL,NULL,NULL,NULL,NULL,'jeecg-boot','2019-02-19 18:15:44',NULL,NULL),('07a0b3f8b4140a7a586305c2f40a2310',2,'删除测试DEMO',NULL,'admin','管理员','127.0.0.1','org.jeecg.modules.demo.test.controller.JeecgDemoController.delete()',NULL,'[\"7eac655877842eb39dc2f0469f3964ec\"]',NULL,14,'admin','2019-01-19 15:38:11',NULL,NULL),('0819ea9729ddf70f64ace59370a62cf1',1,'用户名: admin,登录成功！',NULL,NULL,NULL,'127.0.0.1',NULL,NULL,NULL,NULL,NULL,'jeecg-boot','2019-04-02 18:59:43',NULL,NULL),('0913bb0e92715892c470cf538726dfbc',1,'用户名: admin,登录成功！',NULL,NULL,NULL,'127.0.0.1',NULL,NULL,NULL,NULL,NULL,'jeecg-boot','2019-02-19 16:17:09',NULL,NULL),('097be3e8fdf77a245f5c85884e97b88c',1,'用户名: admin,登录成功！',NULL,NULL,NULL,'127.0.0.1',NULL,NULL,NULL,NULL,NULL,'jeecg-boot','2019-03-05 22:52:45',NULL,NULL),('0a24b1f04f79a2bcb83c4cd12d077cbc',1,'用户名: admin,登录成功！',NULL,NULL,NULL,'127.0.0.1',NULL,NULL,NULL,NULL,NULL,'jeecg-boot','2019-01-21 17:34:37',NULL,NULL),('0a634ed086442afa7a5fc9aa000b898a',1,'用户名: admin,登录成功！',NULL,NULL,NULL,'127.0.0.1',NULL,NULL,NULL,NULL,NULL,'jeecg-boot','2019-02-25 10:10:39',NULL,NULL),('0a6eb1fa998b749012216542a2447ae7',1,'用户名: admin,登录成功！',NULL,NULL,NULL,'127.0.0.1',NULL,NULL,NULL,NULL,NULL,'jeecg-boot','2019-02-13 11:29:30',NULL,NULL),('0aa792eadeae39a1ed2a98ea5d2f6d27',1,'用户名: admin,登录成功！',NULL,NULL,NULL,'127.0.0.1',NULL,NULL,NULL,NULL,NULL,'jeecg-boot','2019-02-16 09:11:39',NULL,NULL),('0aa9272c0581e1d7f62b1293375b4574',1,'用户名: admin,登录成功！',NULL,NULL,NULL,'127.0.0.1',NULL,NULL,NULL,NULL,NULL,'jeecg-boot','2019-02-16 17:26:36',NULL,NULL),('0ad51ba59da2c8763a4e6ed6e0a292b2',1,'用户名: admin,登录成功！',NULL,NULL,NULL,'127.0.0.1',NULL,NULL,NULL,NULL,NULL,'jeecg-boot','2019-03-18 17:37:53',NULL,NULL),('0b42292a532c796495a34d8d9c633afa',1,'用户名: admin,登录成功！',NULL,NULL,NULL,'127.0.0.1',NULL,NULL,NULL,NULL,NULL,'jeecg-boot','2019-03-08 12:58:03',NULL,NULL),('0b9940fc5487026a3f16cade73efead5',1,'用户名: admin,登录成功！',NULL,NULL,NULL,'127.0.0.1',NULL,NULL,NULL,NULL,NULL,'jeecg-boot','2019-02-25 11:28:28',NULL,NULL),('0ba24c5f61ff53f93134cf932dd486db',1,'用户名: admin,登录成功！',NULL,NULL,NULL,'127.0.0.1',NULL,NULL,NULL,NULL,NULL,'jeecg-boot','2019-03-31 21:06:05',NULL,NULL),('0bc44e2d682c9f28525d203589a90b43',1,'用户名: admin,登录成功！',NULL,NULL,NULL,'127.0.0.1',NULL,NULL,NULL,NULL,NULL,'jeecg-boot','2019-01-19 20:31:08',NULL,NULL),('0d4582c6b7719b0bfc0260939d97274f',1,'用户名: admin,登录成功！',NULL,NULL,NULL,'127.0.0.1',NULL,NULL,NULL,NULL,NULL,'jeecg-boot','2019-04-10 21:48:47',NULL,NULL),('0d6cd835072c83f46d1d2a3cf13225d3',1,'用户名: admin,登录成功！',NULL,NULL,NULL,'127.0.0.1',NULL,NULL,NULL,NULL,NULL,'jeecg-boot','2019-03-01 12:04:44',NULL,NULL),('0d85728028ed67da696137c0e82ab2f6',1,'用户名: admin,登录成功！',NULL,NULL,NULL,'127.0.0.1',NULL,NULL,NULL,NULL,NULL,'jeecg-boot','2019-03-16 12:58:43',NULL,NULL),('0dc22e52c9173e4e880728bc7734ff65',1,'用户名: admin,登录成功！',NULL,NULL,NULL,'127.0.0.1',NULL,NULL,NULL,NULL,NULL,'jeecg-boot','2019-03-09 11:14:47',NULL,NULL),('0dc6d04b99e76ad400eef1ded2d3d97c',1,'用户名: admin,登录成功！',NULL,NULL,NULL,'127.0.0.1',NULL,NULL,NULL,NULL,NULL,'jeecg-boot','2019-04-02 09:59:45',NULL,NULL),('0e365a21c60e4460813bdc4e3cb320a3',1,'用户名: admin,登录成功！',NULL,NULL,NULL,'127.0.0.1',NULL,NULL,NULL,NULL,NULL,'jeecg-boot','2019-01-19 23:01:34',NULL,NULL),('0e41fe3a34d5715bf4c88e220663583a',1,'用户名: admin,登录成功！',NULL,NULL,NULL,'127.0.0.1',NULL,NULL,NULL,NULL,NULL,'jeecg-boot','2019-01-19 17:04:06',NULL,NULL),('0e754ee377033067f7b2f10b56b8784c',1,'用户名: admin,登录成功！',NULL,NULL,NULL,'127.0.0.1',NULL,NULL,NULL,NULL,NULL,'jeecg-boot','2019-04-01 17:17:45',NULL,NULL),('0e9c0d0d26ddc652a7277912e0784d11',1,'用户名: admin,登录成功！',NULL,NULL,NULL,'127.0.0.1',NULL,NULL,NULL,NULL,NULL,'jeecg-boot','2019-01-23 12:27:41',NULL,NULL),('0ef3e7ae8c073a7e3bdd736068f86c84',1,'用户名: admin,登录成功！',NULL,NULL,NULL,'127.0.0.1',NULL,NULL,NULL,NULL,NULL,'jeecg-boot','2019-03-25 12:02:27',NULL,NULL),('0efc9df0d52c65ec318e7b46db21655f',1,'用户名: admin,登录成功！',NULL,NULL,NULL,'127.0.0.1',NULL,NULL,NULL,NULL,NULL,'jeecg-boot','2019-03-21 13:42:47',NULL,NULL),('0f173ec7e8819358819aa14aafc724c0',1,'用户名: admin,登录成功！',NULL,NULL,NULL,'127.0.0.1',NULL,NULL,NULL,NULL,NULL,'jeecg-boot','2019-03-25 11:15:58',NULL,NULL),('10922e0d030960e6b026c67c6179247b',1,'用户名: admin,登录成功！',NULL,NULL,NULL,'127.0.0.1',NULL,NULL,NULL,NULL,NULL,'jeecg-boot','2019-02-25 20:07:59',NULL,NULL),('10a434c326e39b1d046defddc8c57f4a',1,'用户名: admin,登录成功！',NULL,NULL,NULL,'127.0.0.1',NULL,NULL,NULL,NULL,NULL,'jeecg-boot','2019-04-03 21:18:29',NULL,NULL),('111156480d4d18ebf40427083f25830f',1,'用户名: admin,登录成功！',NULL,NULL,NULL,'192.168.1.104',NULL,NULL,NULL,NULL,NULL,'jeecg-boot','2019-03-09 19:48:58',NULL,NULL),('11695a9dcf44859cda97a4226bebe21b',1,'用户名: admin,登录成功！',NULL,NULL,NULL,'127.0.0.1',NULL,NULL,NULL,NULL,NULL,'jeecg','2019-05-17 18:30:57',NULL,NULL),('11802c7a3644af411bc4e085553cfd4f',1,'用户名: admin,登录成功！',NULL,NULL,NULL,'127.0.0.1',NULL,NULL,NULL,NULL,NULL,'jeecg-boot','2019-03-23 14:46:35',NULL,NULL),('1185035214331654145',1,'用户名: 管理员,退出成功！',NULL,NULL,NULL,'127.0.0.1',NULL,NULL,NULL,NULL,NULL,'jeecg','2019-10-18 11:29:46',NULL,NULL),('1185035238713143298',1,'用户名: admin,登录成功！',NULL,NULL,NULL,'127.0.0.1',NULL,NULL,NULL,NULL,NULL,'jeecg','2019-10-18 11:29:52',NULL,NULL),('1185035239463923713',1,'用户名: 管理员,退出成功！',NULL,NULL,NULL,'127.0.0.1',NULL,NULL,NULL,NULL,NULL,'jeecg','2019-10-18 11:29:53',NULL,NULL),('1185037047527714817',1,'用户名: admin,登录成功！',NULL,NULL,NULL,'127.0.0.1',NULL,NULL,NULL,NULL,NULL,'jeecg','2019-10-18 11:37:04',NULL,NULL),('1185037216109375490',2,'职务表-分页列表查询',1,'admin','管理员','127.0.0.1','org.jeecg.modules.system.controller.SysPositionController.queryPageList()',NULL,NULL,NULL,133,'admin','2019-10-18 11:37:44',NULL,NULL),('1185037734533738497',2,'职务表-分页列表查询',1,'admin','管理员','127.0.0.1','org.jeecg.modules.system.controller.SysPositionController.queryPageList()',NULL,NULL,NULL,24,'admin','2019-10-18 11:39:48',NULL,NULL),('1185037756142792705',2,'编辑用户，id： e9ca23d68d884d4ebb19d07889727dae',2,'admin','管理员','127.0.0.1',NULL,NULL,NULL,NULL,NULL,'admin','2019-10-18 11:39:53',NULL,NULL),('1185037829144653825',2,'职务表-分页列表查询',1,'admin','管理员','127.0.0.1','org.jeecg.modules.system.controller.SysPositionController.queryPageList()',NULL,NULL,NULL,12,'admin','2019-10-18 11:40:10',NULL,NULL),('1185039907581669377',2,'职务表-分页列表查询',1,'admin','管理员','127.0.0.1','org.jeecg.modules.system.controller.SysPositionController.queryPageList()',NULL,NULL,NULL,6,'admin','2019-10-18 11:48:26',NULL,NULL),('1185039947956039681',2,'职务表-分页列表查询',1,'admin','管理员','127.0.0.1','org.jeecg.modules.system.controller.SysPositionController.queryPageList()',NULL,NULL,NULL,5,'admin','2019-10-18 11:48:35',NULL,NULL),('1185040064834514945',2,'职务表-添加',2,'admin','管理员','127.0.0.1','org.jeecg.modules.system.controller.SysPositionController.add()',NULL,'[{\"code\":\"devleader\",\"createBy\":\"admin\",\"createTime\":1571370543072,\"id\":\"1185040064792571906\",\"name\":\"研发部经理\",\"rank\":\"3\",\"sysOrgCode\":\"A01\"}]',NULL,22,'admin','2019-10-18 11:49:03',NULL,NULL),('1185040066562568193',2,'职务表-分页列表查询',1,'admin','管理员','127.0.0.1','org.jeecg.modules.system.controller.SysPositionController.queryPageList()',NULL,NULL,NULL,26,'admin','2019-10-18 11:49:04',NULL,NULL),('1185129808478158850',1,'用户名: admin,登录成功！',NULL,NULL,NULL,'127.0.0.1',NULL,NULL,NULL,NULL,NULL,'jeecg','2019-10-18 17:45:39',NULL,NULL),('1185452151318528001',1,'用户名: 管理员,退出成功！',NULL,NULL,NULL,'127.0.0.1',NULL,NULL,NULL,NULL,NULL,'jeecg','2019-10-19 15:06:32',NULL,NULL),('1185452231589117953',1,'用户名: admin,登录成功！',NULL,NULL,NULL,'127.0.0.1',NULL,NULL,NULL,NULL,NULL,'jeecg','2019-10-19 15:06:51',NULL,NULL),('1197430985244905474',1,'用户名: 管理员,退出成功！',NULL,NULL,NULL,'127.0.0.1',NULL,NULL,NULL,NULL,NULL,'jeecg','2019-11-21 16:26:08',NULL,NULL),('1197431068325679105',1,'用户名: admin,登录成功！',NULL,NULL,NULL,'127.0.0.1',NULL,NULL,NULL,NULL,NULL,'jeecg','2019-11-21 16:26:29',NULL,NULL),('1197431850395602945',2,'填值规则-分页列表查询',1,'admin','管理员','127.0.0.1','org.jeecg.modules.system.controller.SysFillRuleController.queryPageList()',NULL,NULL,NULL,41,'admin','2019-11-21 16:29:35',NULL,NULL),('1197431872520556545',2,'职务表-分页列表查询',1,'admin','管理员','127.0.0.1','org.jeecg.modules.system.controller.SysPositionController.queryPageList()',NULL,NULL,NULL,65,'admin','2019-11-21 16:29:40',NULL,NULL),('1197431893076840450',2,'职务表-编辑',3,'admin','管理员','127.0.0.1','org.jeecg.modules.system.controller.SysPositionController.edit()',NULL,'[{\"code\":\"devleader\",\"createBy\":\"admin\",\"createTime\":1571370543000,\"id\":\"1185040064792571906\",\"name\":\"研发部经理\",\"postRank\":\"2\",\"sysOrgCode\":\"A01\",\"updateBy\":\"admin\",\"updateTime\":1574324985161}]',NULL,19,'admin','2019-11-21 16:29:45',NULL,NULL),('1197431893756317697',2,'职务表-分页列表查询',1,'admin','管理员','127.0.0.1','org.jeecg.modules.system.controller.SysPositionController.queryPageList()',NULL,NULL,NULL,42,'admin','2019-11-21 16:29:45',NULL,NULL),('1197433172830294018',2,'职务表-分页列表查询',1,'admin','管理员','127.0.0.1','org.jeecg.modules.system.controller.SysPositionController.queryPageList()',NULL,NULL,NULL,22,'admin','2019-11-21 16:34:50',NULL,NULL),('1197433546278539266',2,'职务表-分页列表查询',1,'admin','管理员','127.0.0.1','org.jeecg.modules.system.controller.SysPositionController.queryPageList()',NULL,NULL,NULL,16,'admin','2019-11-21 16:36:19',NULL,NULL),('1197433566151151618',1,'用户名: 管理员,退出成功！',NULL,NULL,NULL,'127.0.0.1',NULL,NULL,NULL,NULL,NULL,'jeecg','2019-11-21 16:36:24',NULL,NULL),('1197434320656130049',1,'用户名: admin,登录成功！',NULL,NULL,NULL,'127.0.0.1',NULL,NULL,NULL,NULL,NULL,'jeecg','2019-11-21 16:39:24',NULL,NULL),('1197434360204222466',2,'职务表-分页列表查询',1,'admin','管理员','127.0.0.1','org.jeecg.modules.system.controller.SysPositionController.queryPageList()',NULL,NULL,NULL,240,'admin','2019-11-21 16:39:33',NULL,NULL),('1197434364826345474',2,'编辑用户，id： e9ca23d68d884d4ebb19d07889727dae',2,'admin','管理员','127.0.0.1',NULL,NULL,NULL,NULL,NULL,'admin','2019-11-21 16:39:34',NULL,NULL),('1197434403829178369',1,'用户名: 管理员,退出成功！',NULL,NULL,NULL,'127.0.0.1',NULL,NULL,NULL,NULL,NULL,'jeecg','2019-11-21 16:39:44',NULL,NULL),('1197434443708620802',1,'用户名: jeecg,登录成功！',NULL,NULL,NULL,'127.0.0.1',NULL,NULL,NULL,NULL,NULL,'jeecg','2019-11-21 16:39:53',NULL,NULL),('1197434470036267009',2,'职务表-分页列表查询',1,'jeecg','jeecg','127.0.0.1','org.jeecg.modules.system.controller.SysPositionController.queryPageList()',NULL,NULL,NULL,45,'jeecg','2019-11-21 16:40:00',NULL,NULL),('1197434579583098881',2,'职务表-分页列表查询',1,'jeecg','jeecg','127.0.0.1','org.jeecg.modules.system.controller.SysPositionController.queryPageList()',NULL,NULL,NULL,46,'jeecg','2019-11-21 16:40:26',NULL,NULL),('1197448449475338242',1,'用户名: jeecg,退出成功！',NULL,NULL,NULL,'127.0.0.1',NULL,NULL,NULL,NULL,NULL,'jeecg','2019-11-21 17:35:33',NULL,NULL),('1197448475219976193',1,'用户名: admin,登录成功！',NULL,NULL,NULL,'127.0.0.1',NULL,NULL,NULL,NULL,NULL,'jeecg','2019-11-21 17:35:39',NULL,NULL),('1197448491221245953',2,'填值规则-分页列表查询',1,'admin','管理员','127.0.0.1','org.jeecg.modules.system.controller.SysFillRuleController.queryPageList()',NULL,NULL,NULL,98,'admin','2019-11-21 17:35:42',NULL,NULL),('1197449269478547458',2,'填值规则-分页列表查询',1,'admin','管理员','127.0.0.1','org.jeecg.modules.system.controller.SysFillRuleController.queryPageList()',NULL,NULL,NULL,43,'admin','2019-11-21 17:38:48',NULL,NULL),('1197450304582443009',2,'填值规则-分页列表查询',1,'admin','管理员','127.0.0.1','org.jeecg.modules.system.controller.SysFillRuleController.queryPageList()',NULL,NULL,NULL,27,'admin','2019-11-21 17:42:55',NULL,NULL),('1197453216322797569',2,'填值规则-分页列表查询',1,'admin','管理员','127.0.0.1','org.jeecg.modules.system.controller.SysFillRuleController.queryPageList()',NULL,NULL,NULL,526,'admin','2019-11-21 17:54:29',NULL,NULL),('1197454357987155969',2,'填值规则-分页列表查询',1,'admin','管理员','127.0.0.1','org.jeecg.modules.system.controller.SysFillRuleController.queryPageList()',NULL,NULL,NULL,329,'admin','2019-11-21 17:59:01',NULL,NULL),('1197792320302452738',1,'用户名: 管理员,退出成功！',NULL,NULL,NULL,'127.0.0.1',NULL,NULL,NULL,NULL,NULL,'jeecg','2019-11-22 16:21:57',NULL,NULL),('1197792369866543106',1,'用户名: admin,登录成功！',NULL,NULL,NULL,'127.0.0.1',NULL,NULL,NULL,NULL,NULL,'jeecg','2019-11-22 16:22:10',NULL,NULL),('1197793164787802113',2,'填值规则-分页列表查询',1,'admin','管理员','127.0.0.1','org.jeecg.modules.system.controller.SysFillRuleController.queryPageList()',NULL,NULL,NULL,381,'admin','2019-11-22 16:25:19',NULL,NULL),('11f511eeeb2e91af86b9d5e05132fc89',1,'用户名: admin,登录成功！',NULL,NULL,NULL,'127.0.0.1',NULL,NULL,NULL,NULL,NULL,'jeecg-boot','2019-02-26 15:13:43',NULL,NULL),('1209402348671193089',1,'用户名: 管理员,退出成功！',NULL,NULL,NULL,'127.0.0.1',NULL,NULL,NULL,NULL,NULL,NULL,'2019-12-24 17:16:04',NULL,NULL),('1209402408473579521',1,'用户名: admin,登录成功！',NULL,NULL,NULL,'127.0.0.1',NULL,NULL,NULL,NULL,NULL,NULL,'2019-12-24 17:16:18',NULL,NULL),('1209402471128092673',2,'填值规则-分页列表查询',1,'admin','管理员','127.0.0.1','org.jeecg.modules.system.controller.SysFillRuleController.queryPageList()',NULL,NULL,NULL,472,'admin','2019-12-24 17:16:33',NULL,NULL),('1209417003212853250',2,'填值规则-分页列表查询',1,'admin','管理员','127.0.0.1','org.jeecg.modules.system.controller.SysFillRuleController.queryPageList()',NULL,NULL,NULL,42,'admin','2019-12-24 18:14:18',NULL,NULL),('1209646296664756226',1,'用户名: 管理员,退出成功！',NULL,NULL,NULL,'127.0.0.1',NULL,NULL,NULL,NULL,NULL,NULL,'2019-12-25 09:25:26',NULL,NULL),('1209646643298816001',1,'用户名: admin,登录成功！',NULL,NULL,NULL,'127.0.0.1',NULL,NULL,NULL,NULL,NULL,NULL,'2019-12-25 09:26:49',NULL,NULL),('1209648067323744257',2,'填值规则-分页列表查询',1,'admin','管理员','127.0.0.1','org.jeecg.modules.system.controller.SysFillRuleController.queryPageList()',NULL,NULL,NULL,28,'admin','2019-12-25 09:32:28',NULL,NULL),('1209648217823760385',2,'填值规则-分页列表查询',1,'admin','管理员','127.0.0.1','org.jeecg.modules.system.controller.SysFillRuleController.queryPageList()',NULL,NULL,NULL,21,'admin','2019-12-25 09:33:04',NULL,NULL),('1209648344894394369',2,'填值规则-批量删除',4,'admin','管理员','127.0.0.1','org.jeecg.modules.system.controller.SysFillRuleController.deleteBatch()',NULL,'[\"1192350056519323649,1192349918153428994,\"]',NULL,23,'admin','2019-12-25 09:33:34',NULL,NULL),('1209648345854889985',2,'填值规则-分页列表查询',1,'admin','管理员','127.0.0.1','org.jeecg.modules.system.controller.SysFillRuleController.queryPageList()',NULL,NULL,NULL,17,'admin','2019-12-25 09:33:34',NULL,NULL),('1209648456588709890',2,'职务表-分页列表查询',1,'admin','管理员','127.0.0.1','org.jeecg.modules.system.controller.SysPositionController.queryPageList()',NULL,NULL,NULL,122,'admin','2019-12-25 09:34:01',NULL,NULL),('1209648997351936002',2,'职务表-分页列表查询',1,'admin','管理员','127.0.0.1','org.jeecg.modules.system.controller.SysPositionController.queryPageList()',NULL,NULL,NULL,24,'admin','2019-12-25 09:36:10',NULL,NULL),('1209649005795069954',2,'职务表-分页列表查询',1,'admin','管理员','127.0.0.1','org.jeecg.modules.system.controller.SysPositionController.queryPageList()',NULL,NULL,NULL,25,'admin','2019-12-25 09:36:12',NULL,NULL),('1209649012203966466',2,'职务表-分页列表查询',1,'admin','管理员','127.0.0.1','org.jeecg.modules.system.controller.SysPositionController.queryPageList()',NULL,NULL,NULL,17,'admin','2019-12-25 09:36:13',NULL,NULL),('1209653324963500034',2,'填值规则-分页列表查询',1,'admin','管理员','127.0.0.1','org.jeecg.modules.system.controller.SysFillRuleController.queryPageList()',NULL,NULL,NULL,19,'admin','2019-12-25 09:53:22',NULL,NULL),('1209653453917376513',2,'填值规则-分页列表查询',1,'admin','管理员','127.0.0.1','org.jeecg.modules.system.controller.SysFillRuleController.queryPageList()',NULL,NULL,NULL,15,'admin','2019-12-25 09:53:52',NULL,NULL),('1209660332378755073',2,'填值规则-分页列表查询',1,'admin','管理员','127.0.0.1','org.jeecg.modules.system.controller.SysFillRuleController.queryPageList()',NULL,NULL,NULL,126,'admin','2019-12-25 10:21:12',NULL,NULL),('1209660342411530241',2,'填值规则-分页列表查询',1,'admin','管理员','127.0.0.1','org.jeecg.modules.system.controller.SysFillRuleController.queryPageList()',NULL,NULL,NULL,26,'admin','2019-12-25 10:21:15',NULL,NULL),('1209672160353783810',2,'职务表-分页列表查询',1,'admin','管理员','127.0.0.1','org.jeecg.modules.system.controller.SysPositionController.queryPageList()',NULL,NULL,NULL,170,'admin','2019-12-25 11:08:12',NULL,NULL),('1209672431796555778',2,'职务表-分页列表查询',1,'admin','管理员','127.0.0.1','org.jeecg.modules.system.controller.SysPositionController.queryPageList()',NULL,NULL,NULL,42,'admin','2019-12-25 11:09:17',NULL,NULL),('1209847153045913602',1,'用户名: admin,登录成功！',NULL,NULL,NULL,'127.0.0.1',NULL,NULL,NULL,NULL,NULL,NULL,'2019-12-25 22:43:34',NULL,NULL),('122edcafd54dd06e12838f41123d9d5d',2,'添加测试DEMO',NULL,'admin','管理员','127.0.0.1','org.jeecg.modules.demo.test.controller.JeecgDemoController.add()',NULL,'[{\"age\":28,\"birthday\":1546617600000,\"createBy\":\"admin\",\"createTime\":1547901234989,\"id\":\"42c08b1a2e5b2a96ffa4cc88383d4b11\",\"name\":\"秦500\",\"punchTime\":1546691611000}]',NULL,21387,'admin','2019-01-19 20:34:11',NULL,NULL),('1231582569151074306',1,'用户名: 管理员,退出成功！',NULL,NULL,NULL,'127.0.0.1',NULL,NULL,NULL,NULL,NULL,NULL,'2020-02-23 22:12:20',NULL,NULL),('1231582603032662018',1,'用户名: admin,登录成功！',NULL,NULL,NULL,'127.0.0.1',NULL,NULL,NULL,NULL,NULL,NULL,'2020-02-23 22:12:29',NULL,NULL),('1231582605322752002',1,'用户名: 管理员,退出成功！',NULL,NULL,NULL,'127.0.0.1',NULL,NULL,NULL,NULL,NULL,NULL,'2020-02-23 22:12:29',NULL,NULL),('1231586195961556994',1,'用户名: admin,登录成功！',NULL,NULL,NULL,'127.0.0.1',NULL,NULL,NULL,NULL,NULL,NULL,'2020-02-23 22:26:45',NULL,NULL),('1231586370448797697',2,'职务表-分页列表查询',1,'admin','管理员','127.0.0.1','org.jeecg.modules.system.controller.SysPositionController.queryPageList()',NULL,NULL,NULL,540,'admin','2020-02-23 22:27:27',NULL,NULL),('1231589034586804226',2,'职务表-分页列表查询',1,'admin','管理员','127.0.0.1','org.jeecg.modules.system.controller.SysPositionController.queryPageList()',NULL,NULL,NULL,37,'admin','2020-02-23 22:38:02',NULL,NULL),('1231589059643576321',2,'编辑用户，id： e9ca23d68d884d4ebb19d07889727dae',2,'admin','管理员','127.0.0.1',NULL,NULL,NULL,NULL,NULL,'admin','2020-02-23 22:38:08',NULL,NULL),('1231590342991548417',2,'填值规则-分页列表查询',1,'admin','管理员','127.0.0.1','org.jeecg.modules.system.controller.SysFillRuleController.queryPageList()',NULL,NULL,NULL,26,'admin','2020-02-23 22:43:14',NULL,NULL),('1231590348280565761',2,'编码校验规则-分页列表查询',1,'admin','管理员','127.0.0.1','org.jeecg.modules.system.controller.SysCheckRuleController.queryPageList()',NULL,NULL,NULL,27,'admin','2020-02-23 22:43:16',NULL,NULL),('1231590455747022850',2,'部门角色-分页列表查询',1,'admin','管理员','127.0.0.1','org.jeecg.modules.system.controller.SysDepartRoleController.queryPageList()',NULL,NULL,NULL,6,'admin','2020-02-23 22:43:41',NULL,NULL),('1231590510293946370',2,'职务表-分页列表查询',1,'admin','管理员','127.0.0.1','org.jeecg.modules.system.controller.SysPositionController.queryPageList()',NULL,NULL,NULL,15,'admin','2020-02-23 22:43:54',NULL,NULL),('1231590533404561410',2,'编辑用户，id： e9ca23d68d884d4ebb19d07889727dae',2,'admin','管理员','127.0.0.1',NULL,NULL,NULL,NULL,NULL,'admin','2020-02-23 22:44:00',NULL,NULL),('1231590588148617218',2,'部门角色-分页列表查询',1,'admin','管理员','127.0.0.1','org.jeecg.modules.system.controller.SysDepartRoleController.queryPageList()',NULL,NULL,NULL,45,'admin','2020-02-23 22:44:13',NULL,NULL),('1231590598588239874',2,'部门角色-分页列表查询',1,'admin','管理员','127.0.0.1','org.jeecg.modules.system.controller.SysDepartRoleController.queryPageList()',NULL,NULL,NULL,8,'admin','2020-02-23 22:44:15',NULL,NULL),('1231590600106577921',2,'部门角色-分页列表查询',1,'admin','管理员','127.0.0.1','org.jeecg.modules.system.controller.SysDepartRoleController.queryPageList()',NULL,NULL,NULL,11,'admin','2020-02-23 22:44:16',NULL,NULL),('1231590978101448705',2,'职务表-分页列表查询',1,'admin','管理员','127.0.0.1','org.jeecg.modules.system.controller.SysPositionController.queryPageList()',NULL,NULL,NULL,17,'admin','2020-02-23 22:45:46',NULL,NULL),('1231591017582432257',2,'多数据源管理-分页列表查询',1,'admin','管理员','127.0.0.1','org.jeecg.modules.system.controller.SysDataSourceController.queryPageList()',NULL,NULL,NULL,41,'admin','2020-02-23 22:45:55',NULL,NULL),('1231593459988566017',2,'部门角色-分页列表查询',1,'admin','管理员','127.0.0.1','org.jeecg.modules.system.controller.SysDepartRoleController.queryPageList()',NULL,NULL,NULL,22,'admin','2020-02-23 22:55:37',NULL,NULL),('1231593466594594817',2,'职务表-分页列表查询',1,'admin','管理员','127.0.0.1','org.jeecg.modules.system.controller.SysPositionController.queryPageList()',NULL,NULL,NULL,13,'admin','2020-02-23 22:55:39',NULL,NULL),('1231593479697600513',2,'职务表-编辑',3,'admin','管理员','127.0.0.1','org.jeecg.modules.system.controller.SysPositionController.edit()',NULL,'[{\"code\":\"devleader\",\"createBy\":\"admin\",\"createTime\":1571370543000,\"id\":\"1185040064792571906\",\"name\":\"研发部经理\",\"postRank\":\"2\",\"sysOrgCode\":\"A01\",\"updateBy\":\"admin\",\"updateTime\":1582469742105}]',NULL,16,'admin','2020-02-23 22:55:42',NULL,NULL),('1231593480725204994',2,'职务表-分页列表查询',1,'admin','管理员','127.0.0.1','org.jeecg.modules.system.controller.SysPositionController.queryPageList()',NULL,NULL,NULL,16,'admin','2020-02-23 22:55:42',NULL,NULL),('1231596465543032834',1,'用户名: admin,登录成功！',NULL,NULL,NULL,'127.0.0.1',NULL,NULL,NULL,NULL,NULL,NULL,'2020-02-23 23:07:33',NULL,NULL),('1231596468936224769',1,'用户名: 管理员,退出成功！',NULL,NULL,NULL,'127.0.0.1',NULL,NULL,NULL,NULL,NULL,NULL,'2020-02-23 23:07:35',NULL,NULL),('1231596595327381506',1,'用户名: admin,登录成功！',NULL,NULL,NULL,'127.0.0.1',NULL,NULL,NULL,NULL,NULL,NULL,'2020-02-23 23:08:05',NULL,NULL),('1231596596799582209',1,'用户名: 管理员,退出成功！',NULL,NULL,NULL,'127.0.0.1',NULL,NULL,NULL,NULL,NULL,NULL,'2020-02-23 23:08:05',NULL,NULL),('1231596742199324674',1,'用户名: admin,登录成功！',NULL,NULL,NULL,'127.0.0.1',NULL,NULL,NULL,NULL,NULL,NULL,'2020-02-23 23:08:40',NULL,NULL),('1231596743692496897',1,'用户名: 管理员,退出成功！',NULL,NULL,NULL,'127.0.0.1',NULL,NULL,NULL,NULL,NULL,NULL,'2020-02-23 23:08:40',NULL,NULL),('1231597287962157057',1,'用户名: admin,登录成功！',NULL,NULL,NULL,'127.0.0.1',NULL,NULL,NULL,NULL,NULL,NULL,'2020-02-23 23:10:49',NULL,NULL),('1231597290327744513',1,'用户名: 管理员,退出成功！',NULL,NULL,NULL,'127.0.0.1',NULL,NULL,NULL,NULL,NULL,NULL,'2020-02-23 23:10:51',NULL,NULL),('1231598580457857025',1,'用户名: admin,登录成功！',NULL,NULL,NULL,'127.0.0.1',NULL,NULL,NULL,NULL,NULL,NULL,'2020-02-23 23:15:57',NULL,NULL),('1231599446049009666',2,'部门角色-分页列表查询',1,'admin','管理员','127.0.0.1','org.jeecg.modules.system.controller.SysDepartRoleController.queryPageList()',NULL,NULL,NULL,62,'admin','2020-02-23 23:19:24',NULL,NULL),('1231599453611339778',2,'部门角色-分页列表查询',1,'admin','管理员','127.0.0.1','org.jeecg.modules.system.controller.SysDepartRoleController.queryPageList()',NULL,NULL,NULL,17,'admin','2020-02-23 23:19:26',NULL,NULL),('1231599534171336706',2,'职务表-分页列表查询',1,'admin','管理员','127.0.0.1','org.jeecg.modules.system.controller.SysPositionController.queryPageList()',NULL,NULL,NULL,25,'admin','2020-02-23 23:19:46',NULL,NULL),('1231599542991958018',2,'部门角色-分页列表查询',1,'admin','管理员','127.0.0.1','org.jeecg.modules.system.controller.SysDepartRoleController.queryPageList()',NULL,NULL,NULL,23,'admin','2020-02-23 23:19:48',NULL,NULL),('1231615277050998786',1,'用户名: 管理员,退出成功！',NULL,NULL,NULL,'127.0.0.1',NULL,NULL,NULL,NULL,NULL,NULL,'2020-02-24 00:22:19',NULL,NULL),('1231615300820119553',1,'用户名: admin,登录成功！',NULL,NULL,NULL,'127.0.0.1',NULL,NULL,NULL,NULL,NULL,NULL,'2020-02-24 00:22:25',NULL,NULL),('1231645918777962498',1,'用户名: admin,登录成功！',NULL,NULL,NULL,'127.0.0.1',NULL,NULL,NULL,NULL,NULL,NULL,'2020-02-24 02:24:04',NULL,NULL),('1231660660535951362',1,'用户名: admin,登录成功！',NULL,NULL,NULL,'127.0.0.1',NULL,NULL,NULL,NULL,NULL,NULL,'2020-02-24 03:22:39',NULL,NULL),('1231772559046967297',1,'用户名: 管理员,退出成功！',NULL,NULL,NULL,'127.0.0.1',NULL,NULL,NULL,NULL,NULL,NULL,'2020-02-24 10:47:18',NULL,NULL),('1231772634972258306',1,'用户名: admin,登录成功！',NULL,NULL,NULL,'127.0.0.1',NULL,NULL,NULL,NULL,NULL,NULL,'2020-02-24 10:47:36',NULL,NULL),('1231872139147202561',2,'填值规则-分页列表查询',1,'admin','管理员','127.0.0.1','org.jeecg.modules.system.controller.SysFillRuleController.queryPageList()',NULL,NULL,NULL,294,'admin','2020-02-24 17:23:00',NULL,NULL),('1231872145841311746',2,'编码校验规则-分页列表查询',1,'admin','管理员','127.0.0.1','org.jeecg.modules.system.controller.SysCheckRuleController.queryPageList()',NULL,NULL,NULL,98,'admin','2020-02-24 17:23:01',NULL,NULL),('1231872154540298242',2,'多数据源管理-分页列表查询',1,'admin','管理员','127.0.0.1','org.jeecg.modules.system.controller.SysDataSourceController.queryPageList()',NULL,NULL,NULL,334,'admin','2020-02-24 17:23:03',NULL,NULL),('1231888100260655106',1,'用户名: admin,登录成功！',NULL,NULL,NULL,'127.0.0.1',NULL,NULL,NULL,NULL,NULL,NULL,'2020-02-24 18:26:24',NULL,NULL),('1232120592192311297',1,'用户名: 管理员,退出成功！',NULL,NULL,NULL,'127.0.0.1',NULL,NULL,NULL,NULL,NULL,NULL,'2020-02-25 09:50:15',NULL,NULL),('1232121930921873409',1,'用户名: admin,登录成功！',NULL,NULL,NULL,'127.0.0.1',NULL,NULL,NULL,NULL,NULL,NULL,'2020-02-25 09:55:35',NULL,NULL),('1232123986592206850',2,'职务表-分页列表查询',1,'admin','管理员','127.0.0.1','org.jeecg.modules.system.controller.SysPositionController.queryPageList()',NULL,NULL,NULL,48,'admin','2020-02-25 10:03:45',NULL,NULL),('1232124039033589761',2,'编辑用户，id： a75d45a015c44384a04449ee80dc3503',2,'admin','管理员','127.0.0.1',NULL,NULL,NULL,NULL,NULL,'admin','2020-02-25 10:03:57',NULL,NULL),('1232124050710532098',1,'用户名: 管理员,退出成功！',NULL,NULL,NULL,'127.0.0.1',NULL,NULL,NULL,NULL,NULL,NULL,'2020-02-25 10:04:00',NULL,NULL),('1232124114992435202',1,'用户名: jeecg,登录成功！',NULL,NULL,NULL,'127.0.0.1',NULL,NULL,NULL,NULL,NULL,NULL,'2020-02-25 10:04:15',NULL,NULL),('1232124523609919489',1,'用户名: jeecg,退出成功！',NULL,NULL,NULL,'127.0.0.1',NULL,NULL,NULL,NULL,NULL,NULL,'2020-02-25 10:05:53',NULL,NULL),('1232124588416110593',1,'用户名: admin,登录成功！',NULL,NULL,NULL,'127.0.0.1',NULL,NULL,NULL,NULL,NULL,NULL,'2020-02-25 10:06:08',NULL,NULL),('1232125009155133442',1,'用户名: 管理员,退出成功！',NULL,NULL,NULL,'127.0.0.1',NULL,NULL,NULL,NULL,NULL,NULL,'2020-02-25 10:07:49',NULL,NULL),('1232125087760584706',1,'用户名: jeecg,登录成功！',NULL,NULL,NULL,'127.0.0.1',NULL,NULL,NULL,NULL,NULL,NULL,'2020-02-25 10:08:07',NULL,NULL),('1232125284058206209',1,'用户名: jeecg,退出成功！',NULL,NULL,NULL,'127.0.0.1',NULL,NULL,NULL,NULL,NULL,NULL,'2020-02-25 10:08:54',NULL,NULL),('1232125346289094658',1,'用户名: admin,登录成功！',NULL,NULL,NULL,'127.0.0.1',NULL,NULL,NULL,NULL,NULL,NULL,'2020-02-25 10:09:09',NULL,NULL),('1232125555614224385',1,'用户名: 管理员,退出成功！',NULL,NULL,NULL,'127.0.0.1',NULL,NULL,NULL,NULL,NULL,NULL,'2020-02-25 10:09:59',NULL,NULL),('1232125615475331073',1,'用户名: jeecg,登录成功！',NULL,NULL,NULL,'127.0.0.1',NULL,NULL,NULL,NULL,NULL,NULL,'2020-02-25 10:10:13',NULL,NULL),('1232125831045779457',1,'用户名: jeecg,退出成功！',NULL,NULL,NULL,'127.0.0.1',NULL,NULL,NULL,NULL,NULL,NULL,'2020-02-25 10:11:05',NULL,NULL),('1232230001392308226',1,'用户名: jeecg测试,退出成功！',NULL,NULL,NULL,'127.0.0.1',NULL,NULL,NULL,NULL,NULL,NULL,'2020-02-25 17:05:00',NULL,NULL),('1232230077393096705',1,'用户名: admin,登录成功！',NULL,NULL,NULL,'127.0.0.1',NULL,NULL,NULL,NULL,NULL,NULL,'2020-02-25 17:05:19',NULL,NULL),('1232231182843883522',1,'用户名: 管理员,退出成功！',NULL,NULL,NULL,'127.0.0.1',NULL,NULL,NULL,NULL,NULL,NULL,'2020-02-25 17:09:42',NULL,NULL),('1232231223797067777',1,'用户名: jeecg,登录成功！',NULL,NULL,NULL,'127.0.0.1',NULL,NULL,NULL,NULL,NULL,NULL,'2020-02-25 17:09:52',NULL,NULL),('1235143593301209090',1,'用户名: admin,登录成功！',NULL,NULL,NULL,'127.0.0.1',NULL,NULL,NULL,NULL,NULL,NULL,'2020-03-04 18:02:34',NULL,NULL),('1235170990046130178',1,'用户名: admin,登录成功！',NULL,NULL,NULL,'127.0.0.1',NULL,NULL,NULL,NULL,NULL,NULL,'2020-03-04 19:51:26',NULL,NULL),('1235202803376402433',1,'用户名: 管理员,退出成功！',NULL,NULL,NULL,'127.0.0.1',NULL,NULL,NULL,NULL,NULL,NULL,'2020-03-04 21:57:52',NULL,NULL),('1235202873094123522',1,'用户名: admin,登录成功！',NULL,NULL,NULL,'127.0.0.1',NULL,NULL,NULL,NULL,NULL,NULL,'2020-03-04 21:58:09',NULL,NULL),('1241cf8e9fd0e28478a07bf755f528c5',1,'用户名: admin,登录成功！',NULL,NULL,NULL,'127.0.0.1',NULL,NULL,NULL,NULL,NULL,'jeecg-boot','2019-02-25 10:51:12',NULL,NULL),('1256482167137071106',1,'用户名: 管理员,退出成功！',NULL,NULL,NULL,'127.0.0.1',NULL,NULL,NULL,NULL,NULL,NULL,'2020-05-02 15:14:27',NULL,NULL),('1256483667833794561',1,'用户名: admin,登录成功！',NULL,NULL,NULL,'127.0.0.1',NULL,NULL,NULL,NULL,NULL,NULL,'2020-05-02 15:20:25',NULL,NULL),('1256484419314659330',2,'职务表-分页列表查询',1,'admin','管理员','127.0.0.1','org.jeecg.modules.system.controller.SysPositionController.queryPageList()',NULL,'  sysPosition: SysPosition(id=null, code=null, name=null, postRank=null, companyId=null, createBy=null, createTime=null, updateBy=null, updateTime=null, sysOrgCode=null)  pageNo: 1  pageSize: 10  req: org.apache.shiro.web.servlet.ShiroHttpServletRequest@38dd4fee',NULL,55,'admin','2020-05-02 15:23:25',NULL,NULL),('1256484434414153729',2,'职务表-分页列表查询',1,'admin','管理员','127.0.0.1','org.jeecg.modules.system.controller.SysPositionController.queryPageList()',NULL,'  sysPosition: SysPosition(id=null, code=null, name=null, postRank=null, companyId=null, createBy=null, createTime=null, updateBy=null, updateTime=null, sysOrgCode=null)  pageNo: 1  pageSize: 99999  req: org.apache.shiro.web.servlet.ShiroHttpServletRequest@1edaf52d',NULL,25,'admin','2020-05-02 15:23:28',NULL,NULL),('1256485080102170625',2,'职务表-分页列表查询',1,'admin','管理员','127.0.0.1','org.jeecg.modules.system.controller.SysPositionController.queryPageList()',NULL,'  sysPosition: SysPosition(id=null, code=null, name=null, postRank=null, companyId=null, createBy=null, createTime=null, updateBy=null, updateTime=null, sysOrgCode=null)  pageNo: 1  pageSize: 5  req: org.apache.shiro.web.servlet.ShiroHttpServletRequest@20123ff4',NULL,53,'admin','2020-05-02 15:26:01',NULL,NULL),('1256485085294718978',2,'编辑用户，id： e9ca23d68d884d4ebb19d07889727dae',2,'admin','管理员','127.0.0.1',NULL,NULL,NULL,NULL,NULL,'admin','2020-05-02 15:26:03',NULL,NULL),('1256485469157421057',2,'编辑用户，id： e9ca23d68d884d4ebb19d07889727dae',2,'admin','管理员','127.0.0.1',NULL,NULL,NULL,NULL,NULL,'admin','2020-05-02 15:27:35',NULL,NULL),('1256485494486822914',2,'职务表-分页列表查询',1,'admin','管理员','127.0.0.1','org.jeecg.modules.system.controller.SysPositionController.queryPageList()',NULL,'  sysPosition: SysPosition(id=null, code=null, name=null, postRank=null, companyId=null, createBy=null, createTime=null, updateBy=null, updateTime=null, sysOrgCode=null)  pageNo: 1  pageSize: 10  req: org.apache.shiro.web.servlet.ShiroHttpServletRequest@3773cfae',NULL,25,'admin','2020-05-02 15:27:41',NULL,NULL),('1256485574329593858',2,'职务表-添加',2,'admin','管理员','127.0.0.1','org.jeecg.modules.system.controller.SysPositionController.add()',NULL,'[{\"code\":\"总经理\",\"createBy\":\"admin\",\"createTime\":1588404479920,\"id\":\"1256485574212153345\",\"name\":\"laozong\",\"postRank\":\"5\",\"sysOrgCode\":\"北京国炬公司\"}]',NULL,12,'admin','2020-05-02 15:28:00',NULL,NULL),('1256485574790967298',2,'职务表-分页列表查询',1,'admin','管理员','127.0.0.1','org.jeecg.modules.system.controller.SysPositionController.queryPageList()',NULL,'  sysPosition: SysPosition(id=null, code=null, name=null, postRank=null, companyId=null, createBy=null, createTime=null, updateBy=null, updateTime=null, sysOrgCode=null)  pageNo: 1  pageSize: 10  req: org.apache.shiro.web.servlet.ShiroHttpServletRequest@4df33d14',NULL,59,'admin','2020-05-02 15:28:00',NULL,NULL),('1256485587097055234',2,'职务表-编辑',3,'admin','管理员','127.0.0.1','org.jeecg.modules.system.controller.SysPositionController.edit()',NULL,'[{\"code\":\"总经理\",\"createBy\":\"admin\",\"createTime\":1588404480000,\"id\":\"1256485574212153345\",\"name\":\"laozong\",\"postRank\":\"5\",\"sysOrgCode\":\"北京国炬公司\",\"updateBy\":\"admin\",\"updateTime\":1588404482983}]',NULL,17,'admin','2020-05-02 15:28:03',NULL,NULL),('1256485587436793858',2,'职务表-分页列表查询',1,'admin','管理员','127.0.0.1','org.jeecg.modules.system.controller.SysPositionController.queryPageList()',NULL,'  sysPosition: SysPosition(id=null, code=null, name=null, postRank=null, companyId=null, createBy=null, createTime=null, updateBy=null, updateTime=null, sysOrgCode=null)  pageNo: 1  pageSize: 10  req: org.apache.shiro.web.servlet.ShiroHttpServletRequest@34437d6a',NULL,20,'admin','2020-05-02 15:28:03',NULL,NULL),('1256485616851447809',2,'职务表-添加',2,'admin','管理员','127.0.0.1','org.jeecg.modules.system.controller.SysPositionController.add()',NULL,'[{\"code\":\"1\",\"createBy\":\"admin\",\"createTime\":1588404490080,\"id\":\"1256485616817893378\",\"name\":\"1\",\"postRank\":\"1\",\"sysOrgCode\":\"北京国炬公司\"}]',NULL,8,'admin','2020-05-02 15:28:10',NULL,NULL),('1256485617317015554',2,'职务表-分页列表查询',1,'admin','管理员','127.0.0.1','org.jeecg.modules.system.controller.SysPositionController.queryPageList()',NULL,'  sysPosition: SysPosition(id=null, code=null, name=null, postRank=null, companyId=null, createBy=null, createTime=null, updateBy=null, updateTime=null, sysOrgCode=null)  pageNo: 1  pageSize: 10  req: org.apache.shiro.web.servlet.ShiroHttpServletRequest@65ab758f',NULL,34,'admin','2020-05-02 15:28:10',NULL,NULL),('1256485628339646465',2,'职务表-通过id删除',4,'admin','管理员','127.0.0.1','org.jeecg.modules.system.controller.SysPositionController.delete()',NULL,'  id: 1256485616817893378',NULL,8,'admin','2020-05-02 15:28:13',NULL,NULL),('1256485628721328129',2,'职务表-分页列表查询',1,'admin','管理员','127.0.0.1','org.jeecg.modules.system.controller.SysPositionController.queryPageList()',NULL,'  sysPosition: SysPosition(id=null, code=null, name=null, postRank=null, companyId=null, createBy=null, createTime=null, updateBy=null, updateTime=null, sysOrgCode=null)  pageNo: 1  pageSize: 10  req: org.apache.shiro.web.servlet.ShiroHttpServletRequest@63ed8b8',NULL,19,'admin','2020-05-02 15:28:13',NULL,NULL),('1256485878894784514',2,'职务表-分页列表查询',1,'admin','管理员','127.0.0.1','org.jeecg.modules.system.controller.SysPositionController.queryPageList()',NULL,'  sysPosition: SysPosition(id=null, code=null, name=null, postRank=null, companyId=null, createBy=null, createTime=null, updateBy=null, updateTime=null, sysOrgCode=null)  pageNo: 1  pageSize: 10  req: org.apache.shiro.web.servlet.ShiroHttpServletRequest@5eee71e7',NULL,25,'admin','2020-05-02 15:29:13',NULL,NULL),('1256485915808854017',2,'职务表-分页列表查询',1,'admin','管理员','127.0.0.1','org.jeecg.modules.system.controller.SysPositionController.queryPageList()',NULL,'  sysPosition: SysPosition(id=null, code=null, name=null, postRank=null, companyId=null, createBy=null, createTime=null, updateBy=null, updateTime=null, sysOrgCode=null)  pageNo: 1  pageSize: 10  req: org.apache.shiro.web.servlet.ShiroHttpServletRequest@55d170fd',NULL,21,'admin','2020-05-02 15:29:21',NULL,NULL),('1256487060673490946',2,'职务表-分页列表查询',1,'admin','管理员','127.0.0.1','org.jeecg.modules.system.controller.SysPositionController.queryPageList()',NULL,'  sysPosition: SysPosition(id=null, code=null, name=null, postRank=null, companyId=null, createBy=null, createTime=null, updateBy=null, updateTime=null, sysOrgCode=null)  pageNo: 1  pageSize: 99999  req: org.apache.shiro.web.servlet.ShiroHttpServletRequest@70eaa8bc',NULL,20,'admin','2020-05-02 15:33:54',NULL,NULL),('1256487125404184577',2,'职务表-分页列表查询',1,'admin','管理员','127.0.0.1','org.jeecg.modules.system.controller.SysPositionController.queryPageList()',NULL,'  sysPosition: SysPosition(id=null, code=null, name=null, postRank=null, companyId=null, createBy=null, createTime=null, updateBy=null, updateTime=null, sysOrgCode=null)  pageNo: 1  pageSize: 5  req: org.apache.shiro.web.servlet.ShiroHttpServletRequest@3bc7b343',NULL,14,'admin','2020-05-02 15:34:10',NULL,NULL),('1256487161898823682',2,'编辑用户，id： a75d45a015c44384a04449ee80dc3503',2,'admin','管理员','127.0.0.1',NULL,NULL,NULL,NULL,NULL,'admin','2020-05-02 15:34:18',NULL,NULL),('1256487210473058305',2,'编辑用户，id： a75d45a015c44384a04449ee80dc3503',2,'admin','管理员','127.0.0.1',NULL,NULL,NULL,NULL,NULL,'admin','2020-05-02 15:34:30',NULL,NULL),('1256487242727256066',2,'删除用户，id： 42d153bffeea74f72a9c1697874fa4a7',3,'admin','管理员','127.0.0.1',NULL,NULL,NULL,NULL,NULL,'admin','2020-05-02 15:34:38',NULL,NULL),('1256487299895619585',2,'编辑用户，id： f0019fdebedb443c98dcb17d88222c38',2,'admin','管理员','127.0.0.1',NULL,NULL,NULL,NULL,NULL,'admin','2020-05-02 15:34:51',NULL,NULL),('1256488477320638466',2,'职务表-分页列表查询',1,'admin','管理员','127.0.0.1','org.jeecg.modules.system.controller.SysPositionController.queryPageList()',NULL,'  sysPosition: SysPosition(id=null, code=null, name=null, postRank=null, companyId=null, createBy=null, createTime=null, updateBy=null, updateTime=null, sysOrgCode=null)  pageNo: 1  pageSize: 10  req: org.apache.shiro.web.servlet.ShiroHttpServletRequest@7a60531e',NULL,25,'admin','2020-05-02 15:39:32',NULL,NULL),('1256488490658525186',2,'职务表-分页列表查询',1,'admin','管理员','127.0.0.1','org.jeecg.modules.system.controller.SysPositionController.queryPageList()',NULL,'  sysPosition: SysPosition(id=null, code=null, name=null, postRank=null, companyId=null, createBy=null, createTime=null, updateBy=null, updateTime=null, sysOrgCode=null)  pageNo: 1  pageSize: 10  req: org.apache.shiro.web.servlet.ShiroHttpServletRequest@2d83211b',NULL,17,'admin','2020-05-02 15:39:35',NULL,NULL),('1256489011385561089',2,'职务表-分页列表查询',1,'admin','管理员','127.0.0.1','org.jeecg.modules.system.controller.SysPositionController.queryPageList()',NULL,'  sysPosition: SysPosition(id=null, code=null, name=null, postRank=null, companyId=null, createBy=null, createTime=null, updateBy=null, updateTime=null, sysOrgCode=null)  pageNo: 1  pageSize: 5  req: org.apache.shiro.web.servlet.ShiroHttpServletRequest@4c2899e6',NULL,13,'admin','2020-05-02 15:41:39',NULL,NULL),('1256489680158945281',2,'职务表-分页列表查询',1,'admin','管理员','127.0.0.1','org.jeecg.modules.system.controller.SysPositionController.queryPageList()',NULL,'  sysPosition: SysPosition(id=null, code=null, name=null, postRank=null, companyId=null, createBy=null, createTime=null, updateBy=null, updateTime=null, sysOrgCode=null)  pageNo: 1  pageSize: 5  req: org.apache.shiro.web.servlet.ShiroHttpServletRequest@e1ab519',NULL,24,'admin','2020-05-02 15:44:19',NULL,NULL),('1256489882299232258',2,'职务表-分页列表查询',1,'admin','管理员','127.0.0.1','org.jeecg.modules.system.controller.SysPositionController.queryPageList()',NULL,'  sysPosition: SysPosition(id=null, code=null, name=null, postRank=null, companyId=null, createBy=null, createTime=null, updateBy=null, updateTime=null, sysOrgCode=null)  pageNo: 1  pageSize: 5  req: org.apache.shiro.web.servlet.ShiroHttpServletRequest@4694c325',NULL,13,'admin','2020-05-02 15:45:07',NULL,NULL),('1256490012620451841',2,'职务表-分页列表查询',1,'admin','管理员','127.0.0.1','org.jeecg.modules.system.controller.SysPositionController.queryPageList()',NULL,'  sysPosition: SysPosition(id=null, code=null, name=null, postRank=null, companyId=null, createBy=null, createTime=null, updateBy=null, updateTime=null, sysOrgCode=null)  pageNo: 1  pageSize: 5  req: org.apache.shiro.web.servlet.ShiroHttpServletRequest@612705a8',NULL,16,'admin','2020-05-02 15:45:38',NULL,NULL),('1256490056123772929',2,'职务表-分页列表查询',1,'admin','管理员','127.0.0.1','org.jeecg.modules.system.controller.SysPositionController.queryPageList()',NULL,'  sysPosition: SysPosition(id=null, code=null, name=null, postRank=null, companyId=null, createBy=null, createTime=null, updateBy=null, updateTime=null, sysOrgCode=null)  pageNo: 1  pageSize: 5  req: org.apache.shiro.web.servlet.ShiroHttpServletRequest@57f572e8',NULL,14,'admin','2020-05-02 15:45:48',NULL,NULL),('1256490157718204417',2,'职务表-分页列表查询',1,'admin','管理员','127.0.0.1','org.jeecg.modules.system.controller.SysPositionController.queryPageList()',NULL,'  sysPosition: SysPosition(id=null, code=null, name=null, postRank=null, companyId=null, createBy=null, createTime=null, updateBy=null, updateTime=null, sysOrgCode=null)  pageNo: 1  pageSize: 5  req: org.apache.shiro.web.servlet.ShiroHttpServletRequest@534d6ebf',NULL,16,'admin','2020-05-02 15:46:13',NULL,NULL),('1256490172926750722',2,'职务表-分页列表查询',1,'admin','管理员','127.0.0.1','org.jeecg.modules.system.controller.SysPositionController.queryPageList()',NULL,'  sysPosition: SysPosition(id=null, code=null, name=null, postRank=null, companyId=null, createBy=null, createTime=null, updateBy=null, updateTime=null, sysOrgCode=null)  pageNo: 1  pageSize: 5  req: org.apache.shiro.web.servlet.ShiroHttpServletRequest@351222f2',NULL,19,'admin','2020-05-02 15:46:16',NULL,NULL),('1256490193340428289',2,'职务表-分页列表查询',1,'admin','管理员','127.0.0.1','org.jeecg.modules.system.controller.SysPositionController.queryPageList()',NULL,'  sysPosition: SysPosition(id=null, code=null, name=null, postRank=null, companyId=null, createBy=null, createTime=null, updateBy=null, updateTime=null, sysOrgCode=null)  pageNo: 1  pageSize: 5  req: org.apache.shiro.web.servlet.ShiroHttpServletRequest@52a9a2e6',NULL,20,'admin','2020-05-02 15:46:21',NULL,NULL),('1256490829935112194',2,'职务表-分页列表查询',1,'admin','管理员','127.0.0.1','org.jeecg.modules.system.controller.SysPositionController.queryPageList()',NULL,'  sysPosition: SysPosition(id=null, code=null, name=null, postRank=null, companyId=null, createBy=null, createTime=null, updateBy=null, updateTime=null, sysOrgCode=null)  pageNo: 1  pageSize: 5  req: org.apache.shiro.web.servlet.ShiroHttpServletRequest@6d54e7ee',NULL,12,'admin','2020-05-02 15:48:53',NULL,NULL),('1256490944309587970',2,'职务表-分页列表查询',1,'admin','管理员','127.0.0.1','org.jeecg.modules.system.controller.SysPositionController.queryPageList()',NULL,'  sysPosition: SysPosition(id=null, code=null, name=null, postRank=null, companyId=null, createBy=null, createTime=null, updateBy=null, updateTime=null, sysOrgCode=null)  pageNo: 1  pageSize: 5  req: org.apache.shiro.web.servlet.ShiroHttpServletRequest@62629cc6',NULL,16,'admin','2020-05-02 15:49:20',NULL,NULL),('1256490967088852994',2,'职务表-分页列表查询',1,'admin','管理员','127.0.0.1','org.jeecg.modules.system.controller.SysPositionController.queryPageList()',NULL,'  sysPosition: SysPosition(id=null, code=null, name=null, postRank=null, companyId=null, createBy=null, createTime=null, updateBy=null, updateTime=null, sysOrgCode=null)  pageNo: 1  pageSize: 5  req: org.apache.shiro.web.servlet.ShiroHttpServletRequest@8c9d2b1',NULL,11,'admin','2020-05-02 15:49:26',NULL,NULL),('1256491122944995330',2,'职务表-分页列表查询',1,'admin','管理员','127.0.0.1','org.jeecg.modules.system.controller.SysPositionController.queryPageList()',NULL,'  sysPosition: SysPosition(id=null, code=null, name=null, postRank=null, companyId=null, createBy=null, createTime=null, updateBy=null, updateTime=null, sysOrgCode=null)  pageNo: 1  pageSize: 5  req: org.apache.shiro.web.servlet.ShiroHttpServletRequest@3732988a',NULL,15,'admin','2020-05-02 15:50:03',NULL,NULL),('1256491834928099329',2,'职务表-分页列表查询',1,'admin','管理员','127.0.0.1','org.jeecg.modules.system.controller.SysPositionController.queryPageList()',NULL,'  sysPosition: SysPosition(id=null, code=null, name=null, postRank=null, companyId=null, createBy=null, createTime=null, updateBy=null, updateTime=null, sysOrgCode=null)  pageNo: 1  pageSize: 5  req: org.apache.shiro.web.servlet.ShiroHttpServletRequest@431d17a8',NULL,13,'admin','2020-05-02 15:52:53',NULL,NULL),('1256491996039704578',2,'职务表-分页列表查询',1,'admin','管理员','127.0.0.1','org.jeecg.modules.system.controller.SysPositionController.queryPageList()',NULL,'  sysPosition: SysPosition(id=null, code=null, name=null, postRank=null, companyId=null, createBy=null, createTime=null, updateBy=null, updateTime=null, sysOrgCode=null)  pageNo: 1  pageSize: 5  req: org.apache.shiro.web.servlet.ShiroHttpServletRequest@5f5721f1',NULL,12,'admin','2020-05-02 15:53:31',NULL,NULL),('1256492339301543938',2,'职务表-分页列表查询',1,'admin','管理员','127.0.0.1','org.jeecg.modules.system.controller.SysPositionController.queryPageList()',NULL,'  sysPosition: SysPosition(id=null, code=null, name=null, postRank=null, companyId=null, createBy=null, createTime=null, updateBy=null, updateTime=null, sysOrgCode=null)  pageNo: 1  pageSize: 5  req: org.apache.shiro.web.servlet.ShiroHttpServletRequest@2dd65164',NULL,22,'admin','2020-05-02 15:54:53',NULL,NULL),('1256492360629579778',2,'职务表-分页列表查询',1,'admin','管理员','127.0.0.1','org.jeecg.modules.system.controller.SysPositionController.queryPageList()',NULL,'  sysPosition: SysPosition(id=null, code=null, name=null, postRank=null, companyId=null, createBy=null, createTime=null, updateBy=null, updateTime=null, sysOrgCode=null)  pageNo: 1  pageSize: 5  req: org.apache.shiro.web.servlet.ShiroHttpServletRequest@739b8264',NULL,25,'admin','2020-05-02 15:54:58',NULL,NULL),('1256492389415088130',2,'职务表-分页列表查询',1,'admin','管理员','127.0.0.1','org.jeecg.modules.system.controller.SysPositionController.queryPageList()',NULL,'  sysPosition: SysPosition(id=null, code=null, name=null, postRank=null, companyId=null, createBy=null, createTime=null, updateBy=null, updateTime=null, sysOrgCode=null)  pageNo: 1  pageSize: 5  req: org.apache.shiro.web.servlet.ShiroHttpServletRequest@16b523ad',NULL,18,'admin','2020-05-02 15:55:05',NULL,NULL),('1256493213293834242',2,'职务表-分页列表查询',1,'admin','管理员','127.0.0.1','org.jeecg.modules.system.controller.SysPositionController.queryPageList()',NULL,'  sysPosition: SysPosition(id=null, code=null, name=null, postRank=null, companyId=null, createBy=null, createTime=null, updateBy=null, updateTime=null, sysOrgCode=null)  pageNo: 1  pageSize: 5  req: org.apache.shiro.web.servlet.ShiroHttpServletRequest@4467f24e',NULL,15,'admin','2020-05-02 15:58:21',NULL,NULL),('1256493329329254401',2,'职务表-分页列表查询',1,'admin','管理员','127.0.0.1','org.jeecg.modules.system.controller.SysPositionController.queryPageList()',NULL,'  sysPosition: SysPosition(id=null, code=null, name=null, postRank=null, companyId=null, createBy=null, createTime=null, updateBy=null, updateTime=null, sysOrgCode=null)  pageNo: 1  pageSize: 5  req: org.apache.shiro.web.servlet.ShiroHttpServletRequest@e0ddd58',NULL,18,'admin','2020-05-02 15:58:49',NULL,NULL),('1256493354331500545',2,'职务表-分页列表查询',1,'admin','管理员','127.0.0.1','org.jeecg.modules.system.controller.SysPositionController.queryPageList()',NULL,'  sysPosition: SysPosition(id=null, code=null, name=null, postRank=null, companyId=null, createBy=null, createTime=null, updateBy=null, updateTime=null, sysOrgCode=null)  pageNo: 1  pageSize: 5  req: org.apache.shiro.web.servlet.ShiroHttpServletRequest@441b74f0',NULL,15,'admin','2020-05-02 15:58:55',NULL,NULL),('1256493373541412866',2,'职务表-分页列表查询',1,'admin','管理员','127.0.0.1','org.jeecg.modules.system.controller.SysPositionController.queryPageList()',NULL,'  sysPosition: SysPosition(id=null, code=null, name=null, postRank=null, companyId=null, createBy=null, createTime=null, updateBy=null, updateTime=null, sysOrgCode=null)  pageNo: 1  pageSize: 5  req: org.apache.shiro.web.servlet.ShiroHttpServletRequest@57c50dd7',NULL,12,'admin','2020-05-02 15:58:59',NULL,NULL),('1256527132428972033',2,'职务表-分页列表查询',1,'admin','管理员','127.0.0.1','org.jeecg.modules.system.controller.SysPositionController.queryPageList()',NULL,'  sysPosition: SysPosition(id=null, code=null, name=null, postRank=null, companyId=null, createBy=null, createTime=null, updateBy=null, updateTime=null, sysOrgCode=null)  pageNo: 1  pageSize: 5  req: org.apache.shiro.web.servlet.ShiroHttpServletRequest@7e667652',NULL,541,'admin','2020-05-02 18:13:08',NULL,NULL),('1256527391850868737',2,'编辑DEMO',3,'admin','管理员','127.0.0.1','org.jeecg.modules.demo.test.controller.JeecgDemoController.edit()',NULL,'[{\"createBy\":\"jeecg-boot\",\"createTime\":1553768199000,\"id\":\"73bc58611012617ca446d8999379e4ac\",\"keyWord\":\"777\",\"name\":\"郭靖\",\"punchTime\":1544112000000,\"updateBy\":\"admin\",\"updateTime\":1588414449977}]',NULL,11,'admin','2020-05-02 18:14:10',NULL,NULL),('1256527408170905601',2,'编辑DEMO',3,'admin','管理员','127.0.0.1','org.jeecg.modules.demo.test.controller.JeecgDemoController.edit()',NULL,'[{\"createBy\":\"jeecg-boot\",\"createTime\":1553768199000,\"id\":\"73bc58611012617ca446d8999379e4ac\",\"keyWord\":\"777\",\"name\":\"郭靖\",\"punchTime\":1544112000000,\"sex\":\"1\",\"updateBy\":\"admin\",\"updateTime\":1588414453907}]',NULL,7,'admin','2020-05-02 18:14:14',NULL,NULL),('1256527447572197378',2,'删除测试DEMO',4,'admin','管理员','127.0.0.1','org.jeecg.modules.demo.test.controller.JeecgDemoController.delete()',NULL,'  id: c0b7c3de7c62a295ab715943de8a315d',NULL,7,'admin','2020-05-02 18:14:23',NULL,NULL),('1256527487334199297',2,'编辑DEMO',3,'admin','管理员','127.0.0.1','org.jeecg.modules.demo.test.controller.JeecgDemoController.edit()',NULL,'[{\"createBy\":\"scott\",\"createTime\":1547873698000,\"id\":\"94420c5d8fc4420dde1e7196154b3a24\",\"name\":\"秦风\",\"sex\":\"2\",\"updateBy\":\"admin\",\"updateTime\":1588414472782}]',NULL,6,'admin','2020-05-02 18:14:33',NULL,NULL),('1256528708895879170',2,'职务表-分页列表查询',1,'admin','管理员','127.0.0.1','org.jeecg.modules.system.controller.SysPositionController.queryPageList()',NULL,'  sysPosition: SysPosition(id=null, code=null, name=null, postRank=null, companyId=null, createBy=null, createTime=null, updateBy=null, updateTime=null, sysOrgCode=null)  pageNo: 1  pageSize: 99999  req: org.apache.shiro.web.servlet.ShiroHttpServletRequest@3ec5357c',NULL,24,'admin','2020-05-02 18:19:24',NULL,NULL),('1256528740931973122',2,'职务表-分页列表查询',1,'admin','管理员','127.0.0.1','org.jeecg.modules.system.controller.SysPositionController.queryPageList()',NULL,'  sysPosition: SysPosition(id=null, code=null, name=null, postRank=null, companyId=null, createBy=null, createTime=null, updateBy=null, updateTime=null, sysOrgCode=null)  pageNo: 1  pageSize: 5  req: org.apache.shiro.web.servlet.ShiroHttpServletRequest@20a782a2',NULL,16,'admin','2020-05-02 18:19:32',NULL,NULL),('1256528778097700866',2,'编辑用户，id： e9ca23d68d884d4ebb19d07889727dae',2,'admin','管理员','127.0.0.1',NULL,NULL,NULL,NULL,NULL,'admin','2020-05-02 18:19:41',NULL,NULL),('1256529143853592577',2,'职务表-分页列表查询',1,'admin','管理员','127.0.0.1','org.jeecg.modules.system.controller.SysPositionController.queryPageList()',NULL,'  sysPosition: SysPosition(id=null, code=null, name=null, postRank=null, companyId=null, createBy=null, createTime=null, updateBy=null, updateTime=null, sysOrgCode=null)  pageNo: 1  pageSize: 99999  req: org.apache.shiro.web.servlet.ShiroHttpServletRequest@53b67601',NULL,15,'admin','2020-05-02 18:21:08',NULL,NULL),('1256529179186409473',2,'职务表-分页列表查询',1,'admin','管理员','127.0.0.1','org.jeecg.modules.system.controller.SysPositionController.queryPageList()',NULL,'  sysPosition: SysPosition(id=null, code=null, name=null, postRank=null, companyId=null, createBy=null, createTime=null, updateBy=null, updateTime=null, sysOrgCode=null)  pageNo: 1  pageSize: 99999  req: org.apache.shiro.web.servlet.ShiroHttpServletRequest@4034ff3d',NULL,14,'admin','2020-05-02 18:21:16',NULL,NULL),('1256529242847555585',2,'职务表-分页列表查询',1,'admin','管理员','127.0.0.1','org.jeecg.modules.system.controller.SysPositionController.queryPageList()',NULL,'  sysPosition: SysPosition(id=null, code=null, name=null, postRank=null, companyId=null, createBy=null, createTime=null, updateBy=null, updateTime=null, sysOrgCode=null)  pageNo: 1  pageSize: 10  req: org.apache.shiro.web.servlet.ShiroHttpServletRequest@300c18c2',NULL,15,'admin','2020-05-02 18:21:31',NULL,NULL),('1256529251169054721',2,'职务表-分页列表查询',1,'admin','管理员','127.0.0.1','org.jeecg.modules.system.controller.SysPositionController.queryPageList()',NULL,'  sysPosition: SysPosition(id=null, code=null, name=null, postRank=null, companyId=null, createBy=null, createTime=null, updateBy=null, updateTime=null, sysOrgCode=null)  pageNo: 1  pageSize: 99999  req: org.apache.shiro.web.servlet.ShiroHttpServletRequest@5cbc1ed0',NULL,14,'admin','2020-05-02 18:21:33',NULL,NULL),('1256538346588590082',1,'用户名: 管理员,退出成功！',NULL,NULL,NULL,'127.0.0.1',NULL,NULL,NULL,NULL,NULL,NULL,'2020-05-02 18:57:41',NULL,NULL),('1256538366448619522',1,'用户名: admin,登录成功！',NULL,NULL,NULL,'127.0.0.1',NULL,NULL,NULL,NULL,NULL,NULL,'2020-05-02 18:57:47',NULL,NULL),('1256538504642547713',2,'多数据源管理-分页列表查询',1,'admin','管理员','127.0.0.1','org.jeecg.modules.system.controller.SysDataSourceController.queryPageList()',NULL,'  sysDataSource: SysDataSource(id=null, code=null, name=null, remark=null, dbType=null, dbDriver=null, dbUrl=null, dbName=null, dbUsername=null, dbPassword=null, createBy=null, createTime=null, updateBy=null, updateTime=null, sysOrgCode=null)  pageNo: 1  pageSize: 10  req: org.apache.shiro.web.servlet.ShiroHttpServletRequest@6e768567',NULL,73,'admin','2020-05-02 18:58:20',NULL,NULL),('1256538902770077698',2,'多数据源管理-分页列表查询',1,'admin','管理员','127.0.0.1','org.jeecg.modules.system.controller.SysDataSourceController.queryPageList()',NULL,'  sysDataSource: SysDataSource(id=null, code=null, name=null, remark=null, dbType=null, dbDriver=null, dbUrl=null, dbName=null, dbUsername=null, dbPassword=null, createBy=null, createTime=null, updateBy=null, updateTime=null, sysOrgCode=null)  pageNo: 1  pageSize: 10  req: org.apache.shiro.web.servlet.ShiroHttpServletRequest@74d2b870',NULL,17,'admin','2020-05-02 18:59:54',NULL,NULL),('1256548329908609025',2,'填值规则-分页列表查询',1,'admin','管理员','127.0.0.1','org.jeecg.modules.system.controller.SysFillRuleController.queryPageList()',NULL,'  sysFillRule: SysFillRule(id=null, ruleName=null, ruleCode=null, ruleClass=null, ruleParams=null, updateBy=null, updateTime=null, createBy=null, createTime=null)  pageNo: 1  pageSize: 10  req: org.apache.shiro.web.servlet.ShiroHttpServletRequest@5e32c585',NULL,181,'admin','2020-05-02 19:37:21',NULL,NULL),('1256548333775757314',2,'编码校验规则-分页列表查询',1,'admin','管理员','127.0.0.1','org.jeecg.modules.system.controller.SysCheckRuleController.queryPageList()',NULL,'  sysCheckRule: SysCheckRule(id=null, ruleName=null, ruleCode=null, ruleJson=null, ruleDescription=null, updateBy=null, updateTime=null, createBy=null, createTime=null)  pageNo: 1  pageSize: 10  request: org.apache.shiro.web.servlet.ShiroHttpServletRequest@4f008a7d',NULL,41,'admin','2020-05-02 19:37:23',NULL,NULL),('1256548338318188545',2,'多数据源管理-分页列表查询',1,'admin','管理员','127.0.0.1','org.jeecg.modules.system.controller.SysDataSourceController.queryPageList()',NULL,'  sysDataSource: SysDataSource(id=null, code=null, name=null, remark=null, dbType=null, dbDriver=null, dbUrl=null, dbName=null, dbUsername=null, dbPassword=null, createBy=null, createTime=null, updateBy=null, updateTime=null, sysOrgCode=null)  pageNo: 1  pageSize: 10  req: org.apache.shiro.web.servlet.ShiroHttpServletRequest@7827b492',NULL,31,'admin','2020-05-02 19:37:24',NULL,NULL),('1256548342671876097',2,'编码校验规则-分页列表查询',1,'admin','管理员','127.0.0.1','org.jeecg.modules.system.controller.SysCheckRuleController.queryPageList()',NULL,'  sysCheckRule: SysCheckRule(id=null, ruleName=null, ruleCode=null, ruleJson=null, ruleDescription=null, updateBy=null, updateTime=null, createBy=null, createTime=null)  pageNo: 1  pageSize: 10  request: org.apache.shiro.web.servlet.ShiroHttpServletRequest@25cfa316',NULL,27,'admin','2020-05-02 19:37:25',NULL,NULL),('1256548345805021186',2,'填值规则-分页列表查询',1,'admin','管理员','127.0.0.1','org.jeecg.modules.system.controller.SysFillRuleController.queryPageList()',NULL,'  sysFillRule: SysFillRule(id=null, ruleName=null, ruleCode=null, ruleClass=null, ruleParams=null, updateBy=null, updateTime=null, createBy=null, createTime=null)  pageNo: 1  pageSize: 10  req: org.apache.shiro.web.servlet.ShiroHttpServletRequest@39541cd2',NULL,26,'admin','2020-05-02 19:37:26',NULL,NULL),('1256548524465594370',2,'多数据源管理-分页列表查询',1,'admin','管理员','127.0.0.1','org.jeecg.modules.system.controller.SysDataSourceController.queryPageList()',NULL,'  sysDataSource: SysDataSource(id=null, code=null, name=null, remark=null, dbType=null, dbDriver=null, dbUrl=null, dbName=null, dbUsername=null, dbPassword=null, createBy=null, createTime=null, updateBy=null, updateTime=null, sysOrgCode=null)  pageNo: 1  pageSize: 10  req: org.apache.shiro.web.servlet.ShiroHttpServletRequest@51a7dbe',NULL,15,'admin','2020-05-02 19:38:08',NULL,NULL),('1256550098638217218',1,'用户名: 管理员,退出成功！',NULL,NULL,NULL,'127.0.0.1',NULL,NULL,NULL,NULL,NULL,NULL,'2020-05-02 19:44:24',NULL,NULL),('1256572017869594626',1,'用户名: admin,登录成功！',NULL,NULL,NULL,'127.0.0.1',NULL,NULL,NULL,NULL,NULL,NULL,'2020-05-02 21:11:30',NULL,NULL),('1256572334438883329',1,'用户名: 管理员,退出成功！',NULL,NULL,NULL,'127.0.0.1',NULL,NULL,NULL,NULL,NULL,NULL,'2020-05-02 21:12:45',NULL,NULL),('1256572347516723201',1,'用户名: 管理员,退出成功！',NULL,NULL,NULL,'127.0.0.1',NULL,NULL,NULL,NULL,NULL,NULL,'2020-05-02 21:12:48',NULL,NULL),('1256572526244405249',1,'用户名: admin,登录成功！',NULL,NULL,NULL,'127.0.0.1',NULL,NULL,NULL,NULL,NULL,NULL,'2020-05-02 21:13:31',NULL,NULL),('1256599302815461378',1,'用户名: admin,登录成功！',NULL,NULL,NULL,'127.0.0.1',NULL,NULL,NULL,NULL,NULL,NULL,'2020-05-02 22:59:54',NULL,NULL),('1256600609391489025',1,'用户名: 管理员,退出成功！',NULL,NULL,NULL,'127.0.0.1',NULL,NULL,NULL,NULL,NULL,NULL,'2020-05-02 23:05:06',NULL,NULL),('1256600722662862849',1,'用户名: admin,登录成功！',NULL,NULL,NULL,'127.0.0.1',NULL,NULL,NULL,NULL,NULL,NULL,'2020-05-02 23:05:33',NULL,NULL),('1256600723023572993',1,'用户名: 管理员,退出成功！',NULL,NULL,NULL,'127.0.0.1',NULL,NULL,NULL,NULL,NULL,NULL,'2020-05-02 23:05:34',NULL,NULL),('1256601173458268161',1,'用户名: admin,登录成功！',NULL,NULL,NULL,'127.0.0.1',NULL,NULL,NULL,NULL,NULL,NULL,'2020-05-02 23:07:21',NULL,NULL),('1256601320892248066',2,'填值规则-分页列表查询',1,'admin','管理员','127.0.0.1','org.jeecg.modules.system.controller.SysFillRuleController.queryPageList()',NULL,'  sysFillRule: SysFillRule(id=null, ruleName=null, ruleCode=null, ruleClass=null, ruleParams=null, updateBy=null, updateTime=null, createBy=null, createTime=null)  pageNo: 1  pageSize: 10  req: org.apache.shiro.web.servlet.ShiroHttpServletRequest@6703cc80',NULL,44,'admin','2020-05-02 23:07:56',NULL,NULL),('1256604650926354434',1,'用户名: 管理员,退出成功！',NULL,NULL,NULL,'127.0.0.1',NULL,NULL,NULL,NULL,NULL,NULL,'2020-05-02 23:21:10',NULL,NULL),('1256604684468203522',1,'用户名: admin,登录成功！',NULL,NULL,NULL,'127.0.0.1',NULL,NULL,NULL,NULL,NULL,NULL,'2020-05-02 23:21:18',NULL,NULL),('1256604684845690882',1,'用户名: 管理员,退出成功！',NULL,NULL,NULL,'127.0.0.1',NULL,NULL,NULL,NULL,NULL,NULL,'2020-05-02 23:21:18',NULL,NULL),('1256604994200776706',1,'用户名: admin,登录成功！',NULL,NULL,NULL,'127.0.0.1',NULL,NULL,NULL,NULL,NULL,NULL,'2020-05-02 23:22:32',NULL,NULL),('1256604994595041282',1,'用户名: 管理员,退出成功！',NULL,NULL,NULL,'127.0.0.1',NULL,NULL,NULL,NULL,NULL,NULL,'2020-05-02 23:22:32',NULL,NULL),('1256605284085903361',1,'用户名: admin,登录成功！',NULL,NULL,NULL,'127.0.0.1',NULL,NULL,NULL,NULL,NULL,NULL,'2020-05-02 23:23:41',NULL,NULL),('1256609868795719682',1,'用户名: 管理员,退出成功！',NULL,NULL,NULL,'127.0.0.1',NULL,NULL,NULL,NULL,NULL,NULL,'2020-05-02 23:41:54',NULL,NULL),('1256610665751228417',1,'用户名: admin,登录成功！',NULL,NULL,NULL,'127.0.0.1',NULL,NULL,NULL,NULL,NULL,NULL,'2020-05-02 23:45:04',NULL,NULL),('1256611419610263553',1,'用户名: 管理员,退出成功！',NULL,NULL,NULL,'127.0.0.1',NULL,NULL,NULL,NULL,NULL,NULL,'2020-05-02 23:48:04',NULL,NULL),('1256611628176224257',1,'用户名: admin,登录成功！',NULL,NULL,NULL,'127.0.0.1',NULL,NULL,NULL,NULL,NULL,NULL,'2020-05-02 23:48:54',NULL,NULL),('1256611628545323010',1,'用户名: 管理员,退出成功！',NULL,NULL,NULL,'127.0.0.1',NULL,NULL,NULL,NULL,NULL,NULL,'2020-05-02 23:48:54',NULL,NULL),('1256611717628145666',1,'用户名: admin,登录成功！',NULL,NULL,NULL,'127.0.0.1',NULL,NULL,NULL,NULL,NULL,NULL,'2020-05-02 23:49:15',NULL,NULL),('1256627765207216130',2,'Online报表，sql解析：select DATE_FORMAT(create_time,  \'%Y-%m-%d\') as date,count(*) as num from sys_log group by DATE_FORMAT(create_time, \'%Y-%m-%d\')',2,'admin','管理员','127.0.0.1',NULL,NULL,NULL,NULL,NULL,'admin','2020-05-03 00:53:01',NULL,NULL),('1256628324886753282',2,'填值规则-分页列表查询',1,'admin','管理员','127.0.0.1','org.jeecg.modules.system.controller.SysFillRuleController.queryPageList()',NULL,'  sysFillRule: SysFillRule(id=null, ruleName=null, ruleCode=null, ruleClass=null, ruleParams=null, updateBy=null, updateTime=null, createBy=null, createTime=null)  pageNo: 1  pageSize: 10  req: org.apache.shiro.web.servlet.ShiroHttpServletRequest@51bbe048',NULL,17,'admin','2020-05-03 00:55:14',NULL,NULL),('1256628328594518018',2,'编码校验规则-分页列表查询',1,'admin','管理员','127.0.0.1','org.jeecg.modules.system.controller.SysCheckRuleController.queryPageList()',NULL,'  sysCheckRule: SysCheckRule(id=null, ruleName=null, ruleCode=null, ruleJson=null, ruleDescription=null, updateBy=null, updateTime=null, createBy=null, createTime=null)  pageNo: 1  pageSize: 10  request: org.apache.shiro.web.servlet.ShiroHttpServletRequest@13b6b967',NULL,59,'admin','2020-05-03 00:55:15',NULL,NULL),('1256628331551502337',2,'多数据源管理-分页列表查询',1,'admin','管理员','127.0.0.1','org.jeecg.modules.system.controller.SysDataSourceController.queryPageList()',NULL,'  sysDataSource: SysDataSource(id=null, code=null, name=null, remark=null, dbType=null, dbDriver=null, dbUrl=null, dbName=null, dbUsername=null, dbPassword=null, createBy=null, createTime=null, updateBy=null, updateTime=null, sysOrgCode=null)  pageNo: 1  pageSize: 10  req: org.apache.shiro.web.servlet.ShiroHttpServletRequest@478b2fb3',NULL,12,'admin','2020-05-03 00:55:16',NULL,NULL),('1256630123769212929',2,'多数据源管理-分页列表查询',1,'admin','管理员','127.0.0.1','org.jeecg.modules.system.controller.SysDataSourceController.queryPageList()',NULL,'  sysDataSource: SysDataSource(id=null, code=null, name=null, remark=null, dbType=null, dbDriver=null, dbUrl=null, dbName=null, dbUsername=null, dbPassword=null, createBy=null, createTime=null, updateBy=null, updateTime=null, sysOrgCode=null)  pageNo: 1  pageSize: 10  req: org.apache.shiro.web.servlet.ShiroHttpServletRequest@7fc037db',NULL,25,'admin','2020-05-03 01:02:23',NULL,NULL),('1256630125769895938',2,'编码校验规则-分页列表查询',1,'admin','管理员','127.0.0.1','org.jeecg.modules.system.controller.SysCheckRuleController.queryPageList()',NULL,'  sysCheckRule: SysCheckRule(id=null, ruleName=null, ruleCode=null, ruleJson=null, ruleDescription=null, updateBy=null, updateTime=null, createBy=null, createTime=null)  pageNo: 1  pageSize: 10  request: org.apache.shiro.web.servlet.ShiroHttpServletRequest@67b1d09a',NULL,10,'admin','2020-05-03 01:02:24',NULL,NULL),('1256630127565058049',2,'填值规则-分页列表查询',1,'admin','管理员','127.0.0.1','org.jeecg.modules.system.controller.SysFillRuleController.queryPageList()',NULL,'  sysFillRule: SysFillRule(id=null, ruleName=null, ruleCode=null, ruleClass=null, ruleParams=null, updateBy=null, updateTime=null, createBy=null, createTime=null)  pageNo: 1  pageSize: 10  req: org.apache.shiro.web.servlet.ShiroHttpServletRequest@7e3105cb',NULL,11,'admin','2020-05-03 01:02:24',NULL,NULL),('1256630191603691522',2,'填值规则-分页列表查询',1,'admin','管理员','127.0.0.1','org.jeecg.modules.system.controller.SysFillRuleController.queryPageList()',NULL,'  sysFillRule: SysFillRule(id=null, ruleName=null, ruleCode=null, ruleClass=null, ruleParams=null, updateBy=null, updateTime=null, createBy=null, createTime=null)  pageNo: 1  pageSize: 10  req: org.apache.shiro.web.servlet.ShiroHttpServletRequest@406d0b25',NULL,12,'admin','2020-05-03 01:02:39',NULL,NULL),('1256630197496688641',2,'编码校验规则-分页列表查询',1,'admin','管理员','127.0.0.1','org.jeecg.modules.system.controller.SysCheckRuleController.queryPageList()',NULL,'  sysCheckRule: SysCheckRule(id=null, ruleName=null, ruleCode=null, ruleJson=null, ruleDescription=null, updateBy=null, updateTime=null, createBy=null, createTime=null)  pageNo: 1  pageSize: 10  request: org.apache.shiro.web.servlet.ShiroHttpServletRequest@5d746f1c',NULL,9,'admin','2020-05-03 01:02:41',NULL,NULL),('1256630200965378050',2,'填值规则-分页列表查询',1,'admin','管理员','127.0.0.1','org.jeecg.modules.system.controller.SysFillRuleController.queryPageList()',NULL,'  sysFillRule: SysFillRule(id=null, ruleName=null, ruleCode=null, ruleClass=null, ruleParams=null, updateBy=null, updateTime=null, createBy=null, createTime=null)  pageNo: 1  pageSize: 10  req: org.apache.shiro.web.servlet.ShiroHttpServletRequest@771a0535',NULL,9,'admin','2020-05-03 01:02:42',NULL,NULL),('1256631022684057602',2,'职务表-分页列表查询',1,'admin','管理员','127.0.0.1','org.jeecg.modules.system.controller.SysPositionController.queryPageList()',NULL,'  sysPosition: SysPosition(id=null, code=null, name=null, postRank=null, companyId=null, createBy=null, createTime=null, updateBy=null, updateTime=null, sysOrgCode=null)  pageNo: 1  pageSize: 5  req: org.apache.shiro.web.servlet.ShiroHttpServletRequest@552e978f',NULL,177,'admin','2020-05-03 01:05:58',NULL,NULL),('1256631095019024385',2,'职务表-分页列表查询',1,'admin','管理员','127.0.0.1','org.jeecg.modules.system.controller.SysPositionController.queryPageList()',NULL,'  sysPosition: SysPosition(id=null, code=null, name=null, postRank=null, companyId=null, createBy=null, createTime=null, updateBy=null, updateTime=null, sysOrgCode=null)  pageNo: 1  pageSize: 5  req: org.apache.shiro.web.servlet.ShiroHttpServletRequest@7b8d5eda',NULL,25,'admin','2020-05-03 01:06:15',NULL,NULL),('1256631629037809666',2,'职务表-分页列表查询',1,'admin','管理员','127.0.0.1','org.jeecg.modules.system.controller.SysPositionController.queryPageList()',NULL,'  sysPosition: SysPosition(id=null, code=null, name=null, postRank=null, companyId=null, createBy=null, createTime=null, updateBy=null, updateTime=null, sysOrgCode=null)  pageNo: 1  pageSize: 5  req: org.apache.shiro.web.servlet.ShiroHttpServletRequest@719fa12f',NULL,14,'admin','2020-05-03 01:08:22',NULL,NULL),('1256631703578980354',2,'职务表-分页列表查询',1,'admin','管理员','127.0.0.1','org.jeecg.modules.system.controller.SysPositionController.queryPageList()',NULL,'  sysPosition: SysPosition(id=null, code=null, name=null, postRank=null, companyId=null, createBy=null, createTime=null, updateBy=null, updateTime=null, sysOrgCode=null)  pageNo: 1  pageSize: 5  req: org.apache.shiro.web.servlet.ShiroHttpServletRequest@22c83dfe',NULL,17,'admin','2020-05-03 01:08:40',NULL,NULL),('1256631875029544961',2,'职务表-分页列表查询',1,'admin','管理员','127.0.0.1','org.jeecg.modules.system.controller.SysPositionController.queryPageList()',NULL,'  sysPosition: SysPosition(id=null, code=null, name=null, postRank=null, companyId=null, createBy=null, createTime=null, updateBy=null, updateTime=null, sysOrgCode=null)  pageNo: 1  pageSize: 5  req: org.apache.shiro.web.servlet.ShiroHttpServletRequest@73bbad53',NULL,18,'admin','2020-05-03 01:09:21',NULL,NULL),('1256632739672731649',2,'职务表-分页列表查询',1,'admin','管理员','127.0.0.1','org.jeecg.modules.system.controller.SysPositionController.queryPageList()',NULL,'  sysPosition: SysPosition(id=null, code=null, name=null, postRank=null, companyId=null, createBy=null, createTime=null, updateBy=null, updateTime=null, sysOrgCode=null)  pageNo: 1  pageSize: 5  req: org.apache.shiro.web.servlet.ShiroHttpServletRequest@36f7e6ea',NULL,15,'admin','2020-05-03 01:12:47',NULL,NULL),('1256632995709825025',2,'职务表-分页列表查询',1,'admin','管理员','127.0.0.1','org.jeecg.modules.system.controller.SysPositionController.queryPageList()',NULL,'  sysPosition: SysPosition(id=null, code=null, name=null, postRank=null, companyId=null, createBy=null, createTime=null, updateBy=null, updateTime=null, sysOrgCode=null)  pageNo: 1  pageSize: 5  req: org.apache.shiro.web.servlet.ShiroHttpServletRequest@668f45b1',NULL,63,'admin','2020-05-03 01:13:48',NULL,NULL),('1256633330130071553',2,'职务表-分页列表查询',1,'admin','管理员','127.0.0.1','org.jeecg.modules.system.controller.SysPositionController.queryPageList()',NULL,'  sysPosition: SysPosition(id=null, code=null, name=null, postRank=null, companyId=null, createBy=null, createTime=null, updateBy=null, updateTime=null, sysOrgCode=null)  pageNo: 1  pageSize: 5  req: org.apache.shiro.web.servlet.ShiroHttpServletRequest@735e4fde',NULL,24,'admin','2020-05-03 01:15:08',NULL,NULL),('1256633509134577666',2,'职务表-分页列表查询',1,'admin','管理员','127.0.0.1','org.jeecg.modules.system.controller.SysPositionController.queryPageList()',NULL,'  sysPosition: SysPosition(id=null, code=null, name=null, postRank=null, companyId=null, createBy=null, createTime=null, updateBy=null, updateTime=null, sysOrgCode=null)  pageNo: 1  pageSize: 5  req: org.apache.shiro.web.servlet.ShiroHttpServletRequest@6c495862',NULL,17,'admin','2020-05-03 01:15:50',NULL,NULL),('1256633551425744897',2,'职务表-分页列表查询',1,'admin','管理员','127.0.0.1','org.jeecg.modules.system.controller.SysPositionController.queryPageList()',NULL,'  sysPosition: SysPosition(id=null, code=null, name=null, postRank=null, companyId=null, createBy=null, createTime=null, updateBy=null, updateTime=null, sysOrgCode=null)  pageNo: 1  pageSize: 5  req: org.apache.shiro.web.servlet.ShiroHttpServletRequest@6908d196',NULL,13,'admin','2020-05-03 01:16:00',NULL,NULL),('1256633599651852289',2,'职务表-分页列表查询',1,'admin','管理员','127.0.0.1','org.jeecg.modules.system.controller.SysPositionController.queryPageList()',NULL,'  sysPosition: SysPosition(id=null, code=null, name=null, postRank=null, companyId=null, createBy=null, createTime=null, updateBy=null, updateTime=null, sysOrgCode=null)  pageNo: 1  pageSize: 5  req: org.apache.shiro.web.servlet.ShiroHttpServletRequest@5bfb2ada',NULL,14,'admin','2020-05-03 01:16:12',NULL,NULL),('1256633656652443650',2,'职务表-分页列表查询',1,'admin','管理员','127.0.0.1','org.jeecg.modules.system.controller.SysPositionController.queryPageList()',NULL,'  sysPosition: SysPosition(id=null, code=null, name=null, postRank=null, companyId=null, createBy=null, createTime=null, updateBy=null, updateTime=null, sysOrgCode=null)  pageNo: 1  pageSize: 5  req: org.apache.shiro.web.servlet.ShiroHttpServletRequest@549ef5f1',NULL,15,'admin','2020-05-03 01:16:26',NULL,NULL),('1256636582515027970',2,'填值规则-分页列表查询',1,'admin','管理员','127.0.0.1','org.jeecg.modules.system.controller.SysFillRuleController.queryPageList()',NULL,'  sysFillRule: SysFillRule(id=null, ruleName=null, ruleCode=null, ruleClass=null, ruleParams=null, updateBy=null, updateTime=null, createBy=null, createTime=null)  pageNo: 1  pageSize: 10  req: org.apache.shiro.web.servlet.ShiroHttpServletRequest@4264deb1',NULL,10,'admin','2020-05-03 01:28:03',NULL,NULL),('1256644151597969409',2,'填值规则-分页列表查询',1,'admin','管理员','127.0.0.1','org.jeecg.modules.system.controller.SysFillRuleController.queryPageList()',NULL,'  sysFillRule: SysFillRule(id=null, ruleName=null, ruleCode=null, ruleClass=null, ruleParams=null, updateBy=null, updateTime=null, createBy=null, createTime=null)  pageNo: 1  pageSize: 10  req: org.apache.shiro.web.servlet.ShiroHttpServletRequest@2218706b',NULL,9,'admin','2020-05-03 01:58:08',NULL,NULL),('1256644154894692354',2,'编码校验规则-分页列表查询',1,'admin','管理员','127.0.0.1','org.jeecg.modules.system.controller.SysCheckRuleController.queryPageList()',NULL,'  sysCheckRule: SysCheckRule(id=null, ruleName=null, ruleCode=null, ruleJson=null, ruleDescription=null, updateBy=null, updateTime=null, createBy=null, createTime=null)  pageNo: 1  pageSize: 10  request: org.apache.shiro.web.servlet.ShiroHttpServletRequest@5b4819a1',NULL,15,'admin','2020-05-03 01:58:09',NULL,NULL),('1256644156803100673',2,'多数据源管理-分页列表查询',1,'admin','管理员','127.0.0.1','org.jeecg.modules.system.controller.SysDataSourceController.queryPageList()',NULL,'  sysDataSource: SysDataSource(id=null, code=null, name=null, remark=null, dbType=null, dbDriver=null, dbUrl=null, dbName=null, dbUsername=null, dbPassword=null, createBy=null, createTime=null, updateBy=null, updateTime=null, sysOrgCode=null)  pageNo: 1  pageSize: 10  req: org.apache.shiro.web.servlet.ShiroHttpServletRequest@115ba167',NULL,9,'admin','2020-05-03 01:58:09',NULL,NULL),('1266335053164417025',1,'用户名: admin,登录成功！',NULL,NULL,NULL,'0:0:0:0:0:0:0:1',NULL,NULL,NULL,NULL,NULL,NULL,'2020-05-29 19:46:18',NULL,NULL),('1267256881982558210',1,'用户名: admin,登录成功！',NULL,NULL,NULL,'0:0:0:0:0:0:0:1',NULL,NULL,NULL,NULL,NULL,NULL,'2020-06-01 08:49:20',NULL,NULL),('1267648168229425154',1,'用户名: 管理员,退出成功！',NULL,NULL,NULL,'0:0:0:0:0:0:0:1',NULL,NULL,NULL,NULL,NULL,NULL,'2020-06-02 10:44:10',NULL,NULL),('1267648216287760385',1,'用户名: admin,登录成功！',NULL,NULL,NULL,'0:0:0:0:0:0:0:1',NULL,NULL,NULL,NULL,NULL,NULL,'2020-06-02 10:44:21',NULL,NULL),('1268077368673390594',1,'用户名: 管理员,退出成功！',NULL,NULL,NULL,'0:0:0:0:0:0:0:1',NULL,NULL,NULL,NULL,NULL,NULL,'2020-06-03 15:09:39',NULL,NULL),('1268077447748603906',1,'用户名: admin,登录成功！',NULL,NULL,NULL,'0:0:0:0:0:0:0:1',NULL,NULL,NULL,NULL,NULL,NULL,'2020-06-03 15:09:58',NULL,NULL),('1268089212117012481',2,'职务表-分页列表查询',1,'admin','管理员','0:0:0:0:0:0:0:1','org.jeecg.modules.system.controller.SysPositionController.queryPageList()',NULL,'  sysPosition: SysPosition(id=null, code=总经理,, name=null, postRank=null, companyId=null, createBy=null, createTime=null, updateBy=null, updateTime=null, sysOrgCode=null)  pageNo: 1  pageSize: 1  req: org.apache.shiro.web.servlet.ShiroHttpServletRequest@93965c3',NULL,170,'admin','2020-06-03 15:56:43',NULL,NULL),('1268089212117012482',2,'职务表-分页列表查询',1,'admin','管理员','0:0:0:0:0:0:0:1','org.jeecg.modules.system.controller.SysPositionController.queryPageList()',NULL,'  sysPosition: SysPosition(id=null, code=null, name=null, postRank=null, companyId=null, createBy=null, createTime=null, updateBy=null, updateTime=null, sysOrgCode=null)  pageNo: 1  pageSize: 5  req: org.apache.shiro.web.servlet.ShiroHttpServletRequest@22f2208e',NULL,184,'admin','2020-06-03 15:56:43',NULL,NULL),('1268089485883428866',2,'编辑用户，id： e9ca23d68d884d4ebb19d07889727dae',2,'admin','管理员','0:0:0:0:0:0:0:1',NULL,NULL,NULL,NULL,NULL,'admin','2020-06-03 15:57:48',NULL,NULL),('1268342242200604674',1,'用户名: 管理员,退出成功！',NULL,NULL,NULL,'0:0:0:0:0:0:0:1',NULL,NULL,NULL,NULL,NULL,NULL,'2020-06-04 08:42:10',NULL,NULL),('1268342293803126785',1,'用户名: admin,登录成功！',NULL,NULL,NULL,'0:0:0:0:0:0:0:1',NULL,NULL,NULL,NULL,NULL,NULL,'2020-06-04 08:42:22',NULL,NULL),('1268817597210382337',1,'用户名: 管理员,退出成功！',NULL,NULL,NULL,'0:0:0:0:0:0:0:1',NULL,NULL,NULL,NULL,NULL,NULL,'2020-06-05 16:11:03',NULL,NULL),('1268817652176736258',1,'用户名: admin,登录成功！',NULL,NULL,NULL,'0:0:0:0:0:0:0:1',NULL,NULL,NULL,NULL,NULL,NULL,'2020-06-05 16:11:16',NULL,NULL),('1269066262395047937',1,'用户名: 管理员,退出成功！',NULL,NULL,NULL,'0:0:0:0:0:0:0:1',NULL,NULL,NULL,NULL,NULL,NULL,'2020-06-06 08:39:10',NULL,NULL),('1269066363393888257',1,'用户名: admin,登录成功！',NULL,NULL,NULL,'0:0:0:0:0:0:0:1',NULL,NULL,NULL,NULL,NULL,NULL,'2020-06-06 08:39:34',NULL,NULL),('1269071053175214081',1,'用户名: 管理员,退出成功！',NULL,NULL,NULL,'0:0:0:0:0:0:0:1',NULL,NULL,NULL,NULL,NULL,NULL,'2020-06-06 08:58:12',NULL,NULL),('1269072001259884545',1,'用户名: admin,登录成功！',NULL,NULL,NULL,'192.168.1.48',NULL,NULL,NULL,NULL,NULL,NULL,'2020-06-06 09:01:58',NULL,NULL),('1269079462452744193',1,'用户名: admin,登录成功！',NULL,NULL,NULL,'192.168.1.53',NULL,NULL,NULL,NULL,NULL,NULL,'2020-06-06 09:31:37',NULL,NULL),('1269802495937171458',1,'用户名: 管理员,退出成功！',NULL,NULL,NULL,'192.168.1.53',NULL,NULL,NULL,NULL,NULL,NULL,'2020-06-08 09:24:41',NULL,NULL),('1269802621292335106',1,'用户名: admin,登录成功！',NULL,NULL,NULL,'192.168.1.53',NULL,NULL,NULL,NULL,NULL,NULL,'2020-06-08 09:25:11',NULL,NULL),('1269813177965432833',2,'职务表-分页列表查询',1,'admin','管理员','192.168.1.53','org.jeecg.modules.system.controller.SysPositionController.queryPageList()',NULL,'  sysPosition: SysPosition(id=null, code=null, name=null, postRank=null, companyId=null, createBy=null, createTime=null, updateBy=null, updateTime=null, sysOrgCode=null)  pageNo: 1  pageSize: 5  req: org.apache.shiro.web.servlet.ShiroHttpServletRequest@66a7937f',NULL,75,'admin','2020-06-08 10:07:08',NULL,NULL),('1269813731689058305',2,'职务表-分页列表查询',1,'admin','管理员','192.168.1.53','org.jeecg.modules.system.controller.SysPositionController.queryPageList()',NULL,'  sysPosition: SysPosition(id=null, code=null, name=null, postRank=null, companyId=null, createBy=null, createTime=null, updateBy=null, updateTime=null, sysOrgCode=null)  pageNo: 1  pageSize: 5  req: org.apache.shiro.web.servlet.ShiroHttpServletRequest@6ba1e988',NULL,31,'admin','2020-06-08 10:09:20',NULL,NULL),('1269813861276274689',2,'职务表-分页列表查询',1,'admin','管理员','192.168.1.53','org.jeecg.modules.system.controller.SysPositionController.queryPageList()',NULL,'  sysPosition: SysPosition(id=null, code=null, name=null, postRank=null, companyId=null, createBy=null, createTime=null, updateBy=null, updateTime=null, sysOrgCode=null)  pageNo: 1  pageSize: 10  req: org.apache.shiro.web.servlet.ShiroHttpServletRequest@e7fbe1f',NULL,34,'admin','2020-06-08 10:09:51',NULL,NULL),('1269818632343212034',2,'职务表-分页列表查询',1,'admin','管理员','192.168.1.53','org.jeecg.modules.system.controller.SysPositionController.queryPageList()',NULL,'  sysPosition: SysPosition(id=null, code=null, name=null, postRank=null, companyId=null, createBy=null, createTime=null, updateBy=null, updateTime=null, sysOrgCode=null)  pageNo: 1  pageSize: 5  req: org.apache.shiro.web.servlet.ShiroHttpServletRequest@14651159',NULL,38,'admin','2020-06-08 10:28:49',NULL,NULL),('1269821064754319362',2,'删除用户，id： f0019fdebedb443c98dcb17d88222c38',3,'admin','管理员','192.168.1.53',NULL,NULL,NULL,NULL,NULL,'admin','2020-06-08 10:38:29',NULL,NULL),('1269821091585282049',2,'删除用户，id： a75d45a015c44384a04449ee80dc3503',3,'admin','管理员','192.168.1.53',NULL,NULL,NULL,NULL,NULL,'admin','2020-06-08 10:38:35',NULL,NULL),('1269892428966219777',2,'职务表-分页列表查询',1,'admin','管理员','192.168.1.53','org.jeecg.modules.system.controller.SysPositionController.queryPageList()',NULL,'  sysPosition: SysPosition(id=null, code=null, name=null, postRank=null, companyId=null, createBy=null, createTime=null, updateBy=null, updateTime=null, sysOrgCode=null)  pageNo: 1  pageSize: 5  req: org.apache.shiro.web.servlet.ShiroHttpServletRequest@7c121c83',NULL,37,'admin','2020-06-08 15:22:03',NULL,NULL),('1269892516543287297',2,'编辑用户，id： 1269820860680458242',2,'admin','管理员','192.168.1.53',NULL,NULL,NULL,NULL,NULL,'admin','2020-06-08 15:22:24',NULL,NULL),('1269893591404990465',2,'职务表-分页列表查询',1,'admin','管理员','192.168.1.53','org.jeecg.modules.system.controller.SysPositionController.queryPageList()',NULL,'  sysPosition: SysPosition(id=null, code=null, name=null, postRank=null, companyId=null, createBy=null, createTime=null, updateBy=null, updateTime=null, sysOrgCode=null)  pageNo: 1  pageSize: 5  req: org.apache.shiro.web.servlet.ShiroHttpServletRequest@54a16e7e',NULL,46,'admin','2020-06-08 15:26:40',NULL,NULL),('1269893591560179713',2,'职务表-分页列表查询',1,'admin','管理员','192.168.1.53','org.jeecg.modules.system.controller.SysPositionController.queryPageList()',NULL,'  sysPosition: SysPosition(id=null, code=总经理,, name=null, postRank=null, companyId=null, createBy=null, createTime=null, updateBy=null, updateTime=null, sysOrgCode=null)  pageNo: 1  pageSize: 1  req: org.apache.shiro.web.servlet.ShiroHttpServletRequest@2766a17b',NULL,61,'admin','2020-06-08 15:26:40',NULL,NULL),('1269893696652660737',2,'职务表-分页列表查询',1,'admin','管理员','192.168.1.53','org.jeecg.modules.system.controller.SysPositionController.queryPageList()',NULL,'  sysPosition: SysPosition(id=null, code=null, name=null, postRank=null, companyId=null, createBy=null, createTime=null, updateBy=null, updateTime=null, sysOrgCode=null)  pageNo: 1  pageSize: 5  req: org.apache.shiro.web.servlet.ShiroHttpServletRequest@7a15096b',NULL,33,'admin','2020-06-08 15:27:05',NULL,NULL),('1269893696669437953',2,'职务表-分页列表查询',1,'admin','管理员','192.168.1.53','org.jeecg.modules.system.controller.SysPositionController.queryPageList()',NULL,'  sysPosition: SysPosition(id=null, code=总经理,, name=null, postRank=null, companyId=null, createBy=null, createTime=null, updateBy=null, updateTime=null, sysOrgCode=null)  pageNo: 1  pageSize: 1  req: org.apache.shiro.web.servlet.ShiroHttpServletRequest@791dac6c',NULL,27,'admin','2020-06-08 15:27:05',NULL,NULL),('1270176958608334849',1,'用户名: admin,登录成功！',NULL,NULL,NULL,'192.168.155.165',NULL,NULL,NULL,NULL,NULL,NULL,'2020-06-09 10:12:40',NULL,NULL),('1270186245153906690',1,'用户名: admin,登录成功！',NULL,NULL,NULL,'127.0.0.1',NULL,NULL,NULL,NULL,NULL,NULL,'2020-06-09 10:49:35',NULL,NULL),('1270186400573841409',2,'职务表-分页列表查询',1,'admin','管理员','127.0.0.1','org.jeecg.modules.system.controller.SysPositionController.queryPageList()',NULL,'  sysPosition: SysPosition(id=null, code=总经理,, name=null, postRank=null, companyId=null, createBy=null, createTime=null, updateBy=null, updateTime=null, sysOrgCode=null)  pageNo: 1  pageSize: 1  req: org.apache.shiro.web.servlet.ShiroHttpServletRequest@448192b',NULL,219,'admin','2020-06-09 10:50:11',NULL,NULL),('1270186400770973697',2,'职务表-分页列表查询',1,'admin','管理员','127.0.0.1','org.jeecg.modules.system.controller.SysPositionController.queryPageList()',NULL,'  sysPosition: SysPosition(id=null, code=null, name=null, postRank=null, companyId=null, createBy=null, createTime=null, updateBy=null, updateTime=null, sysOrgCode=null)  pageNo: 1  pageSize: 5  req: org.apache.shiro.web.servlet.ShiroHttpServletRequest@242a88e',NULL,267,'admin','2020-06-09 10:50:12',NULL,NULL),('1270188441379561473',2,'职务表-分页列表查询',1,'admin','管理员','127.0.0.1','org.jeecg.modules.system.controller.SysPositionController.queryPageList()',NULL,'  sysPosition: SysPosition(id=null, code=null, name=null, postRank=null, companyId=null, createBy=null, createTime=null, updateBy=null, updateTime=null, sysOrgCode=null)  pageNo: 1  pageSize: 5  req: org.apache.shiro.web.servlet.ShiroHttpServletRequest@2a27e1f5',NULL,125,'admin','2020-06-09 10:58:18',NULL,NULL),('1270188441442476033',2,'职务表-分页列表查询',1,'admin','管理员','127.0.0.1','org.jeecg.modules.system.controller.SysPositionController.queryPageList()',NULL,'  sysPosition: SysPosition(id=null, code=总经理,, name=null, postRank=null, companyId=null, createBy=null, createTime=null, updateBy=null, updateTime=null, sysOrgCode=null)  pageNo: 1  pageSize: 1  req: org.apache.shiro.web.servlet.ShiroHttpServletRequest@55384265',NULL,238,'admin','2020-06-09 10:58:18',NULL,NULL),('1270199133134413826',2,'职务表-分页列表查询',1,'admin','管理员','127.0.0.1','org.jeecg.modules.system.controller.SysPositionController.queryPageList()',NULL,'  sysPosition: SysPosition(id=null, code=devleader,, name=null, postRank=null, companyId=null, createBy=null, createTime=null, updateBy=null, updateTime=null, sysOrgCode=null)  pageNo: 1  pageSize: 1  req: org.apache.shiro.web.servlet.ShiroHttpServletRequest@60400146',NULL,67,'admin','2020-06-09 11:40:47',NULL,NULL),('1270199133381877762',2,'职务表-分页列表查询',1,'admin','管理员','127.0.0.1','org.jeecg.modules.system.controller.SysPositionController.queryPageList()',NULL,'  sysPosition: SysPosition(id=null, code=null, name=null, postRank=null, companyId=null, createBy=null, createTime=null, updateBy=null, updateTime=null, sysOrgCode=null)  pageNo: 1  pageSize: 5  req: org.apache.shiro.web.servlet.ShiroHttpServletRequest@3d8edd2f',NULL,115,'admin','2020-06-09 11:40:47',NULL,NULL),('1270517822329217026',1,'用户名: 管理员,退出成功！',NULL,NULL,NULL,'127.0.0.1',NULL,NULL,NULL,NULL,NULL,NULL,'2020-06-10 08:47:09',NULL,NULL),('1270517880328052737',1,'用户名: admin,登录成功！',NULL,NULL,NULL,'127.0.0.1',NULL,NULL,NULL,NULL,NULL,NULL,'2020-06-10 08:47:22',NULL,NULL),('1270885440106029058',1,'用户名: 管理员,退出成功！',NULL,NULL,NULL,'127.0.0.1',NULL,NULL,NULL,NULL,NULL,NULL,'2020-06-11 09:07:55',NULL,NULL),('1270885558137937921',1,'用户名: admin,登录成功！',NULL,NULL,NULL,'127.0.0.1',NULL,NULL,NULL,NULL,NULL,NULL,'2020-06-11 09:08:24',NULL,NULL),('1270989596384935938',2,'职务表-分页列表查询',1,'admin','管理员','127.0.0.1','org.jeecg.modules.system.controller.SysPositionController.queryPageList()',NULL,'  sysPosition: SysPosition(id=null, code=devleader,, name=null, postRank=null, companyId=null, createBy=null, createTime=null, updateBy=null, updateTime=null, sysOrgCode=null)  pageNo: 1  pageSize: 1  req: org.apache.shiro.web.servlet.ShiroHttpServletRequest@7d705dbd',NULL,172,'admin','2020-06-11 16:01:48',NULL,NULL),('1270989596527542273',2,'职务表-分页列表查询',1,'admin','管理员','127.0.0.1','org.jeecg.modules.system.controller.SysPositionController.queryPageList()',NULL,'  sysPosition: SysPosition(id=null, code=null, name=null, postRank=null, companyId=null, createBy=null, createTime=null, updateBy=null, updateTime=null, sysOrgCode=null)  pageNo: 1  pageSize: 5  req: org.apache.shiro.web.servlet.ShiroHttpServletRequest@3a8dfff9',NULL,286,'admin','2020-06-11 16:01:48',NULL,NULL),('1270989659534376961',2,'职务表-分页列表查询',1,'admin','管理员','127.0.0.1','org.jeecg.modules.system.controller.SysPositionController.queryPageList()',NULL,'  sysPosition: SysPosition(id=null, code=devleader,, name=null, postRank=null, companyId=null, createBy=null, createTime=null, updateBy=null, updateTime=null, sysOrgCode=null)  pageNo: 1  pageSize: 1  req: org.apache.shiro.web.servlet.ShiroHttpServletRequest@6fe1c8e3',NULL,53,'admin','2020-06-11 16:02:03',NULL,NULL),('1270989659702149122',2,'职务表-分页列表查询',1,'admin','管理员','127.0.0.1','org.jeecg.modules.system.controller.SysPositionController.queryPageList()',NULL,'  sysPosition: SysPosition(id=null, code=null, name=null, postRank=null, companyId=null, createBy=null, createTime=null, updateBy=null, updateTime=null, sysOrgCode=null)  pageNo: 1  pageSize: 5  req: org.apache.shiro.web.servlet.ShiroHttpServletRequest@1d517ef0',NULL,82,'admin','2020-06-11 16:02:03',NULL,NULL),('1270989709538869249',2,'编辑用户，id： 1269820860680458242',2,'admin','管理员','127.0.0.1',NULL,NULL,NULL,NULL,NULL,'admin','2020-06-11 16:02:15',NULL,NULL),('12709e62742056aa4a57fa8c2c82d84a',1,'用户名: admin,登录成功！',NULL,NULL,NULL,'127.0.0.1',NULL,NULL,NULL,NULL,NULL,'jeecg-boot','2019-02-20 09:13:10',NULL,NULL),('1271340046846115842',1,'用户名: 管理员,退出成功！',NULL,NULL,NULL,'127.0.0.1',NULL,NULL,NULL,NULL,NULL,NULL,'2020-06-12 15:14:22',NULL,NULL),('1271340511142985730',1,'用户名: admin,登录成功！',NULL,NULL,NULL,'127.0.0.1',NULL,NULL,NULL,NULL,NULL,NULL,'2020-06-12 15:16:13',NULL,NULL),('1272327379636568066',1,'用户名: 管理员,退出成功！',NULL,NULL,NULL,'127.0.0.1',NULL,NULL,NULL,NULL,NULL,NULL,'2020-06-15 08:37:41',NULL,NULL),('1272327441682907138',1,'用户名: admin,登录成功！',NULL,NULL,NULL,'127.0.0.1',NULL,NULL,NULL,NULL,NULL,NULL,'2020-06-15 08:37:55',NULL,NULL),('1272703506456625153',1,'用户名: 管理员,退出成功！',NULL,NULL,NULL,'127.0.0.1',NULL,NULL,NULL,NULL,NULL,NULL,'2020-06-16 09:32:16',NULL,NULL),('1272703567978676225',1,'用户名: admin,登录成功！',NULL,NULL,NULL,'127.0.0.1',NULL,NULL,NULL,NULL,NULL,NULL,'2020-06-16 09:32:31',NULL,NULL),('1273052979057770498',1,'用户名: 管理员,退出成功！',NULL,NULL,NULL,'127.0.0.1',NULL,NULL,NULL,NULL,NULL,NULL,'2020-06-17 08:40:57',NULL,NULL),('1273053094166249473',1,'用户名: admin,登录成功！',NULL,NULL,NULL,'127.0.0.1',NULL,NULL,NULL,NULL,NULL,NULL,'2020-06-17 08:41:24',NULL,NULL),('1273512937587064833',1,'用户名: 管理员,退出成功！',NULL,NULL,NULL,'127.0.0.1',NULL,NULL,NULL,NULL,NULL,NULL,'2020-06-18 15:08:40',NULL,NULL),('1273513102389657602',1,'用户名: admin,登录成功！',NULL,NULL,NULL,'127.0.0.1',NULL,NULL,NULL,NULL,NULL,NULL,'2020-06-18 15:09:19',NULL,NULL),('1275598478344306689',1,'用户名: 管理员,退出成功！',NULL,NULL,NULL,'127.0.0.1',NULL,NULL,NULL,NULL,NULL,NULL,'2020-06-24 09:15:51',NULL,NULL),('1275702456566530050',1,'用户名: admin,登录成功！',NULL,NULL,NULL,'127.0.0.1',NULL,NULL,NULL,NULL,NULL,NULL,'2020-06-24 16:09:02',NULL,NULL),('1277047402967937025',1,'用户名: 管理员,退出成功！',NULL,NULL,NULL,'127.0.0.1',NULL,NULL,NULL,NULL,NULL,NULL,'2020-06-28 09:13:21',NULL,NULL),('1277047489588703233',1,'用户名: admin,登录成功！',NULL,NULL,NULL,'127.0.0.1',NULL,NULL,NULL,NULL,NULL,NULL,'2020-06-28 09:13:43',NULL,NULL),('1277050498695589890',1,'用户名: 管理员,退出成功！',NULL,NULL,NULL,'127.0.0.1',NULL,NULL,NULL,NULL,NULL,NULL,'2020-06-28 09:25:39',NULL,NULL),('1277050581709254658',1,'用户名: admin,登录成功！',NULL,NULL,NULL,'127.0.0.1',NULL,NULL,NULL,NULL,NULL,NULL,'2020-06-28 09:26:00',NULL,NULL),('1277072196006420481',1,'用户名: admin,登录成功！',NULL,NULL,NULL,'0:0:0:0:0:0:0:1',NULL,NULL,NULL,NULL,NULL,NULL,'2020-06-28 10:51:53',NULL,NULL),('1277120317134577666',1,'用户名: 管理员,退出成功！',NULL,NULL,NULL,'0:0:0:0:0:0:0:1',NULL,NULL,NULL,NULL,NULL,NULL,'2020-06-28 14:03:06',NULL,NULL),('1277122010492542977',1,'用户名: admin,登录成功！',NULL,NULL,NULL,'0:0:0:0:0:0:0:1',NULL,NULL,NULL,NULL,NULL,NULL,'2020-06-28 14:09:50',NULL,NULL),('1277139690742194177',1,'用户名: 管理员,退出成功！',NULL,NULL,NULL,'127.0.0.1',NULL,NULL,NULL,NULL,NULL,NULL,'2020-06-28 15:20:05',NULL,NULL),('1277139930731880450',1,'用户名: admin,登录成功！',NULL,NULL,NULL,'127.0.0.1',NULL,NULL,NULL,NULL,NULL,NULL,'2020-06-28 15:21:02',NULL,NULL),('1277787900007534594',1,'用户名: admin,登录成功！',NULL,NULL,NULL,'127.0.0.1',NULL,NULL,NULL,NULL,NULL,NULL,'2020-06-30 10:15:50',NULL,NULL),('1278486614422441985',1,'用户名: 管理员,退出成功！',NULL,NULL,NULL,'127.0.0.1',NULL,NULL,NULL,NULL,NULL,NULL,'2020-07-02 08:32:17',NULL,NULL),('1278486749030240258',1,'用户名: admin,登录成功！',NULL,NULL,NULL,'127.0.0.1',NULL,NULL,NULL,NULL,NULL,NULL,'2020-07-02 08:32:49',NULL,NULL),('1278958837155270658',1,'用户名: 管理员,退出成功！',NULL,NULL,NULL,'127.0.0.1',NULL,NULL,NULL,NULL,NULL,NULL,'2020-07-03 15:48:43',NULL,NULL),('1278958929392209922',1,'用户名: admin,登录成功！',NULL,NULL,NULL,'127.0.0.1',NULL,NULL,NULL,NULL,NULL,NULL,'2020-07-03 15:49:05',NULL,NULL),('130de55edac71aab730786307cc65936',1,'用户名: admin,登录成功！',NULL,NULL,NULL,'127.0.0.1',NULL,NULL,NULL,NULL,NULL,'jeecg-boot','2019-01-19 20:22:57',NULL,NULL),('131ccd390401b6e3894a37e4d1d195d3',1,'用户名: admin,登录成功！',NULL,NULL,NULL,'127.0.0.1',NULL,NULL,NULL,NULL,NULL,'jeecg-boot','2019-02-24 22:26:52',NULL,NULL),('13c1e763e9d624a69727a38b85411352',1,'用户名: admin,登录成功！',NULL,NULL,NULL,'127.0.0.1',NULL,NULL,NULL,NULL,NULL,'jeecg-boot','2019-02-15 18:39:00',NULL,NULL),('13c83c56a0de8a702aeb2aa0c330e42c',1,'用户名: admin,登录成功！',NULL,NULL,NULL,'127.0.0.1',NULL,NULL,NULL,NULL,NULL,'jeecg-boot','2019-03-30 14:53:52',NULL,NULL),('1487d69ff97888f3a899e2ababb5ae48',1,'用户名: admin,登录成功！',NULL,NULL,NULL,'127.0.0.1',NULL,NULL,NULL,NULL,NULL,'jeecg-boot','2019-01-22 14:21:17',NULL,NULL),('14f447d9b60725cc86b3100a5cb20b75',1,'用户名: admin,登录成功！',NULL,NULL,NULL,'127.0.0.1',NULL,NULL,NULL,NULL,NULL,'jeecg-boot','2019-03-28 19:46:30',NULL,NULL),('151a9f1b01e4e749124d274313cd138c',1,'用户名: admin,登录成功！',NULL,NULL,NULL,'127.0.0.1',NULL,NULL,NULL,NULL,NULL,'jeecg-boot','2019-03-25 11:59:17',NULL,NULL),('1534f0c50e67c5682e91af5160a67a80',1,'用户名: admin,登录成功！',NULL,NULL,NULL,'127.0.0.1',NULL,NULL,NULL,NULL,NULL,'jeecg-boot','2019-04-04 22:47:28',NULL,NULL),('155d2991204d541388d837d1457e56ab',1,'用户名: admin,登录成功！',NULL,NULL,NULL,'127.0.0.1',NULL,NULL,NULL,NULL,NULL,'jeecg-boot','2019-04-02 11:32:57',NULL,NULL),('15b9599cb02b49a62fb4a1a71ccebc18',1,'用户名: admin,登录成功！',NULL,NULL,NULL,'127.0.0.1',NULL,NULL,NULL,NULL,NULL,'jeecg-boot','2019-03-25 12:02:50',NULL,NULL),('189842bf681338dc99dfa66d366a0e6f',1,'用户名: admin,登录成功！',NULL,NULL,NULL,'127.0.0.1',NULL,NULL,NULL,NULL,NULL,'jeecg-boot','2019-02-12 15:55:01',NULL,NULL),('189e3428e35e27dfe92ece2848b10ba8',1,'用户名: admin,登录成功！',NULL,NULL,NULL,'127.0.0.1',NULL,NULL,NULL,NULL,NULL,'jeecg-boot','2019-03-27 15:52:21',NULL,NULL),('18a51a5f04eeaad6530665f6b0883f0c',1,'用户名: admin,登录成功！',NULL,NULL,NULL,'127.0.0.1',NULL,NULL,NULL,NULL,NULL,'jeecg-boot','2019-02-26 14:34:11',NULL,NULL),('18b16a451fec0fe7bf491ab348c65e30',1,'用户名: admin,登录成功！',NULL,NULL,NULL,'127.0.0.1',NULL,NULL,NULL,NULL,NULL,'jeecg-boot','2019-03-16 11:55:45',NULL,NULL),('18eafaeec588403245269a41732d1a74',1,'用户名: admin,登录成功！',NULL,NULL,NULL,'127.0.0.1',NULL,NULL,NULL,NULL,NULL,'jeecg-boot','2019-02-25 10:45:14',NULL,NULL),('190eb7b4d493eb01b13c5b97916eeb13',1,'用户名: admin,登录成功！',NULL,NULL,NULL,'127.0.0.1',NULL,NULL,NULL,NULL,NULL,'jeecg-boot','2019-02-25 11:09:05',NULL,NULL),('1912a44dd4a6ffa1636d2dde9c2f1ab7',1,'用户名: admin,登录成功！',NULL,NULL,NULL,'127.0.0.1',NULL,NULL,NULL,NULL,NULL,'jeecg-boot','2019-02-11 11:01:03',NULL,NULL),('1a570aac0c30ac2955b59e2dc7a6204c',1,'用户名: admin,登录成功！',NULL,NULL,NULL,'127.0.0.1',NULL,NULL,NULL,NULL,NULL,'jeecg-boot','2019-01-19 20:58:26',NULL,NULL),('1a5b71c9458c17f9bcb19a5747fd47dd',1,'用户名: admin,登录成功！',NULL,NULL,NULL,'127.0.0.1',NULL,NULL,NULL,NULL,NULL,'jeecg-boot','2019-01-25 11:56:48',NULL,NULL),('1aa593c64062f0137c0691eabac07521',1,'用户名: admin,登录成功！',NULL,NULL,NULL,'127.0.0.1',NULL,NULL,NULL,NULL,NULL,'jeecg-boot','2019-03-14 10:45:10',NULL,NULL),('1ab7c74d217152081f4fa59e4a56cc7b',1,'用户名: admin,登录成功！',NULL,NULL,NULL,'127.0.0.1',NULL,NULL,NULL,NULL,NULL,'jeecg-boot','2019-03-22 12:03:39',NULL,NULL),('1b05434820cbcb038028da9f5cda31bb',1,'用户名: admin,登录成功！',NULL,NULL,NULL,'127.0.0.1',NULL,NULL,NULL,NULL,NULL,'jeecg-boot','2019-02-22 17:45:16',NULL,NULL),('1bf5c5603b79f749d4ee75965b3698db',1,'用户名: admin,登录成功！',NULL,NULL,NULL,'127.0.0.1',NULL,NULL,NULL,NULL,NULL,'jeecg','2019-05-20 14:54:39',NULL,NULL),('1d970c0e396ffc869e3a723d51f88b46',1,'用户名: admin,登录成功！',NULL,NULL,NULL,'127.0.0.1',NULL,NULL,NULL,NULL,NULL,'jeecg-boot','2019-03-25 13:01:17',NULL,NULL),('1db82f78233c120c6ec7648ca1177986',1,'用户名: admin,登录成功！',NULL,NULL,NULL,'127.0.0.1',NULL,NULL,NULL,NULL,NULL,'jeecg-boot','2019-02-24 23:07:39',NULL,NULL),('1e4533a02fb9c739a3555fa7be6e7899',1,'用户名: admin,登录成功！',NULL,NULL,NULL,'127.0.0.1',NULL,NULL,NULL,NULL,NULL,'jeecg-boot','2019-04-02 10:04:56',NULL,NULL),('1f0b36f7e021aa5d059ffb0a74ef6de4',1,'用户名: admin,登录成功！',NULL,NULL,NULL,'127.0.0.1',NULL,NULL,NULL,NULL,NULL,'jeecg-boot','2019-03-09 23:11:25',NULL,NULL),('1f33d11e1833ae497e3ef65a3f02dd5b',1,'用户名: admin,登录成功！',NULL,NULL,NULL,'127.0.0.1',NULL,NULL,NULL,NULL,NULL,'jeecg-boot','2019-02-21 19:51:12',NULL,NULL),('1f8f46118336b2cacf854c1abf8ae144',1,'用户名: admin,登录成功！',NULL,NULL,NULL,'127.0.0.1',NULL,NULL,NULL,NULL,NULL,'jeecg-boot','2019-04-01 11:02:59',NULL,NULL),('202344b08b69ad70754e6adaa777eae0',1,'用户名: admin,登录成功！',NULL,NULL,NULL,'127.0.0.1',NULL,NULL,NULL,NULL,NULL,'jeecg-boot','2019-02-24 22:54:22',NULL,NULL),('20751803c1e5b2d758b981ba22f61fcd',1,'用户名: admin,登录成功！',NULL,NULL,NULL,'127.0.0.1',NULL,NULL,NULL,NULL,NULL,'jeecg-boot','2019-02-22 18:11:05',NULL,NULL),('20e5887d0c9c7981159fe91a51961141',1,'用户名: admin,登录成功！',NULL,NULL,NULL,'127.0.0.1',NULL,NULL,NULL,NULL,NULL,'jeecg-boot','2019-04-03 20:12:07',NULL,NULL),('20fc3263762c80ab9268ddd3d4b06500',1,'用户名: admin,登录成功！',NULL,NULL,NULL,'127.0.0.1',NULL,NULL,NULL,NULL,NULL,'jeecg-boot','2019-03-21 13:36:44',NULL,NULL),('20fea778f4e1ac5c01b5a5a58e3805be',1,'用户名: admin,登录成功！',NULL,NULL,NULL,'127.0.0.1',NULL,NULL,NULL,NULL,NULL,'jeecg-boot','2019-03-25 19:01:49',NULL,NULL),('210a01dcb34302eaed0d1e95820655d0',1,'用户名: admin,登录成功！',NULL,NULL,NULL,'127.0.0.1',NULL,NULL,NULL,NULL,NULL,'jeecg-boot','2019-02-20 18:30:15',NULL,NULL),('21510ebaa4eca640852420ed6f6cbe01',1,'用户名: admin,登录成功！',NULL,NULL,NULL,'127.0.0.1',NULL,NULL,NULL,NULL,NULL,'jeecg-boot','2019-04-10 11:41:26',NULL,NULL),('217aa2f713b0903e6be699136e374012',1,'用户名: admin,登录成功！',NULL,NULL,NULL,'127.0.0.1',NULL,NULL,NULL,NULL,NULL,'jeecg-boot','2019-03-27 20:07:32',NULL,NULL),('2186244ae450e83d1487aa01fbeae664',1,'用户名: admin,登录成功！',NULL,NULL,NULL,'127.0.0.1',NULL,NULL,NULL,NULL,NULL,'jeecg-boot','2019-03-29 14:47:43',NULL,NULL),('21910e350c9083e107d39ff4278f51d6',1,'用户名: admin,登录成功！',NULL,NULL,NULL,'127.0.0.1',NULL,NULL,NULL,NULL,NULL,'jeecg-boot','2019-03-30 18:14:59',NULL,NULL),('21b8493a05050584d9bb06cfc2a05a6b',1,'用户名: admin,登录成功！',NULL,NULL,NULL,'127.0.0.1',NULL,NULL,NULL,NULL,NULL,'jeecg-boot','2019-03-05 17:29:52',NULL,NULL),('21bad1470a40da8336294ca7330f443d',1,'用户名: admin,登录成功！',NULL,NULL,NULL,'127.0.0.1',NULL,NULL,NULL,NULL,NULL,'jeecg-boot','2019-03-18 17:35:32',NULL,NULL),('21fed0f2d080e04cf0901436721a77a6',1,'用户名: admin,登录成功！',NULL,NULL,NULL,'127.0.0.1',NULL,NULL,NULL,NULL,NULL,'jeecg-boot','2019-03-28 21:53:31',NULL,NULL),('2255d6f5e2a3d0839b8b9cfc67816c5c',1,'用户名: admin,登录成功！',NULL,NULL,NULL,'127.0.0.1',NULL,NULL,NULL,NULL,NULL,'jeecg','2019-05-20 15:01:51',NULL,NULL),('22735c059b01949a87cb918f5ef3be76',1,'用户名: admin,登录成功！',NULL,NULL,NULL,'127.0.0.1',NULL,NULL,NULL,NULL,NULL,'jeecg-boot','2019-02-14 22:41:28',NULL,NULL),('22ad9f87788506456c774801389d6a01',1,'用户名: jeecg,登录成功！',NULL,NULL,NULL,'127.0.0.1',NULL,NULL,NULL,NULL,NULL,'jeecg-boot','2019-02-20 17:20:10',NULL,NULL),('22d8a2fbd53eafb21f6f62ae073c0fc1',1,'用户名: admin,登录成功！',NULL,NULL,NULL,'127.0.0.1',NULL,NULL,NULL,NULL,NULL,'jeecg-boot','2019-02-17 22:28:52',NULL,NULL),('2312c2693d6b50ca06799fee0ad2554a',1,'用户名: admin,登录成功！',NULL,NULL,NULL,'127.0.0.1',NULL,NULL,NULL,NULL,NULL,'jeecg-boot','2019-04-02 12:11:32',NULL,NULL),('23176e4b29c3d2f3abadd99ebeffa347',1,'用户名: admin,登录成功！',NULL,NULL,NULL,'127.0.0.1',NULL,NULL,NULL,NULL,NULL,'jeecg-boot','2019-03-09 16:37:50',NULL,NULL),('233e39d8b7aa90459ebef23587c25448',1,'用户名: admin,登录成功！',NULL,NULL,NULL,'127.0.0.1',NULL,NULL,NULL,NULL,NULL,'jeecg-boot','2019-03-22 17:38:36',NULL,NULL),('23a314588249752842447e4f98783be4',1,'用户名: admin,登录成功！',NULL,NULL,NULL,'127.0.0.1',NULL,NULL,NULL,NULL,NULL,'jeecg','2019-05-19 18:28:48',NULL,NULL),('25f8b1b345b1c8a070fe81d715540c85',1,'用户名: admin,登录成功！',NULL,NULL,NULL,'127.0.0.1',NULL,NULL,NULL,NULL,NULL,'jeecg-boot','2019-01-23 15:39:46',NULL,NULL),('260bb025d91b59d0135d635ef85eeb82',1,'用户名: admin,登录成功！',NULL,NULL,NULL,'127.0.0.1',NULL,NULL,NULL,NULL,NULL,'jeecg-boot','2019-01-25 11:40:13',NULL,NULL),('26529d5753ceebbd0d774542ec83a43e',1,'用户名: admin,登录成功！',NULL,NULL,NULL,'127.0.0.1',NULL,NULL,NULL,NULL,NULL,'jeecg-boot','2019-03-22 20:17:41',NULL,NULL),('2659c59136fb1a284ab0642361b10cdd',1,'用户名: admin,登录成功！',NULL,NULL,NULL,'127.0.0.1',NULL,NULL,NULL,NULL,NULL,'jeecg-boot','2019-03-29 18:40:22',NULL,NULL),('2676be4ffc66f83221fd95e23d494827',1,'用户名: admin,登录成功！',NULL,NULL,NULL,'192.168.1.104',NULL,NULL,NULL,NULL,NULL,'jeecg-boot','2019-03-09 21:31:28',NULL,NULL),('26975f09c66025d1c8d87a6894a3c262',1,'用户名: admin,登录成功！',NULL,NULL,NULL,'127.0.0.1',NULL,NULL,NULL,NULL,NULL,'jeecg-boot','2019-02-25 18:29:08',NULL,NULL),('273081678d85acebaa6615973bff31db',1,'用户名: admin,登录成功！',NULL,NULL,NULL,'127.0.0.1',NULL,NULL,NULL,NULL,NULL,'jeecg-boot','2019-01-21 15:02:50',NULL,NULL),('2746af3dd0309cdeeff7d27999fbcda1',1,'用户名: admin,登录成功！',NULL,NULL,NULL,'127.0.0.1',NULL,NULL,NULL,NULL,NULL,'jeecg-boot','2019-02-25 12:52:55',NULL,NULL),('279e519d647f1a4e1f85f9b90ab370b9',1,'用户名: admin,登录成功！',NULL,NULL,NULL,'127.0.0.1',NULL,NULL,NULL,NULL,NULL,'jeecg-boot','2019-01-21 17:01:30',NULL,NULL),('27d23027dc320175d22391d06f50082f',1,'用户名: admin,登录成功！',NULL,NULL,NULL,'127.0.0.1',NULL,NULL,NULL,NULL,NULL,'jeecg-boot','2019-03-20 15:50:06',NULL,NULL),('27e8812c9a16889f14935eecacf188eb',1,'用户名: admin,登录成功！',NULL,NULL,NULL,'127.0.0.1',NULL,NULL,NULL,NULL,NULL,'jeecg-boot','2019-03-19 18:52:19',NULL,NULL),('2811e224e4e8d70f2946c815988b9b7c',1,'用户名: admin,登录成功！',NULL,NULL,NULL,'127.0.0.1',NULL,NULL,NULL,NULL,NULL,'jeecg-boot','2019-02-26 12:08:14',NULL,NULL),('286af82485388bfcd3bb9821ff1a4727',1,'用户名: admin,登录成功！',NULL,NULL,NULL,'127.0.0.1',NULL,NULL,NULL,NULL,NULL,'jeecg-boot','2019-02-25 18:34:37',NULL,NULL);
INSERT INTO `sys_log` VALUES ('28dbc8d16f98fb4b1f481462fcaba48b',1,'用户名: admin,登录成功！',NULL,NULL,NULL,'127.0.0.1',NULL,NULL,NULL,NULL,NULL,'jeecg-boot','2019-03-14 20:56:57',NULL,NULL),('28e8a7ed786eaced3182c70f68c7ea78',1,'用户名: admin,登录成功！',NULL,NULL,NULL,'127.0.0.1',NULL,NULL,NULL,NULL,NULL,'jeecg-boot','2019-02-26 12:18:33',NULL,NULL),('2919d2f18db064978a619707bde4d613',1,'用户名: 管理员,退出成功！',NULL,'admin','管理员','127.0.0.1',NULL,NULL,NULL,NULL,NULL,'admin','2019-04-02 09:58:45',NULL,NULL),('2942a12521ac8e3d441429e6c4b04207',1,'用户名: admin,登录成功！',NULL,NULL,NULL,'127.0.0.1',NULL,NULL,NULL,NULL,NULL,'jeecg-boot','2019-04-04 14:12:10',NULL,NULL),('2966ed2bdf67c9f3306b058d13bef301',1,'用户名: admin,登录成功！',NULL,NULL,NULL,'127.0.0.1',NULL,NULL,NULL,NULL,NULL,'jeecg-boot','2019-03-30 21:25:10',NULL,NULL),('29fb5d4297748af3cd1c7f2611b7a2d6',1,'用户名: admin,登录成功！',NULL,NULL,NULL,'127.0.0.1',NULL,NULL,NULL,NULL,NULL,'jeecg-boot','2019-02-25 17:38:05',NULL,NULL),('2a383edf5445dc8493f5240144ca72f5',1,'用户名: admin,登录成功！',NULL,NULL,NULL,'127.0.0.1',NULL,NULL,NULL,NULL,NULL,'jeecg-boot','2019-02-25 12:56:05',NULL,NULL),('2ab9cf95ac35fdbb8fe976e13c404c41',1,'用户名: admin,登录成功！',NULL,NULL,NULL,'127.0.0.1',NULL,NULL,NULL,NULL,NULL,'jeecg-boot','2019-02-25 11:49:05',NULL,NULL),('2b3be3da6ba9d1ee49f378d729d69c50',1,'用户名: admin,登录成功！',NULL,NULL,NULL,'127.0.0.1',NULL,NULL,NULL,NULL,NULL,'jeecg-boot','2019-01-22 13:24:41',NULL,NULL),('2b433e88db411bef115bc9357ba6a78b',1,'用户名: admin,登录成功！',NULL,NULL,NULL,'192.168.1.105',NULL,NULL,NULL,NULL,NULL,'jeecg-boot','2019-03-11 12:09:36',NULL,NULL),('2b4d33d9be98e1e4cdd408a55f731050',1,'用户名: admin,登录成功！',NULL,NULL,NULL,'127.0.0.1',NULL,NULL,NULL,NULL,NULL,'jeecg-boot','2019-03-19 10:32:00',NULL,NULL),('2b5a76869a7d1900487cd220de378dba',1,'用户名: admin,登录成功！',NULL,NULL,NULL,'127.0.0.1',NULL,NULL,NULL,NULL,NULL,'jeecg-boot','2019-03-05 16:32:00',NULL,NULL),('2b801129457c05d23653ecaca88f1711',1,'用户名: admin,登录成功！',NULL,NULL,NULL,'127.0.0.1',NULL,NULL,NULL,NULL,NULL,'jeecg-boot','2019-04-03 21:44:34',NULL,NULL),('2bca2d6666c1f6630225252c7b31326c',1,'用户名: 管理员,退出成功！',NULL,'admin','管理员','127.0.0.1',NULL,NULL,NULL,NULL,NULL,'admin','2019-05-17 18:30:48',NULL,NULL),('2c6822927334eb0810b71465fd9c4945',1,'用户名: jeecg,登录成功！',NULL,NULL,NULL,'127.0.0.1',NULL,NULL,NULL,NULL,NULL,'jeecg-boot','2019-02-13 16:02:47',NULL,NULL),('2c6ede513b83fbc23aaedb89dbfa868a',1,'用户名: admin,登录成功！',NULL,NULL,NULL,'127.0.0.1',NULL,NULL,NULL,NULL,NULL,'jeecg-boot','2019-02-15 18:03:00',NULL,NULL),('2d5af41d2df82b316ba31fcdf6168d6a',1,'用户名: admin,登录成功！',NULL,NULL,NULL,'127.0.0.1',NULL,NULL,NULL,NULL,NULL,'jeecg','2019-05-17 14:43:58',NULL,NULL),('2de252a92b59ebfbf16860cc563e3865',1,'用户名: admin,登录成功！',NULL,NULL,NULL,'127.0.0.1',NULL,NULL,NULL,NULL,NULL,'jeecg-boot','2019-02-14 22:04:17',NULL,NULL),('2e44c368eda5a7f7a23305b61d82cddb',1,'用户名: admin,登录成功！',NULL,NULL,NULL,'127.0.0.1',NULL,NULL,NULL,NULL,NULL,'jeecg-boot','2019-03-21 18:14:23',NULL,NULL),('2e63fd1b3b6a6145bc04b2a1df18d2f5',1,'用户名: admin,登录成功！',NULL,NULL,NULL,'127.0.0.1',NULL,NULL,NULL,NULL,NULL,'jeecg-boot','2019-03-30 19:01:33',NULL,NULL),('2eb75cb6ca5bc60241e01fa7471c0ccf',1,'用户名: admin,登录成功！',NULL,NULL,NULL,'127.0.0.1',NULL,NULL,NULL,NULL,NULL,'jeecg-boot','2019-04-02 18:34:04',NULL,NULL),('2eb964935df6f3a4d2f3af6ac5f2ded1',1,'用户名: admin,登录成功！',NULL,NULL,NULL,'192.168.1.200',NULL,NULL,NULL,NULL,NULL,'jeecg-boot','2019-03-11 13:27:18',NULL,NULL),('2ebe7f0432f01788d69d39bc6df04a1a',1,'用户名: admin,登录成功！',NULL,NULL,NULL,'127.0.0.1',NULL,NULL,NULL,NULL,NULL,'jeecg-boot','2019-03-17 18:05:09',NULL,NULL),('2fecb508d344c5b3a40f471d7b110f14',1,'用户名: admin,登录成功！',NULL,NULL,NULL,'127.0.0.1',NULL,NULL,NULL,NULL,NULL,'jeecg-boot','2019-03-17 17:36:53',NULL,NULL),('3087ac4988a961fa1ec0b4713615c719',1,'用户名: admin,登录成功！',NULL,NULL,NULL,'127.0.0.1',NULL,NULL,NULL,NULL,NULL,'jeecg-boot','2019-04-01 22:54:24',NULL,NULL),('30da94dd068a5a57f3cece2ca5ac1a25',1,'用户名: admin,登录成功！',NULL,NULL,NULL,'127.0.0.1',NULL,NULL,NULL,NULL,NULL,'jeecg-boot','2019-03-17 18:01:43',NULL,NULL),('30ec2dc50347240f131c1004ee9b3a40',1,'用户名: admin,登录成功！',NULL,NULL,NULL,'127.0.0.1',NULL,NULL,NULL,NULL,NULL,'jeecg-boot','2019-04-11 10:19:05',NULL,NULL),('310bb368795f4985ed4eada030a435a0',1,'用户名: admin,登录成功！',NULL,NULL,NULL,'127.0.0.1',NULL,NULL,NULL,NULL,NULL,'jeecg-boot','2019-04-04 23:22:20',NULL,NULL),('317e3ae1b6ccdfb5db6940789e12d300',1,'用户名: 管理员,退出成功！',NULL,'admin','管理员','127.0.0.1',NULL,NULL,NULL,NULL,NULL,'admin','2019-04-03 21:44:31',NULL,NULL),('32464c6f7f772ddda0a963b19ad2fd70',1,'用户名: admin,登录成功！',NULL,NULL,NULL,'127.0.0.1',NULL,NULL,NULL,NULL,NULL,'jeecg-boot','2019-01-23 11:30:20',NULL,NULL),('3267222d9387284b864792531b450bfe',1,'用户名: admin,登录成功！',NULL,NULL,NULL,'127.0.0.1',NULL,NULL,NULL,NULL,NULL,'jeecg-boot','2019-03-19 10:33:23',NULL,NULL),('326b2df4ab05a8dbb03a0a0087e82a25',1,'用户名: admin,登录成功！',NULL,NULL,NULL,'127.0.0.1',NULL,NULL,NULL,NULL,NULL,'jeecg-boot','2019-03-10 11:53:20',NULL,NULL),('335956cbad23d1974138752199bf1d84',1,'用户名: admin,登录成功！',NULL,NULL,NULL,'127.0.0.1',NULL,NULL,NULL,NULL,NULL,'jeecg-boot','2019-04-10 10:05:36',NULL,NULL),('337b647a4085e48f61c7832e6527517d',1,'用户名: admin,登录成功！',NULL,NULL,NULL,'127.0.0.1',NULL,NULL,NULL,NULL,NULL,'jeecg-boot','2019-02-26 11:45:16',NULL,NULL),('34a6b86424857a63159f0e8254e238c2',1,'用户名: admin,登录成功！',NULL,NULL,NULL,'127.0.0.1',NULL,NULL,NULL,NULL,NULL,'jeecg-boot','2019-03-21 18:22:08',NULL,NULL),('3569ada5c43a4022d3d13ac801aff40e',1,'用户名: admin,登录成功！',NULL,NULL,NULL,'127.0.0.1',NULL,NULL,NULL,NULL,NULL,'jeecg-boot','2019-02-24 14:50:55',NULL,NULL),('35fdedc363d9fe514b44095da40f170b',1,'用户名: admin,登录成功！',NULL,NULL,NULL,'127.0.0.1',NULL,NULL,NULL,NULL,NULL,'jeecg-boot','2019-02-25 10:51:30',NULL,NULL),('3612f8d40add5a7754ea3d54de0b5f20',1,'用户名: admin,登录成功！',NULL,NULL,NULL,'127.0.0.1',NULL,NULL,NULL,NULL,NULL,'jeecg-boot','2019-03-21 19:59:59',NULL,NULL),('36358cacfc5eb3ba7e85cfe156218b71',1,'用户名: admin,登录成功！',NULL,NULL,NULL,'127.0.0.1',NULL,NULL,NULL,NULL,NULL,'jeecg-boot','2019-01-25 19:14:17',NULL,NULL),('3683743d1936d06f3aaa03d6470e5178',1,'用户名: admin,登录成功！',NULL,NULL,NULL,'127.0.0.1',NULL,NULL,NULL,NULL,NULL,'jeecg-boot','2019-03-30 22:40:12',NULL,NULL),('36fd54ce8bc1ee4aac9e3ea4bfdcd5a8',1,'用户名: admin,登录成功！',NULL,NULL,NULL,'127.0.0.1',NULL,NULL,NULL,NULL,NULL,'jeecg-boot','2019-01-29 18:49:34',NULL,NULL),('375aadb2833e57a0d5a2ce0546a65ca4',1,'用户名: admin,登录成功！',NULL,NULL,NULL,'127.0.0.1',NULL,NULL,NULL,NULL,NULL,'jeecg-boot','2019-03-07 20:38:52',NULL,NULL),('3767186b722b7fefd465e147d3170ad1',1,'用户名: admin,登录成功！',NULL,NULL,NULL,'127.0.0.1',NULL,NULL,NULL,NULL,NULL,'jeecg-boot','2019-03-26 21:57:19',NULL,NULL),('378b44af9c1042c1438450b11c707fcf',1,'用户名: admin,登录成功！',NULL,NULL,NULL,'127.0.0.1',NULL,NULL,NULL,NULL,NULL,'jeecg-boot','2019-03-18 16:07:39',NULL,NULL),('37ca8ff7098b9d118adb0a586bdc0d13',1,'用户名: admin,登录成功！',NULL,NULL,NULL,'127.0.0.1',NULL,NULL,NULL,NULL,NULL,'jeecg-boot','2019-03-21 13:46:07',NULL,NULL),('3836dc3f91d072e838092bc8d3143906',1,'用户名: admin,登录成功！',NULL,NULL,NULL,'127.0.0.1',NULL,NULL,NULL,NULL,NULL,'jeecg-boot','2019-04-02 12:50:32',NULL,NULL),('39caf3d5d308001aeb0a18e15ae480b9',1,'用户名: admin,登录成功！',NULL,NULL,NULL,'127.0.0.1',NULL,NULL,NULL,NULL,NULL,'jeecg-boot','2019-03-21 10:31:07',NULL,NULL),('3a0330033a8d3b51ffbfb2e0a7db9bba',1,'用户名: jeecg,登录成功！',NULL,NULL,NULL,'127.0.0.1',NULL,NULL,NULL,NULL,NULL,'jeecg-boot','2019-03-25 12:54:27',NULL,NULL),('3a290289b4b30a1caaac2d03ad3161cd',1,'用户名: admin,登录成功！',NULL,NULL,NULL,'127.0.0.1',NULL,NULL,NULL,NULL,NULL,'jeecg-boot','2019-03-25 11:58:13',NULL,NULL),('3a4a0e27d77aa8b624180e5fd5e4004e',1,'用户名: admin,登录成功！',NULL,NULL,NULL,'127.0.0.1',NULL,NULL,NULL,NULL,NULL,'jeecg-boot','2019-02-20 09:51:58',NULL,NULL),('3a76114e431912ff9a19a4b6eb795112',1,'用户名: admin,登录成功！',NULL,NULL,NULL,'127.0.0.1',NULL,NULL,NULL,NULL,NULL,'jeecg-boot','2019-02-26 12:19:41',NULL,NULL),('3b07fda32423a5696b2097e1c23c00d4',1,'用户名: admin,登录成功！',NULL,NULL,NULL,'127.0.0.1',NULL,NULL,NULL,NULL,NULL,'jeecg-boot','2019-01-21 16:04:32',NULL,NULL),('3ba1e54aa9aa760b59dfe1d1259459bc',1,'用户名: admin,登录成功！',NULL,NULL,NULL,'127.0.0.1',NULL,NULL,NULL,NULL,NULL,'jeecg-boot','2019-03-29 09:44:07',NULL,NULL),('3bc73699a9fd3245b87336787422729b',1,'用户名: admin,登录成功！',NULL,NULL,NULL,'127.0.0.1',NULL,NULL,NULL,NULL,NULL,'jeecg-boot','2019-03-21 13:41:07',NULL,NULL),('3d25a4cdd75b9c4c137394ce68e67154',1,'用户名: admin,登录成功！',NULL,NULL,NULL,'127.0.0.1',NULL,NULL,NULL,NULL,NULL,'jeecg-boot','2019-03-20 09:59:31',NULL,NULL),('3d9874f248a984608ca98c36c21c5a7a',1,'用户名: admin,登录成功！',NULL,NULL,NULL,'127.0.0.1',NULL,NULL,NULL,NULL,NULL,'jeecg-boot','2019-01-24 13:05:56',NULL,NULL),('3e2574b7b723fbc9c712b8e200ea0c84',1,'用户名: admin,登录成功！',NULL,NULL,NULL,'127.0.0.1',NULL,NULL,NULL,NULL,NULL,'jeecg-boot','2019-04-10 14:24:34',NULL,NULL),('3e6116220fa8d4808175738c6de51b12',1,'用户名: admin,登录成功！',NULL,NULL,NULL,'127.0.0.1',NULL,NULL,NULL,NULL,NULL,'jeecg-boot','2019-04-03 21:04:46',NULL,NULL),('3e64011b4bea7cdb76953bfbf57135ce',1,'用户名: admin,登录成功！',NULL,NULL,NULL,'127.0.0.1',NULL,NULL,NULL,NULL,NULL,'jeecg-boot','2019-04-10 23:09:32',NULL,NULL),('3e69108be63179550afe424330a8a9e4',1,'用户名: 管理员,退出成功！',NULL,'admin','管理员','127.0.0.1',NULL,NULL,NULL,NULL,NULL,'admin','2019-04-02 18:38:05',NULL,NULL),('3ec2023daa4a7d6a542bf28b11acf586',1,'用户名: admin,登录成功！',NULL,NULL,NULL,'127.0.0.1',NULL,NULL,NULL,NULL,NULL,'jeecg-boot','2019-03-18 16:18:20',NULL,NULL),('3f47afcdce94596494746ac34eebf13b',1,'用户名: admin,登录成功！',NULL,NULL,NULL,'127.0.0.1',NULL,NULL,NULL,NULL,NULL,'jeecg-boot','2019-02-22 13:59:10',NULL,NULL),('3fd0d771bbdd34fae8b48690ddd57799',1,'用户名: admin,登录成功！',NULL,NULL,NULL,'127.0.0.1',NULL,NULL,NULL,NULL,NULL,'jeecg-boot','2019-03-19 17:17:22',NULL,NULL),('40209016cadff6b571a8150c6218cfa8',1,'用户名: admin,登录成功！',NULL,NULL,NULL,'127.0.0.1',NULL,NULL,NULL,NULL,NULL,'jeecg','2019-05-18 11:33:28',NULL,NULL),('404d5fb6cce1001c3553a69089a618c8',1,'用户名: admin,登录成功！',NULL,NULL,NULL,'127.0.0.1',NULL,NULL,NULL,NULL,NULL,'jeecg-boot','2019-03-11 12:29:12',NULL,NULL),('406e79995e3340d052d85a74a5d40d1b',1,'用户名: admin,登录成功！',NULL,NULL,NULL,'127.0.0.1',NULL,NULL,NULL,NULL,NULL,'jeecg-boot','2019-02-13 16:23:16',NULL,NULL),('4084f184160940a96e47d7be1fab4ea3',1,'用户名: admin,登录成功！',NULL,NULL,NULL,'127.0.0.1',NULL,NULL,NULL,NULL,NULL,'jeecg-boot','2019-02-25 10:51:11',NULL,NULL),('40b3a9bee45b23548250936310b273f4',1,'用户名: admin,登录成功！',NULL,NULL,NULL,'127.0.0.1',NULL,NULL,NULL,NULL,NULL,'jeecg-boot','2019-01-30 14:42:03',NULL,NULL),('4114145795da30b34545e9e39b7822d9',1,'用户名: admin,登录成功！',NULL,NULL,NULL,'127.0.0.1',NULL,NULL,NULL,NULL,NULL,'jeecg-boot','2019-02-26 14:39:33',NULL,NULL),('4218b30015501ee966548c139c14f43f',1,'用户名: 管理员,退出成功！',NULL,'admin','管理员','127.0.0.1',NULL,NULL,NULL,NULL,NULL,'admin','2019-04-02 10:11:35',NULL,NULL),('4234117751af62ac87343cbf8a6f1e0f',1,'用户名: admin,登录成功！',NULL,NULL,NULL,'127.0.0.1',NULL,NULL,NULL,NULL,NULL,'jeecg-boot','2019-04-02 10:17:17',NULL,NULL),('4261867172d0fd5c04c993638661ac0b',1,'用户名: admin,登录成功！',NULL,NULL,NULL,'127.0.0.1',NULL,NULL,NULL,NULL,NULL,'jeecg-boot','2019-01-23 11:24:47',NULL,NULL),('42aef93749cc6222d5debe3fb31ba41b',1,'用户名: admin,登录成功！',NULL,NULL,NULL,'127.0.0.1',NULL,NULL,NULL,NULL,NULL,'jeecg-boot','2019-03-30 15:51:04',NULL,NULL),('42bf42af90d4df949ad0a6cd1b39805e',1,'用户名: admin,登录成功！',NULL,NULL,NULL,'192.168.1.200',NULL,NULL,NULL,NULL,NULL,'jeecg-boot','2019-03-11 17:39:01',NULL,NULL),('4303dbb3e502f11a3c4078f899bb3070',1,'用户名: admin,登录成功！',NULL,NULL,NULL,'127.0.0.1',NULL,NULL,NULL,NULL,NULL,'jeecg-boot','2019-02-14 17:28:44',NULL,NULL),('43079866b75ee6a031835795bb681e16',1,'用户名: 管理员,退出成功！',NULL,'admin','管理员','127.0.0.1',NULL,NULL,NULL,NULL,NULL,'admin','2019-04-04 22:44:16',NULL,NULL),('432067d777447423f1ce3db11a273f6f',1,'用户名: admin,登录成功！',NULL,NULL,NULL,'127.0.0.1',NULL,NULL,NULL,NULL,NULL,'jeecg-boot','2019-04-02 09:47:17',NULL,NULL),('43536edd8aa99f9b120872e2c768206c',1,'用户名: admin,登录成功！',NULL,NULL,NULL,'127.0.0.1',NULL,NULL,NULL,NULL,NULL,'jeecg-boot','2019-04-03 10:53:26',NULL,NULL),('43848099c1e70910ba1572868ee40415',1,'用户名: admin,登录成功！',NULL,NULL,NULL,'127.0.0.1',NULL,NULL,NULL,NULL,NULL,'jeecg-boot','2019-01-22 11:28:48',NULL,NULL),('445436e800d306ec1d7763c0fe28ad38',1,'用户名: admin,登录成功！',NULL,NULL,NULL,'127.0.0.1',NULL,NULL,NULL,NULL,NULL,'jeecg-boot','2019-03-20 11:43:00',NULL,NULL),('446724ea6dd41f4a03111c42e00d80cd',1,'用户名: admin,登录成功！',NULL,NULL,NULL,'127.0.0.1',NULL,NULL,NULL,NULL,NULL,'jeecg-boot','2019-01-19 16:56:36',NULL,NULL),('45819fe1b96af820575a12e9f973014e',1,'用户名: admin,登录成功！',NULL,NULL,NULL,'127.0.0.1',NULL,NULL,NULL,NULL,NULL,'jeecg-boot','2019-03-07 09:19:22',NULL,NULL),('45f0309632984f5f7c70b3d40dbafe8b',1,'用户名: 管理员,退出成功！',NULL,'admin','管理员','127.0.0.1',NULL,NULL,NULL,NULL,NULL,'admin','2019-04-02 09:59:46',NULL,NULL),('472c34745b8f86a46efa28f408465a63',1,'用户名: admin,登录成功！',NULL,NULL,NULL,'127.0.0.1',NULL,NULL,NULL,NULL,NULL,'jeecg-boot','2019-02-25 17:56:31',NULL,NULL),('477592ab95cd219a2ccad79de2f69f51',1,'用户名: admin,登录成功！',NULL,NULL,NULL,'127.0.0.1',NULL,NULL,NULL,NULL,NULL,'jeecg-boot','2019-04-05 10:38:24',NULL,NULL),('4778fe2992fd5efd65f86cb0e00e338e',1,'用户名: admin,登录成功！',NULL,NULL,NULL,'127.0.0.1',NULL,NULL,NULL,NULL,NULL,'jeecg-boot','2019-02-25 17:53:11',NULL,NULL),('47c5a5b799e10255c96ccd65286541ef',1,'用户名: admin,登录成功！',NULL,NULL,NULL,'127.0.0.1',NULL,NULL,NULL,NULL,NULL,'jeecg-boot','2019-02-26 11:50:35',NULL,NULL),('4816854636129e31c2a5f9d38af842ef',1,'用户名: 管理员,退出成功！',NULL,'admin','管理员','127.0.0.1',NULL,NULL,NULL,NULL,NULL,'admin','2019-03-25 12:45:54',NULL,NULL),('484cdb8db40e3f76ef686552f57d8099',1,'用户名: admin,登录成功！',NULL,NULL,NULL,'127.0.0.1',NULL,NULL,NULL,NULL,NULL,'jeecg-boot','2019-03-28 18:14:49',NULL,NULL),('488fc8f3d040fa75c6802898ea88f7d6',1,'用户名: admin,登录成功！',NULL,NULL,NULL,'127.0.0.1',NULL,NULL,NULL,NULL,NULL,'jeecg','2019-05-20 11:38:38',NULL,NULL),('48929ec94226d9ccff9fae4ff48e95e3',1,'用户名: admin,登录成功！',NULL,NULL,NULL,'127.0.0.1',NULL,NULL,NULL,NULL,NULL,'jeecg-boot','2019-02-20 18:32:55',NULL,NULL),('48e4e10ac7e583050fd85734f0676a7c',1,'用户名: admin,登录成功！',NULL,NULL,NULL,'127.0.0.1',NULL,NULL,NULL,NULL,NULL,'jeecg-boot','2019-01-22 19:58:08',NULL,NULL),('48e5faf2d21ead650422dc2eaf1bb6c5',1,'用户名: admin,登录成功！',NULL,NULL,NULL,'127.0.0.1',NULL,NULL,NULL,NULL,NULL,'jeecg-boot','2019-03-25 22:08:09',NULL,NULL),('48eac0dd1c11fe8f0cb49f1bd14529c2',1,'用户名: jeecg,登录成功！',NULL,NULL,NULL,'127.0.0.1',NULL,NULL,NULL,NULL,NULL,'jeecg-boot','2019-03-25 13:01:31',NULL,NULL),('4922f2f1173a1edc11dfd11cb2a100ae',1,'用户名: admin,登录成功！',NULL,NULL,NULL,'127.0.0.1',NULL,NULL,NULL,NULL,NULL,'jeecg-boot','2019-02-20 18:08:27',NULL,NULL),('4930e32672465979adbc592e116226a6',1,'用户名: admin,登录成功！',NULL,NULL,NULL,'127.0.0.1',NULL,NULL,NULL,NULL,NULL,'jeecg-boot','2019-03-28 16:53:28',NULL,NULL),('49d48fda33126595f6936a5d64e47af0',1,'用户名: admin,登录成功！',NULL,NULL,NULL,'127.0.0.1',NULL,NULL,NULL,NULL,NULL,'jeecg-boot','2019-03-19 13:17:51',NULL,NULL),('49f1ec54eb16af2001ff6809a089e940',1,'用户名: admin,登录成功！',NULL,NULL,NULL,'127.0.0.1',NULL,NULL,NULL,NULL,NULL,'jeecg-boot','2019-03-17 17:59:10',NULL,NULL),('4a0020835a71fc6dcaefd01968d21f81',1,'用户名: admin,登录成功！',NULL,NULL,NULL,'127.0.0.1',NULL,NULL,NULL,NULL,NULL,'jeecg-boot','2019-01-30 18:46:37',NULL,NULL),('4aa770f37a7de0039ba0f720c5246486',1,'用户名: admin,登录成功！',NULL,NULL,NULL,'127.0.0.1',NULL,NULL,NULL,NULL,NULL,'jeecg-boot','2019-03-17 17:26:12',NULL,NULL),('4ab79469ba556fa890258a532623d1dc',1,'用户名: admin,登录成功！',NULL,NULL,NULL,'127.0.0.1',NULL,NULL,NULL,NULL,NULL,'jeecg-boot','2019-03-25 12:54:20',NULL,NULL),('4acfbc327681d89dab861c77401f8992',1,'用户名: admin,登录成功！',NULL,NULL,NULL,'127.0.0.1',NULL,NULL,NULL,NULL,NULL,'jeecg-boot','2019-01-28 10:54:36',NULL,NULL),('4b1341863a8fffeccda8bbe413bd815f',1,'用户名: admin,登录成功！',NULL,NULL,NULL,'127.0.0.1',NULL,NULL,NULL,NULL,NULL,'jeecg-boot','2019-01-19 15:59:52',NULL,NULL),('4ba055970859a6f1afcc01227cb82a2d',1,'用户名: admin,登录成功！',NULL,NULL,NULL,'127.0.0.1',NULL,NULL,NULL,NULL,NULL,'jeecg-boot','2019-03-29 09:43:56',NULL,NULL),('4d1be4b4991a5c2d4d17d0275e4209cf',1,'用户名: admin,登录成功！',NULL,NULL,NULL,'127.0.0.1',NULL,NULL,NULL,NULL,NULL,'jeecg-boot','2019-04-05 20:47:21',NULL,NULL),('4d9299e2daac1f49eac0cec75a90c32e',1,'用户名: admin,登录成功！',NULL,NULL,NULL,'127.0.0.1',NULL,NULL,NULL,NULL,NULL,'jeecg-boot','2019-01-22 11:28:39',NULL,NULL),('4de1ed55165f7086f1a425a26a2f56ec',1,'用户名: jeecg,登录成功！',NULL,NULL,NULL,'127.0.0.1',NULL,NULL,NULL,NULL,NULL,'jeecg-boot','2019-02-13 16:26:27',NULL,NULL),('4f31f3ebaf5d1a159d2bb11dd9984909',1,'用户名: admin,登录成功！',NULL,NULL,NULL,'127.0.0.1',NULL,NULL,NULL,NULL,NULL,'jeecg-boot','2019-03-15 11:14:15',NULL,NULL),('4f7f587bec68ed5bf9f68b0ccd76d62b',1,'用户名: admin,登录成功！',NULL,NULL,NULL,'127.0.0.1',NULL,NULL,NULL,NULL,NULL,'jeecg-boot','2019-02-19 21:01:47',NULL,NULL),('5034aec34f0b79da510e66008dbf2fcc',1,'用户名: admin,登录成功！',NULL,NULL,NULL,'127.0.0.1',NULL,NULL,NULL,NULL,NULL,'jeecg-boot','2019-02-19 16:18:29',NULL,NULL),('506ce2d73a038b6e491a35a6c74a7343',1,'用户名: admin,登录成功！',NULL,NULL,NULL,'127.0.0.1',NULL,NULL,NULL,NULL,NULL,'jeecg-boot','2019-02-14 13:44:04',NULL,NULL),('507b55d3b5ddc487fb40ca1f716a1253',1,'用户名: admin,登录成功！',NULL,NULL,NULL,'127.0.0.1',NULL,NULL,NULL,NULL,NULL,'jeecg-boot','2019-01-21 15:43:02',NULL,NULL),('50e8de3e6b45f8625b8fd5590c9fd834',1,'用户名: admin,登录成功！',NULL,NULL,NULL,'127.0.0.1',NULL,NULL,NULL,NULL,NULL,'jeecg-boot','2019-02-22 18:23:18',NULL,NULL),('515c28df59f07478339b61ca5b1b54a8',1,'用户名: admin,登录成功！',NULL,NULL,NULL,'127.0.0.1',NULL,NULL,NULL,NULL,NULL,'jeecg-boot','2019-01-24 10:34:51',NULL,NULL),('51aeabed335ab4e238640a4d17dd51a3',1,'用户名: admin,登录成功！',NULL,NULL,NULL,'127.0.0.1',NULL,NULL,NULL,NULL,NULL,'jeecg-boot','2019-04-12 10:12:41',NULL,NULL),('523a54948d5edaf421566014b66f9465',1,'用户名: admin,登录成功！',NULL,NULL,NULL,'127.0.0.1',NULL,NULL,NULL,NULL,NULL,'jeecg-boot','2019-01-22 19:50:27',NULL,NULL),('52673feae24ea5bc3ca111f19c9a85d4',1,'用户名: admin,登录成功！',NULL,NULL,NULL,'127.0.0.1',NULL,NULL,NULL,NULL,NULL,'jeecg-boot','2019-01-21 15:16:46',NULL,NULL),('528baecc596a66eaadc8887bff911f55',1,'用户名: admin,登录成功！',NULL,NULL,NULL,'127.0.0.1',NULL,NULL,NULL,NULL,NULL,'jeecg-boot','2019-02-19 10:08:48',NULL,NULL),('52e36d72cd04bea2604747e006b038ec',1,'用户名: admin,登录成功！',NULL,NULL,NULL,'127.0.0.1',NULL,NULL,NULL,NULL,NULL,'jeecg-boot','2019-01-22 19:47:17',NULL,NULL),('52fde989fb8bb78d03fb9c14242f5613',1,'用户名: admin,登录成功！',NULL,'admin','管理员','127.0.0.1',NULL,NULL,NULL,NULL,NULL,'admin','2019-03-20 17:04:09',NULL,NULL),('5323f848cddbb80ba4f0d19c0580eba9',1,'用户名: admin,登录成功！',NULL,NULL,NULL,'127.0.0.1',NULL,NULL,NULL,NULL,NULL,'jeecg-boot','2019-03-22 22:58:40',NULL,NULL),('5358b182eab53a79eec236a9cee1e0fc',1,'用户名: admin,登录成功！',NULL,NULL,NULL,'127.0.0.1',NULL,NULL,NULL,NULL,NULL,'jeecg-boot','2019-03-09 13:01:21',NULL,NULL),('543970eba4d1c522e3cb597b0fd4ad13',1,'用户名: admin,登录成功！',NULL,NULL,NULL,'127.0.0.1',NULL,NULL,NULL,NULL,NULL,'jeecg-boot','2019-01-19 22:53:18',NULL,NULL),('54c2bad38dafd9e636ce992aa93b26af',1,'用户名: admin,登录成功！',NULL,NULL,NULL,'127.0.0.1',NULL,NULL,NULL,NULL,NULL,'jeecg-boot','2019-03-07 11:57:14',NULL,NULL),('5554869b3475770046602061775e0e57',1,'用户名: admin,登录成功！',NULL,NULL,NULL,'127.0.0.1',NULL,NULL,NULL,NULL,NULL,'jeecg-boot','2019-03-28 14:38:05',NULL,NULL),('557b3c346d9bc8f7a83fac9f5b12dc1b',1,'用户名: admin,登录成功！',NULL,NULL,NULL,'127.0.0.1',NULL,NULL,NULL,NULL,NULL,'jeecg-boot','2019-02-26 12:20:28',NULL,NULL),('55d649432efa7eaecd750b4b6b883f83',1,'用户名: admin,登录成功！',NULL,NULL,NULL,'127.0.0.1',NULL,NULL,NULL,NULL,NULL,'jeecg-boot','2019-04-04 22:44:19',NULL,NULL),('55e906361eeabb6ec16d66c7196a06f0',1,'用户名: admin,登录成功！',NULL,NULL,NULL,'127.0.0.1',NULL,NULL,NULL,NULL,NULL,'jeecg-boot','2019-04-02 12:50:20',NULL,NULL),('562092eb81561ee0f63be5dd9367d298',1,'用户名: admin,登录成功！',NULL,NULL,NULL,'127.0.0.1',NULL,NULL,NULL,NULL,NULL,'jeecg-boot','2019-02-24 22:20:59',NULL,NULL),('57264fff74c4f857bddf5d766951f3c9',2,'添加测试DEMO',NULL,'admin','管理员','127.0.0.1','org.jeecg.modules.demo.test.controller.JeecgDemoController.add()',NULL,'[{\"createBy\":\"admin\",\"createTime\":1558262155067,\"id\":\"dcb45a2fc661e5cdc341b806e5914873\",\"name\":\"111\",\"sysOrgCode\":\"A01\"}]',NULL,5,'admin','2019-05-19 18:35:55',NULL,NULL),('580256f7c7ea658786dba919009451b6',1,'用户名: admin,登录成功！',NULL,NULL,NULL,'127.0.0.1',NULL,NULL,NULL,NULL,NULL,'jeecg-boot','2019-02-25 17:39:43',NULL,NULL),('583d3aa445d408f4ecd19ee0a85514af',1,'用户名: admin,登录成功！',NULL,NULL,NULL,'127.0.0.1',NULL,NULL,NULL,NULL,NULL,'jeecg-boot','2019-02-25 11:18:04',NULL,NULL),('5858f2f8436460a94a517904c0bfcacb',1,'用户名: admin,登录成功！',NULL,NULL,NULL,'127.0.0.1',NULL,NULL,NULL,NULL,NULL,'jeecg-boot','2019-03-22 23:42:21',NULL,NULL),('586002e1fb4e60902735070bab48afe3',1,'用户名: admin,登录成功！',NULL,NULL,NULL,'127.0.0.1',NULL,NULL,NULL,NULL,NULL,'jeecg-boot','2019-03-27 16:18:52',NULL,NULL),('586e8244eff6d6761077ef15ab9a82d9',1,'用户名: admin,登录成功！',NULL,NULL,NULL,'127.0.0.1',NULL,NULL,NULL,NULL,NULL,'jeecg-boot','2019-03-18 23:03:51',NULL,NULL),('5902fb4ba61ccf7ff4d2dd97072b7e5b',1,'用户名: admin,登录成功！',NULL,NULL,NULL,'127.0.0.1',NULL,NULL,NULL,NULL,NULL,'jeecg-boot','2019-03-21 13:48:30',NULL,NULL),('59558082e1b1d754fa3def125ed4db3c',1,'用户名: admin,登录成功！',NULL,NULL,NULL,'127.0.0.1',NULL,NULL,NULL,NULL,NULL,'jeecg-boot','2019-03-28 18:24:19',NULL,NULL),('5bca377b50c362009738d612cac82006',1,'用户名: admin,登录成功！',NULL,NULL,NULL,'127.0.0.1',NULL,NULL,NULL,NULL,NULL,'jeecg','2019-05-20 14:54:38',NULL,NULL),('5c04e3d9429e3bcff4d55f6205c4aa83',1,'用户名: admin,登录成功！',NULL,NULL,NULL,'127.0.0.1',NULL,NULL,NULL,NULL,NULL,'jeecg-boot','2019-03-30 18:14:29',NULL,NULL),('5c35117cbeb39428fcc2ddd90ce96a2b',1,'用户名: jeecg,登录成功！',NULL,NULL,NULL,'127.0.0.1',NULL,NULL,NULL,NULL,NULL,'jeecg-boot','2019-02-20 17:18:51',NULL,NULL),('5c48703e3a2d4f81ee5227f0e2245990',1,'用户名: 管理员,退出成功！',NULL,'admin','管理员','127.0.0.1',NULL,NULL,NULL,NULL,NULL,'admin','2019-04-04 23:12:04',NULL,NULL),('5c675eeb69795180eee2c1069efc114b',1,'用户名: admin,登录成功！',NULL,NULL,NULL,'127.0.0.1',NULL,NULL,NULL,NULL,NULL,'jeecg-boot','2019-02-15 12:59:43',NULL,NULL),('5c7e834e089ef86555d8c2627b1b29b5',1,'用户名: admin,登录成功！',NULL,NULL,NULL,'127.0.0.1',NULL,NULL,NULL,NULL,NULL,'jeecg-boot','2019-03-20 11:25:26',NULL,NULL),('5cf2431447eab30fd3623e831033eea0',1,'用户名: admin,登录成功！',NULL,NULL,NULL,'127.0.0.1',NULL,NULL,NULL,NULL,NULL,'jeecg-boot','2019-02-12 19:17:29',NULL,NULL),('5d8ed15778aa7d99224ee62c606589fb',1,'用户名: 管理员,退出成功！',NULL,'admin','管理员','127.0.0.1',NULL,NULL,NULL,NULL,NULL,'admin','2019-03-30 15:51:02',NULL,NULL),('5dee273feb8dd12989b40c2c92ce8c4a',1,'用户名: admin,登录成功！',NULL,NULL,NULL,'127.0.0.1',NULL,NULL,NULL,NULL,NULL,'jeecg-boot','2019-02-15 13:42:58',NULL,NULL),('5e8bac7831de49146d568c9a8477ddad',1,'用户名: admin,登录成功！',NULL,NULL,NULL,'127.0.0.1',NULL,NULL,NULL,NULL,NULL,'jeecg-boot','2019-03-25 12:16:37',NULL,NULL),('5ea258e1f478d27e0879e2f4bcb89ecd',1,'用户名: admin,登录成功！',NULL,NULL,NULL,'127.0.0.1',NULL,NULL,NULL,NULL,NULL,'jeecg-boot','2019-03-21 14:01:59',NULL,NULL),('5ee6d5fe1e6adcc4ad441b230fae802d',1,'用户名: admin,登录成功！',NULL,NULL,NULL,'127.0.0.1',NULL,NULL,NULL,NULL,NULL,'jeecg-boot','2019-04-11 15:56:33',NULL,NULL),('5f00b5514a11cd2fe240c131e9ddd136',1,'用户名: admin,登录成功！',NULL,NULL,NULL,'127.0.0.1',NULL,NULL,NULL,NULL,NULL,'jeecg-boot','2019-03-22 16:30:52',NULL,NULL),('5f0a5e85efbe9c79645ffc0c15fcee1a',2,'添加测试DEMO',NULL,'admin','管理员','127.0.0.1','org.jeecg.modules.demo.test.controller.JeecgDemoController.add()',NULL,'[{\"createBy\":\"admin\",\"createTime\":1558261833637,\"id\":\"94f78b1c9753dfb1202d731f540666e1\",\"keyWord\":\"1\",\"name\":\"1\",\"sysOrgCode\":\"A01\"}]',NULL,30,'admin','2019-05-19 18:30:33',NULL,NULL),('5f314fc45492d7f90b74d1ca74d1d392',1,'用户名: admin,登录成功！',NULL,NULL,NULL,'127.0.0.1',NULL,NULL,NULL,NULL,NULL,'jeecg-boot','2019-02-22 17:45:48',NULL,NULL),('606cb4f81f9bb412e2b2bdaa0f3e5dda',1,'用户名: admin,登录成功！',NULL,NULL,NULL,'127.0.0.1',NULL,NULL,NULL,NULL,NULL,'jeecg-boot','2019-02-25 16:27:23',NULL,NULL),('60886d5de8a18935824faf8b0bed489e',1,'用户名: admin,登录成功！',NULL,NULL,NULL,'127.0.0.1',NULL,NULL,NULL,NULL,NULL,'jeecg-boot','2019-04-02 10:11:35',NULL,NULL),('60a975067f02cf05e74fa7b71e8e862a',1,'用户名: admin,登录成功！',NULL,NULL,NULL,'127.0.0.1',NULL,NULL,NULL,NULL,NULL,'jeecg-boot','2019-01-31 14:31:58',NULL,NULL),('60d4f59974170c67826e64480533d793',1,'用户名: admin,登录成功！',NULL,NULL,NULL,'127.0.0.1',NULL,NULL,NULL,NULL,NULL,'jeecg-boot','2019-02-12 13:25:40',NULL,NULL),('611fa74c70bd5a7a8af376464a2133e8',1,'用户名: admin,登录成功！',NULL,NULL,NULL,'127.0.0.1',NULL,NULL,NULL,NULL,NULL,'jeecg-boot','2019-03-27 17:48:13',NULL,NULL),('61445cc950f5d04d91339089b18edef9',1,'用户名: admin,登录成功！',NULL,NULL,NULL,'127.0.0.1',NULL,NULL,NULL,NULL,NULL,'jeecg-boot','2019-02-26 14:13:22',NULL,NULL),('615625178b01fc20c60184cd28e64a70',1,'用户名: admin,登录成功！',NULL,NULL,NULL,'127.0.0.1',NULL,NULL,NULL,NULL,NULL,'jeecg-boot','2019-04-02 09:47:13',NULL,NULL),('61aac4cfe67ec6437cd901f95fbd6f45',1,'用户名: admin,登录成功！',NULL,NULL,NULL,'127.0.0.1',NULL,NULL,NULL,NULL,NULL,'jeecg-boot','2019-03-17 17:40:21',NULL,NULL),('61d2d2fd3e9e23f67c23b893a1ae1e72',1,'用户名: admin,登录成功！',NULL,NULL,NULL,'127.0.0.1',NULL,NULL,NULL,NULL,NULL,'jeecg-boot','2019-03-18 22:44:56',NULL,NULL),('623e4bc7c098f368abcc368227235caf',1,'用户名: admin,登录成功！',NULL,NULL,NULL,'127.0.0.1',NULL,NULL,NULL,NULL,NULL,'jeecg-boot','2019-02-01 09:48:57',NULL,NULL),('62d197757e2cb40f9e8cb57fa6a207f7',1,'用户名: admin,登录成功！',NULL,NULL,NULL,'127.0.0.1',NULL,NULL,NULL,NULL,NULL,'jeecg-boot','2019-01-22 10:54:54',NULL,NULL),('62e208389a400e37250cfa51c204bdc8',1,'用户名: admin,登录成功！',NULL,NULL,NULL,'127.0.0.1',NULL,NULL,NULL,NULL,NULL,'jeecg-boot','2019-03-17 17:44:49',NULL,NULL),('636309eec5e750bc94ce06fb98526fb2',1,'用户名: 管理员,退出成功！',NULL,'admin','管理员','127.0.0.1',NULL,NULL,NULL,NULL,NULL,'admin','2019-03-30 18:15:03',NULL,NULL),('636d37d423199e15b4030f35c60859fe',1,'用户名: admin,登录成功！',NULL,NULL,NULL,'127.0.0.1',NULL,NULL,NULL,NULL,NULL,'jeecg-boot','2019-03-08 10:07:21',NULL,NULL),('63c998d68b4d0d1529d86b4c0628e072',1,'用户名: admin,登录成功！',NULL,NULL,NULL,'127.0.0.1',NULL,NULL,NULL,NULL,NULL,'jeecg','2019-07-05 14:45:40',NULL,NULL),('63ccf8dda5d9bf825ecdbfb9ff9f456c',1,'用户名: admin,登录成功！',NULL,NULL,NULL,'192.168.1.105',NULL,NULL,NULL,NULL,NULL,'jeecg-boot','2019-03-11 12:14:08',NULL,NULL),('642e48f2e5ac8fe64f1bfacf4d234dc8',1,'用户名: 管理员,退出成功！',NULL,'admin','管理员','127.0.0.1',NULL,NULL,NULL,NULL,NULL,'admin','2019-03-25 12:51:21',NULL,NULL),('64711edfb8c4eb24517d86baca005c96',1,'用户名: admin,登录成功！',NULL,NULL,NULL,'127.0.0.1',NULL,NULL,NULL,NULL,NULL,'jeecg-boot','2019-03-21 13:41:11',NULL,NULL),('64c00f27ddc93fda22f91b38d2b828b5',1,'用户名: admin,登录成功！',NULL,NULL,NULL,'127.0.0.1',NULL,NULL,NULL,NULL,NULL,'jeecg-boot','2019-03-18 17:34:45',NULL,NULL),('65771bce3f5786dfb4d84570df61a47a',1,'用户名: admin,登录成功！',NULL,NULL,NULL,'127.0.0.1',NULL,NULL,NULL,NULL,NULL,'jeecg-boot','2019-04-01 22:07:57',NULL,NULL),('65ace1ae98891f48ab4121d9258e4f1e',1,'用户名: admin,登录成功！',NULL,NULL,NULL,'127.0.0.1',NULL,NULL,NULL,NULL,NULL,'jeecg-boot','2019-02-12 10:45:20',NULL,NULL),('65be8e015c9f2c493bd0a4e405dd8221',1,'用户名: admin,登录成功！',NULL,NULL,NULL,'127.0.0.1',NULL,NULL,NULL,NULL,NULL,'jeecg-boot','2019-02-26 11:40:20',NULL,NULL),('661c4792f00b0814e486c3d623d7259f',1,'用户名: admin,登录成功！',NULL,NULL,NULL,'127.0.0.1',NULL,NULL,NULL,NULL,NULL,'jeecg-boot','2019-01-21 18:06:11',NULL,NULL),('66493cd0347eeb6ee2ef5ee923604683',1,'用户名: admin,登录成功！',NULL,NULL,NULL,'127.0.0.1',NULL,NULL,NULL,NULL,NULL,'jeecg-boot','2019-02-20 18:29:47',NULL,NULL),('6664dc299f547f6702f93e2358810cc1',1,'用户名: admin,登录成功！',NULL,NULL,NULL,'192.168.3.22',NULL,NULL,NULL,NULL,NULL,'jeecg-boot','2019-04-05 21:04:14',NULL,NULL),('67181c36b55b06047a16a031fd1262c1',1,'用户名: admin,登录成功！',NULL,NULL,NULL,'127.0.0.1',NULL,NULL,NULL,NULL,NULL,'jeecg','2019-05-17 13:55:22',NULL,NULL),('671a44fd91bf267549d407e0c2a680ee',1,'用户名: admin,登录成功！',NULL,NULL,NULL,'127.0.0.1',NULL,NULL,NULL,NULL,NULL,'jeecg-boot','2019-03-18 22:45:16',NULL,NULL),('672b527c49dc349689288ebf2c43ed4d',1,'用户名: admin,登录成功！',NULL,NULL,NULL,'127.0.0.1',NULL,NULL,NULL,NULL,NULL,'jeecg-boot','2019-04-10 11:26:47',NULL,NULL),('6737424e01b38f2273e9728bf39f3e37',1,'用户名: admin,登录成功！',NULL,NULL,NULL,'127.0.0.1',NULL,NULL,NULL,NULL,NULL,'jeecg-boot','2019-02-22 19:43:37',NULL,NULL),('675153568c479d8b7c6fe63327066c9f',1,'用户名: admin,登录成功！',NULL,NULL,NULL,'127.0.0.1',NULL,NULL,NULL,NULL,NULL,'jeecg-boot','2019-03-28 15:29:42',NULL,NULL),('679e12ba247575749e03aa8f67347ac6',1,'用户名: admin,登录成功！',NULL,NULL,NULL,'127.0.0.1',NULL,NULL,NULL,NULL,NULL,'jeecg-boot','2019-02-20 17:14:42',NULL,NULL),('680b3e6e4768d80d6ea0ce8ba71bdd0e',1,'用户名: admin,登录成功！',NULL,NULL,NULL,'127.0.0.1',NULL,NULL,NULL,NULL,NULL,'jeecg-boot','2019-02-20 09:14:03',NULL,NULL),('6836a652dc96246c028577e510695c6f',1,'用户名: admin,登录成功！',NULL,NULL,NULL,'127.0.0.1',NULL,NULL,NULL,NULL,NULL,'jeecg-boot','2019-03-15 20:47:02',NULL,NULL),('687810e7fea7e480962c58db515a5e1c',1,'用户名: admin,登录成功！',NULL,NULL,NULL,'127.0.0.1',NULL,NULL,NULL,NULL,NULL,'jeecg-boot','2019-04-02 18:42:30',NULL,NULL),('689b8f2110f99c52e18268cbaf05bbb6',1,'用户名: admin,登录成功！',NULL,NULL,NULL,'127.0.0.1',NULL,NULL,NULL,NULL,NULL,'jeecg-boot','2019-04-02 09:58:44',NULL,NULL),('68df65639e82cc6a889282fbef53afbb',1,'用户名: admin,登录成功！',NULL,NULL,NULL,'127.0.0.1',NULL,NULL,NULL,NULL,NULL,'jeecg-boot','2019-04-08 15:01:37',NULL,NULL),('68e90e08a866de748e9901e923406959',1,'用户名: admin,登录成功！',NULL,NULL,NULL,'127.0.0.1',NULL,NULL,NULL,NULL,NULL,'jeecg-boot','2019-04-04 12:37:06',NULL,NULL),('68f7394ca53c59438b2b41e7bb9f3094',1,'用户名: admin,登录成功！',NULL,NULL,NULL,'127.0.0.1',NULL,NULL,NULL,NULL,NULL,'jeecg-boot','2019-01-28 14:09:34',NULL,NULL),('69a7a5b960d6aedda5c4bd8b877be0a8',1,'用户名: admin,登录成功！',NULL,NULL,NULL,'127.0.0.1',NULL,NULL,NULL,NULL,NULL,'jeecg-boot','2019-02-25 10:50:48',NULL,NULL),('69a9dfb2fb02e4537b86c9c5c05184ae',1,'用户名: admin,登录成功！',NULL,NULL,NULL,'192.168.1.104',NULL,NULL,NULL,NULL,NULL,'jeecg-boot','2019-03-11 15:22:14',NULL,NULL),('69baa4f883fe881f401ea063ddfd0079',1,'用户名: admin,登录成功！',NULL,NULL,NULL,'127.0.0.1',NULL,NULL,NULL,NULL,NULL,'jeecg-boot','2019-03-12 20:51:03',NULL,NULL),('69e3164d007be2b9834e4fb398186f39',1,'用户名: admin,登录成功！',NULL,NULL,NULL,'127.0.0.1',NULL,NULL,NULL,NULL,NULL,'jeecg-boot','2019-01-19 23:38:17',NULL,NULL),('69e6fd7891d4b42b0cccdc0874a43752',1,'用户名: admin,登录成功！',NULL,NULL,NULL,'127.0.0.1',NULL,NULL,NULL,NULL,NULL,'jeecg-boot','2019-03-21 13:45:58',NULL,NULL),('69ea2322f72b41bcdc7f235889132703',1,'用户名: admin,登录成功！',NULL,NULL,NULL,'127.0.0.1',NULL,NULL,NULL,NULL,NULL,'jeecg-boot','2019-01-22 10:54:43',NULL,NULL),('69fc2407b46abad64fa44482c0dca59f',1,'用户名: admin,登录成功！',NULL,NULL,NULL,'127.0.0.1',NULL,NULL,NULL,NULL,NULL,'jeecg-boot','2019-03-01 12:04:25',NULL,NULL),('6a4231540c73ad67128d5a24e6a877ff',1,'用户名: admin,登录成功！',NULL,NULL,NULL,'127.0.0.1',NULL,NULL,NULL,NULL,NULL,'jeecg-boot','2019-01-22 12:54:30',NULL,NULL),('6a67bf2ff924548dee04aa97e1d64d38',1,'用户名: admin,登录成功！',NULL,NULL,NULL,'127.0.0.1',NULL,NULL,NULL,NULL,NULL,'jeecg-boot','2019-03-25 12:52:41',NULL,NULL),('6b4cdd499885ccba43b40f10abf64a78',1,'用户名: admin,登录成功！',NULL,NULL,NULL,'127.0.0.1',NULL,NULL,NULL,NULL,NULL,'jeecg-boot','2019-04-01 13:04:43',NULL,NULL),('6b876be6e384337b36ad28a4a5868be8',1,'用户名: admin,登录成功！',NULL,NULL,NULL,'127.0.0.1',NULL,NULL,NULL,NULL,NULL,'jeecg-boot','2019-01-19 21:22:12',NULL,NULL),('6baccd034e970c6f109791cff43bc327',1,'用户名: admin,登录成功！',NULL,NULL,NULL,'127.0.0.1',NULL,NULL,NULL,NULL,NULL,'jeecg-boot','2019-02-25 11:46:12',NULL,NULL),('6bc98b7dc91a3924f794202867367aca',1,'用户名: admin,登录成功！',NULL,NULL,NULL,'127.0.0.1',NULL,NULL,NULL,NULL,NULL,'jeecg-boot','2019-02-24 22:50:34',NULL,NULL),('6c558d70dc5794f9f473d8826485727a',1,'用户名: admin,登录成功！',NULL,NULL,NULL,'127.0.0.1',NULL,NULL,NULL,NULL,NULL,'jeecg-boot','2019-04-02 18:38:44',NULL,NULL),('6c99cfe2774c15ad030b83723f81d70d',1,'用户名: admin,登录成功！',NULL,NULL,NULL,'127.0.0.1',NULL,NULL,NULL,NULL,NULL,'jeecg','2019-05-20 14:07:25',NULL,NULL),('6cbd2a9257fae1cb7ff7bc2eb264b3ab',1,'用户名: admin,登录成功！',NULL,NULL,NULL,'127.0.0.1',NULL,NULL,NULL,NULL,NULL,'jeecg-boot','2019-01-21 19:08:14',NULL,NULL),('6cf638853ef5384bf81ed84572a6445d',1,'用户名: admin,登录成功！',NULL,NULL,NULL,'127.0.0.1',NULL,NULL,NULL,NULL,NULL,'jeecg-boot','2019-04-02 19:25:24',NULL,NULL),('6cfeaf6a6be5bb993b9578667999c354',1,'用户名: admin,登录成功！',NULL,NULL,NULL,'127.0.0.1',NULL,NULL,NULL,NULL,NULL,'jeecg-boot','2019-03-24 11:43:34',NULL,NULL),('6d45672f99bbfd01d6385153e9c3ad91',1,'用户名: admin,登录成功！',NULL,NULL,NULL,'127.0.0.1',NULL,NULL,NULL,NULL,NULL,'jeecg-boot','2019-03-20 13:49:20',NULL,NULL),('6d93d5667245ef8e5d6eafdbc9113f51',1,'用户名: admin,登录成功！',NULL,NULL,NULL,'127.0.0.1',NULL,NULL,NULL,NULL,NULL,'jeecg-boot','2019-02-26 14:34:42',NULL,NULL),('6ee846271a3d4b9e576b5a0749c49d12',1,'用户名: admin,登录成功！',NULL,NULL,NULL,'127.0.0.1',NULL,NULL,NULL,NULL,NULL,'jeecg','2019-08-23 20:02:16',NULL,NULL),('6fb7db45b11bc22347b234fda07700c8',1,'用户名: admin,登录成功！',NULL,NULL,NULL,'127.0.0.1',NULL,NULL,NULL,NULL,NULL,'jeecg-boot','2019-01-22 12:00:22',NULL,NULL),('703fbcb7e198e8e64978ec0518971420',1,'用户名: admin,登录成功！',NULL,NULL,NULL,'127.0.0.1',NULL,NULL,NULL,NULL,NULL,'jeecg-boot','2019-03-09 17:53:55',NULL,NULL),('70849167f54fd50d8906647176d90fdf',1,'用户名: admin,登录成功！',NULL,NULL,NULL,'127.0.0.1',NULL,NULL,NULL,NULL,NULL,'jeecg-boot','2019-04-04 23:12:29',NULL,NULL),('709b0f2bf8cb8f785f883509e54ace28',1,'用户名: admin,登录成功！',NULL,NULL,NULL,'127.0.0.1',NULL,NULL,NULL,NULL,NULL,'jeecg-boot','2019-02-26 14:37:37',NULL,NULL),('7126b35521cd0dba932e6f04b0dac88f',1,'用户名: admin,登录成功！',NULL,NULL,NULL,'127.0.0.1',NULL,NULL,NULL,NULL,NULL,'jeecg-boot','2019-02-25 10:52:22',NULL,NULL),('7148b3d58f121ef04bcbea5dd2e5fe3b',1,'用户名: admin,登录成功！',NULL,NULL,NULL,'127.0.0.1',NULL,NULL,NULL,NULL,NULL,'jeecg-boot','2019-02-26 14:35:23',NULL,NULL),('716f9f5f066a6f75a58b7b05f2f7f861',1,'用户名: admin,登录成功！',NULL,NULL,NULL,'127.0.0.1',NULL,NULL,NULL,NULL,NULL,'jeecg-boot','2019-03-25 11:59:01',NULL,NULL),('7225200c3cec4789af4f1da2c46b129d',1,'用户名: admin,登录成功！',NULL,NULL,NULL,'127.0.0.1',NULL,NULL,NULL,NULL,NULL,'jeecg-boot','2019-02-20 17:19:23',NULL,NULL),('7268539fbe77c5cc572fb46d71d838f1',1,'用户名: admin,登录成功！',NULL,NULL,NULL,'127.0.0.1',NULL,NULL,NULL,NULL,NULL,'jeecg-boot','2019-04-03 13:22:48',NULL,NULL),('7285730e2644f49def0937dc99bfbe3d',1,'用户名: admin,登录成功！',NULL,NULL,NULL,'127.0.0.1',NULL,NULL,NULL,NULL,NULL,'jeecg-boot','2019-02-20 18:07:01',NULL,NULL),('7289cf420ac87ea0538bde81435b1aaa',1,'用户名: admin,登录成功！',NULL,NULL,NULL,'127.0.0.1',NULL,NULL,NULL,NULL,NULL,'jeecg-boot','2019-02-13 16:03:51',NULL,NULL),('72ee87d0637fb3365fdff9ccbf286c4a',1,'用户名: admin,登录成功！',NULL,NULL,NULL,'127.0.0.1',NULL,NULL,NULL,NULL,NULL,'jeecg-boot','2019-03-18 17:36:44',NULL,NULL),('7313b43ff53015d79a58b4dc7c660721',1,'用户名: admin,登录成功！',NULL,NULL,NULL,'127.0.0.1',NULL,NULL,NULL,NULL,NULL,'jeecg-boot','2019-01-21 15:03:07',NULL,NULL),('732a1015057fde25d81ee12a7fbf66b2',1,'用户名: admin,登录成功！',NULL,NULL,NULL,'127.0.0.1',NULL,NULL,NULL,NULL,NULL,'jeecg-boot','2019-02-01 10:05:08',NULL,NULL),('7351132f4f5f65e5bf157dd7ad5344a4',1,'用户名: admin,登录成功！',NULL,NULL,NULL,'127.0.0.1',NULL,NULL,NULL,NULL,NULL,'jeecg-boot','2019-01-21 15:51:36',NULL,NULL),('7374f3a2ccb20216cf8eecb26037ce0a',1,'用户名: admin,登录成功！',NULL,NULL,NULL,'127.0.0.1',NULL,NULL,NULL,NULL,NULL,'jeecg-boot','2019-01-19 18:08:51',NULL,NULL),('74209dfc97285eb7919868545fc2c649',1,'用户名: admin,登录成功！',NULL,NULL,NULL,'127.0.0.1',NULL,NULL,NULL,NULL,NULL,'jeecg-boot','2019-03-19 11:23:08',NULL,NULL),('74c991568d8bcb2049a0dbff53f72875',1,'用户名: admin,登录成功！',NULL,NULL,NULL,'127.0.0.1',NULL,NULL,NULL,NULL,NULL,'jeecg-boot','2019-03-23 22:12:15',NULL,NULL),('75c7fa1a7d3639be1b112e263561e43a',1,'用户名: admin,登录成功！',NULL,NULL,NULL,'127.0.0.1',NULL,NULL,NULL,NULL,NULL,'jeecg-boot','2019-03-14 17:07:59',NULL,NULL),('76bea561f662ec0ccf05bc370f1ffe35',1,'用户名: admin,登录成功！',NULL,NULL,NULL,'127.0.0.1',NULL,NULL,NULL,NULL,NULL,'jeecg-boot','2019-01-21 11:08:55',NULL,NULL),('772f238d46531a75fff31bae5841057c',1,'用户名: admin,登录成功！',NULL,NULL,NULL,'127.0.0.1',NULL,NULL,NULL,NULL,NULL,'jeecg-boot','2019-03-21 11:31:16',NULL,NULL),('77579d78a903635cc4942882f568e9e5',1,'用户名: jeecg,登录成功！',NULL,NULL,NULL,'127.0.0.1',NULL,NULL,NULL,NULL,NULL,'jeecg-boot','2019-02-20 17:13:33',NULL,NULL),('775e987a2ca37edc4f21e022b265a84a',1,'用户名: admin,登录成功！',NULL,NULL,NULL,'127.0.0.1',NULL,NULL,NULL,NULL,NULL,'jeecg-boot','2019-02-12 13:36:13',NULL,NULL),('776c2e546c9ab0375d97590b048b8a9d',1,'用户名: admin,登录成功！',NULL,NULL,NULL,'127.0.0.1',NULL,NULL,NULL,NULL,NULL,'jeecg-boot','2019-02-26 14:13:51',NULL,NULL),('77a329e5eb85754075165b06b7d877fd',1,'用户名: admin,登录成功！',NULL,NULL,NULL,'127.0.0.1',NULL,NULL,NULL,NULL,NULL,'jeecg-boot','2019-04-01 13:25:17',NULL,NULL),('78caf9e97aedfb8c7feef0fc8fdb4fb5',1,'用户名: admin,登录成功！',NULL,NULL,NULL,'127.0.0.1',NULL,NULL,NULL,NULL,NULL,'jeecg-boot','2019-03-10 17:04:46',NULL,NULL),('78f519b618f82a39adad391fbf6b9c7a',1,'用户名: admin,登录成功！',NULL,NULL,NULL,'127.0.0.1',NULL,NULL,NULL,NULL,NULL,'jeecg-boot','2019-01-22 13:49:58',NULL,NULL),('790b722fa99a8f3a0bc38f61e13c1cf4',1,'用户名: admin,登录成功！',NULL,NULL,NULL,'127.0.0.1',NULL,NULL,NULL,NULL,NULL,'jeecg-boot','2019-04-03 18:34:07',NULL,NULL),('79a1737fcc199c8262f344e48afb000d',1,'用户名: admin,登录成功！',NULL,NULL,NULL,'127.0.0.1',NULL,NULL,NULL,NULL,NULL,'jeecg-boot','2019-03-23 23:25:25',NULL,NULL),('79e76353faffd0beb0544c0aede8564f',1,'用户名: admin,登录成功！',NULL,NULL,NULL,'127.0.0.1',NULL,NULL,NULL,NULL,NULL,'jeecg-boot','2019-04-08 17:28:14',NULL,NULL),('7a511b225189342b778647db3db385cd',1,'用户名: admin,登录成功！',NULL,NULL,NULL,'127.0.0.1',NULL,NULL,NULL,NULL,NULL,'jeecg-boot','2019-03-21 20:50:10',NULL,NULL),('7a99cf653439ca82ac3b0d189ddaad4a',1,'用户名: admin,登录成功！',NULL,NULL,NULL,'127.0.0.1',NULL,NULL,NULL,NULL,NULL,'jeecg-boot','2019-04-04 10:41:34',NULL,NULL),('7a9d307d22fb2301d6a9396094afc82f',1,'用户名: admin,登录成功！',NULL,NULL,NULL,'127.0.0.1',NULL,NULL,NULL,NULL,NULL,'jeecg-boot','2019-03-14 18:45:04',NULL,NULL),('7ae9cad197aee3d50e93bc3a242d68ec',1,'用户名: admin,登录成功！',NULL,NULL,NULL,'127.0.0.1',NULL,NULL,NULL,NULL,NULL,'jeecg-boot','2019-03-10 13:12:26',NULL,NULL),('7b2b322a47e1ce131d71c50b46d7d29e',1,'用户名: admin,登录成功！',NULL,NULL,NULL,'127.0.0.1',NULL,NULL,NULL,NULL,NULL,'jeecg-boot','2019-03-06 15:55:20',NULL,NULL),('7b44138c1b80b67da13b89db756a22b0',2,'添加测试DEMO',NULL,NULL,NULL,'127.0.0.1','org.jeecg.modules.demo.test.controller.JeecgDemoController.add()',NULL,'[{\"createBy\":\"jeecg-boot\",\"createTime\":1553824172062,\"id\":\"5fce01cb7f0457746c97d8ca05628f81\",\"name\":\"1212\"}]',NULL,25,'jeecg-boot','2019-03-29 09:49:32',NULL,NULL),('7b85fba62bc001773fff1a54e1609aef',1,'用户名: admin,登录成功！',NULL,NULL,NULL,'127.0.0.1',NULL,NULL,NULL,NULL,NULL,'jeecg-boot','2019-02-25 16:28:20',NULL,NULL),('7ba3df5d2612ac3dd724e07a55411386',1,'用户名: admin,登录成功！',NULL,NULL,NULL,'127.0.0.1',NULL,NULL,NULL,NULL,NULL,'jeecg-boot','2019-02-26 14:35:03',NULL,NULL),('7bc7b1ff923dbb19fb0ecd800cd690bd',1,'用户名: admin,登录成功！',NULL,NULL,NULL,'127.0.0.1',NULL,NULL,NULL,NULL,NULL,'jeecg-boot','2019-02-18 09:34:59',NULL,NULL),('7c310b99a84411798a2aaf4074a28e7e',1,'用户名: admin,登录成功！',NULL,NULL,NULL,'127.0.0.1',NULL,NULL,NULL,NULL,NULL,'jeecg-boot','2019-02-25 12:42:57',NULL,NULL),('7c88e9cf6018a1b97b420b8cb6122815',1,'用户名: 管理员,退出成功！',NULL,'admin','管理员','127.0.0.1',NULL,NULL,NULL,NULL,NULL,'admin','2019-03-28 19:46:30',NULL,NULL),('7ce1934fb542a406e92867aec5b7254d',1,'用户名: admin,登录成功！',NULL,NULL,NULL,'127.0.0.1',NULL,NULL,NULL,NULL,NULL,'jeecg-boot','2019-04-11 14:53:23',NULL,NULL),('7d11535270734de80bd52ec0daa4fc1f',1,'用户名: admin,登录成功！',NULL,NULL,NULL,'192.168.1.105',NULL,NULL,NULL,NULL,NULL,'jeecg-boot','2019-04-01 12:20:14',NULL,NULL),('7d8539ff876aad698fba235a1c467fb8',1,'用户名: 管理员,退出成功！',NULL,'admin','管理员','127.0.0.1',NULL,NULL,NULL,NULL,NULL,'admin','2019-04-02 09:47:18',NULL,NULL),('7da063020a42db99e0f3bb9500498828',1,'用户名: admin,登录成功！',NULL,NULL,NULL,'127.0.0.1',NULL,NULL,NULL,NULL,NULL,'jeecg-boot','2019-02-11 13:45:36',NULL,NULL),('7dc448f04edf4b9655362ad1a1c58753',1,'用户名: admin,登录成功！',NULL,NULL,NULL,'127.0.0.1',NULL,NULL,NULL,NULL,NULL,'jeecg-boot','2019-02-24 23:10:17',NULL,NULL),('7dc498b45fbf25c59686d9dda0d3eb66',1,'用户名: admin,登录成功！',NULL,NULL,NULL,'127.0.0.1',NULL,NULL,NULL,NULL,NULL,'jeecg-boot','2019-02-25 11:12:38',NULL,NULL),('7e2edea80050d2e46aa2e8faef8e29ce',1,'用户名: admin,登录成功！',NULL,NULL,NULL,'127.0.0.1',NULL,NULL,NULL,NULL,NULL,'jeecg-boot','2019-02-25 11:01:38',NULL,NULL),('7e41208e29d412d586fc39375628b0d0',1,'用户名: admin,登录成功！',NULL,NULL,NULL,'127.0.0.1',NULL,NULL,NULL,NULL,NULL,'jeecg-boot','2019-02-21 15:34:35',NULL,NULL),('7e92abdc0c1f54596df499a5a2d11683',1,'用户名: jeecg,登录成功！',NULL,NULL,NULL,'127.0.0.1',NULL,NULL,NULL,NULL,NULL,'jeecg-boot','2019-03-25 12:59:34',NULL,NULL),('7f31435ca2f5a4ef998a4152b2433dec',1,'用户名: admin,登录成功！',NULL,NULL,NULL,'127.0.0.1',NULL,NULL,NULL,NULL,NULL,'jeecg-boot','2019-04-01 18:36:40',NULL,NULL),('7f9c3d539030049a39756208670be394',1,'用户名: admin,登录成功！',NULL,NULL,NULL,'127.0.0.1',NULL,NULL,NULL,NULL,NULL,'jeecg-boot','2019-03-20 11:44:40',NULL,NULL),('7feae2fb5001ca0095c05a8b08270317',1,'用户名: admin,登录成功！',NULL,NULL,NULL,'127.0.0.1',NULL,NULL,NULL,NULL,NULL,'jeecg-boot','2019-02-26 12:17:31',NULL,NULL),('802cec0efbe9d862b7cea29fefc5448b',1,'用户名: admin,登录成功！',NULL,NULL,NULL,'127.0.0.1',NULL,NULL,NULL,NULL,NULL,'jeecg-boot','2019-03-23 18:58:50',NULL,NULL),('810deb9fd39fa2f0a8e30e3db42f7c2b',1,'用户名: admin,登录成功！',NULL,NULL,NULL,'127.0.0.1',NULL,NULL,NULL,NULL,NULL,'jeecg-boot','2019-02-26 18:51:00',NULL,NULL),('8143ce0b35bfe6e7b8113e1ecc066acd',1,'用户名: admin,登录成功！',NULL,NULL,NULL,'127.0.0.1',NULL,NULL,NULL,NULL,NULL,'jeecg','2019-05-17 14:48:48',NULL,NULL),('81c9056ac38e6f881d60f3d41df1845e',1,'用户名: admin,登录成功！',NULL,NULL,NULL,'127.0.0.1',NULL,NULL,NULL,NULL,NULL,'jeecg-boot','2019-02-17 11:44:47',NULL,NULL),('81c95e1c8805fa191753fc99ba54c3e9',1,'用户名: admin,登录成功！',NULL,NULL,NULL,'127.0.0.1',NULL,NULL,NULL,NULL,NULL,'jeecg-boot','2019-02-20 18:01:21',NULL,NULL),('81f7a606359aff9f97f95c15ce8e7c69',1,'用户名: admin,登录成功！',NULL,NULL,NULL,'127.0.0.1',NULL,NULL,NULL,NULL,NULL,'jeecg-boot','2019-02-11 11:33:42',NULL,NULL),('82cee1c403025fc1db514c60fc7d8d29',1,'用户名: admin,登录成功！',NULL,NULL,NULL,'127.0.0.1',NULL,NULL,NULL,NULL,NULL,'jeecg-boot','2019-03-22 16:41:50',NULL,NULL),('8300e85a2c2f16c2358d31e8b364edf7',1,'用户名: admin,登录成功！',NULL,NULL,NULL,'127.0.0.1',NULL,NULL,NULL,NULL,NULL,'jeecg-boot','2019-01-24 11:55:39',NULL,NULL),('8317a81bce60a10afeb44af6ef6c807a',1,'用户名: admin,登录成功！',NULL,NULL,NULL,'127.0.0.1',NULL,NULL,NULL,NULL,NULL,'jeecg-boot','2019-02-13 11:27:58',NULL,NULL),('8327cced60486bad4009276e14403502',1,'用户名: admin,登录成功！',NULL,NULL,NULL,'127.0.0.1',NULL,NULL,NULL,NULL,NULL,'jeecg-boot','2019-01-24 09:56:29',NULL,NULL),('8447099784da63b3b2cd2fbbc5eabcea',1,'用户名: admin,登录成功！',NULL,NULL,NULL,'127.0.0.1',NULL,NULL,NULL,NULL,NULL,'jeecg-boot','2019-01-21 16:04:49',NULL,NULL),('845f732f6a0f0d575debc4103e92bea2',1,'用户名: 管理员,退出成功！',NULL,'admin','管理员','127.0.0.1',NULL,NULL,NULL,NULL,NULL,'admin','2019-04-02 10:17:18',NULL,NULL),('85949de2d54078e6b8f3df0a3c79c43d',1,'用户名: admin,登录成功！',NULL,NULL,NULL,'127.0.0.1',NULL,NULL,NULL,NULL,NULL,'jeecg-boot','2019-02-20 17:08:44',NULL,NULL),('85b3106d757d136b48172a9ab1f35bb6',1,'用户名: admin,登录成功！',NULL,NULL,NULL,'127.0.0.1',NULL,NULL,NULL,NULL,NULL,'jeecg-boot','2019-04-01 18:34:34',NULL,NULL),('862aa0e6e101a794715174eef96f7847',1,'用户名: admin,登录成功！',NULL,NULL,NULL,'127.0.0.1',NULL,NULL,NULL,NULL,NULL,'jeecg-boot','2019-03-21 13:41:09',NULL,NULL),('873f425879ef9ca7ced982acda19ea58',1,'用户名: admin,登录成功！',NULL,NULL,NULL,'127.0.0.1',NULL,NULL,NULL,NULL,NULL,'jeecg-boot','2019-02-22 16:35:59',NULL,NULL),('8742a458bf166fd5f134ac65fa8903f9',1,'用户名: admin,登录成功！',NULL,NULL,NULL,'127.0.0.1',NULL,NULL,NULL,NULL,NULL,'jeecg-boot','2019-01-24 13:09:10',NULL,NULL),('87885bc889d23c7c208614da8e021fb0',1,'用户名: admin,登录成功！',NULL,NULL,NULL,'127.0.0.1',NULL,NULL,NULL,NULL,NULL,'jeecg-boot','2019-03-07 10:23:22',NULL,NULL),('8802209912ca66d56f2ea241ffd0cc13',1,'用户名: admin,登录成功！',NULL,NULL,NULL,'127.0.0.1',NULL,NULL,NULL,NULL,NULL,'jeecg-boot','2019-02-25 17:52:34',NULL,NULL),('88bab180edf685549c7344ec8db7d954',1,'用户名: admin,登录成功！',NULL,NULL,NULL,'127.0.0.1',NULL,NULL,NULL,NULL,NULL,'jeecg-boot','2019-03-19 19:07:06',NULL,NULL),('88bfc5b77b4be0d6d0f7c8661cf24853',1,'用户名: admin,登录成功！',NULL,NULL,NULL,'127.0.0.1',NULL,NULL,NULL,NULL,NULL,'jeecg-boot','2019-01-22 10:25:53',NULL,NULL),('88d7136ed5c7630057451816dbaff183',1,'用户名: jeecg,退出成功！',NULL,'jeecg','jeecg','127.0.0.1',NULL,NULL,NULL,NULL,NULL,'jeecg','2019-03-25 13:01:24',NULL,NULL),('88d8b4b50bdab58c52fe25fa711fbbef',1,'用户名: admin,登录成功！',NULL,NULL,NULL,'127.0.0.1',NULL,NULL,NULL,NULL,NULL,'jeecg-boot','2019-01-19 21:21:39',NULL,NULL),('89bfd8b9d6fa57a8e7017a2345ec1534',1,'用户名: admin,登录成功！',NULL,NULL,NULL,'127.0.0.1',NULL,NULL,NULL,NULL,NULL,'jeecg-boot','2019-04-12 09:27:32',NULL,NULL),('89d2bc84e056f327291c53821d421034',1,'用户名: admin,登录成功！',NULL,NULL,NULL,'127.0.0.1',NULL,NULL,NULL,NULL,NULL,'jeecg-boot','2019-03-08 16:57:46',NULL,NULL),('89fbc93e77defb34c609c84a7fe83039',1,'用户名: 管理员,退出成功！',NULL,'admin','管理员','127.0.0.1',NULL,NULL,NULL,NULL,NULL,'admin','2019-04-02 09:47:14',NULL,NULL),('8a13971104d70e35111d10dd99de392e',1,'用户名: admin,登录成功！',NULL,NULL,NULL,'127.0.0.1',NULL,NULL,NULL,NULL,NULL,'jeecg-boot','2019-02-26 14:34:25',NULL,NULL),('8ab131214232450ca202103ef81f0a2d',1,'用户名: admin,登录成功！',NULL,NULL,NULL,'127.0.0.1',NULL,NULL,NULL,NULL,NULL,'jeecg-boot','2019-02-25 15:46:29',NULL,NULL),('8b2ad448021fbb5509ea04c9a780b165',1,'用户名: admin,登录成功！',NULL,NULL,NULL,'192.168.1.104',NULL,NULL,NULL,NULL,NULL,'jeecg-boot','2019-03-11 14:35:25',NULL,NULL),('8b66ec251e3107765768dbd0590eeb29',1,'用户名: admin,登录成功！',NULL,NULL,NULL,'127.0.0.1',NULL,NULL,NULL,NULL,NULL,'jeecg-boot','2019-01-28 14:25:48',NULL,NULL),('8d105ea6c89691bc8ee7d4fd568aa690',1,'用户名: admin,登录成功！',NULL,NULL,NULL,'127.0.0.1',NULL,NULL,NULL,NULL,NULL,'jeecg-boot','2019-03-20 11:39:33',NULL,NULL),('8d9ce65020320d46882be43b22b12a62',1,'用户名: admin,登录成功！',NULL,NULL,NULL,'127.0.0.1',NULL,NULL,NULL,NULL,NULL,'jeecg-boot','2019-03-23 10:56:43',NULL,NULL),('8e03def9e0283005161d062d4c0a5a80',1,'用户名: admin,登录成功！',NULL,NULL,NULL,'127.0.0.1',NULL,NULL,NULL,NULL,NULL,'jeecg-boot','2019-03-21 13:46:09',NULL,NULL),('8ec3a287a37d155047e80a80769d5226',1,'用户名: admin,登录成功！',NULL,NULL,NULL,'127.0.0.1',NULL,NULL,NULL,NULL,NULL,'jeecg-boot','2019-01-21 18:37:14',NULL,NULL),('8f616500d666a5a67bc98e7ccd73c2e2',2,'添加测试DEMO',NULL,'admin','管理员','127.0.0.1','org.jeecg.modules.demo.test.controller.JeecgDemoController.add()',NULL,'[{\"createBy\":\"admin\",\"createTime\":1547912194199,\"id\":\"ffa9da1ad40632dfcabac51d766865bd\",\"name\":\"秦999\"}]',NULL,386,'admin','2019-01-19 23:36:34',NULL,NULL),('8fde5f89e8ad30cf3811b8683a9a77b1',1,'用户名: admin,登录成功！',NULL,NULL,NULL,'127.0.0.1',NULL,NULL,NULL,NULL,NULL,'jeecg-boot','2019-03-17 18:02:41',NULL,NULL),('8fe913a5b037943c6667ee4908f88bea',1,'用户名: admin,登录成功！',NULL,NULL,NULL,'127.0.0.1',NULL,NULL,NULL,NULL,NULL,'jeecg-boot','2019-03-16 11:18:48',NULL,NULL),('8ff27392165c8c707ee10ec0010c7bb8',1,'用户名: admin,登录成功！',NULL,NULL,NULL,'127.0.0.1',NULL,NULL,NULL,NULL,NULL,'jeecg-boot','2019-02-26 11:44:07',NULL,NULL),('90555a39c0b02180df74752e4d33f253',1,'用户名: admin,登录成功！',NULL,NULL,NULL,'127.0.0.1',NULL,NULL,NULL,NULL,NULL,'jeecg-boot','2019-03-27 18:26:25',NULL,NULL),('905d2cf4308f70a3a2121a3476e38ed0',1,'用户名: admin,登录成功！',NULL,NULL,NULL,'127.0.0.1',NULL,NULL,NULL,NULL,NULL,'jeecg-boot','2019-03-20 14:00:30',NULL,NULL),('90711ddb861e28bd8774631c98f3edb9',1,'用户名: admin,登录成功！',NULL,NULL,NULL,'127.0.0.1',NULL,NULL,NULL,NULL,NULL,'jeecg-boot','2019-03-25 11:57:42',NULL,NULL),('90b4bad7939233a1e0d7935f079ea0fa',1,'用户名: 管理员,退出成功！',NULL,'admin','管理员','127.0.0.1',NULL,NULL,NULL,NULL,NULL,'admin','2019-03-25 12:45:54',NULL,NULL),('9174fe77fe8ba69243f72d5577b391d3',1,'用户名: admin,登录成功！',NULL,NULL,NULL,'127.0.0.1',NULL,NULL,NULL,NULL,NULL,'jeecg-boot','2019-02-25 11:48:38',NULL,NULL),('917dbb5db85d1a6f142135827e259bbf',1,'用户名: admin,登录成功！',NULL,NULL,NULL,'127.0.0.1',NULL,NULL,NULL,NULL,NULL,'jeecg-boot','2019-03-18 20:21:03',NULL,NULL),('92e514fee917a1a459c4ffdb0ca42516',1,'用户名: admin,登录成功！',NULL,NULL,NULL,'127.0.0.1',NULL,NULL,NULL,NULL,NULL,'jeecg-boot','2019-01-21 10:20:52',NULL,NULL),('939b3ff4733247a47efe1352157b1f27',1,'用户名: admin,登录成功！',NULL,NULL,NULL,'127.0.0.1',NULL,NULL,NULL,NULL,NULL,'jeecg-boot','2019-04-02 19:01:06',NULL,NULL),('93b4d26f60d7fb45a60524760bf053e4',1,'用户名: admin,登录成功！',NULL,NULL,NULL,'127.0.0.1',NULL,NULL,NULL,NULL,NULL,'jeecg-boot','2019-04-01 22:20:06',NULL,NULL),('93bb98ba996dacebfb4f61503067352e',1,'用户名: admin,登录成功！',NULL,NULL,NULL,'127.0.0.1',NULL,NULL,NULL,NULL,NULL,'jeecg-boot','2019-04-04 22:47:28',NULL,NULL),('9410b7974fbc9df415867095b210e572',1,'用户名: admin,登录成功！',NULL,NULL,NULL,'127.0.0.1',NULL,NULL,NULL,NULL,NULL,'jeecg-boot','2019-03-16 11:18:58',NULL,NULL),('94fe4465d779e0438cfe6f0cb1a1aa7e',1,'用户名: admin,登录成功！',NULL,NULL,NULL,'127.0.0.1',NULL,NULL,NULL,NULL,NULL,'jeecg-boot','2019-02-24 22:57:42',NULL,NULL),('95063e0bdfa5c9817cc0f66e96baad93',1,'用户名: admin,登录成功！',NULL,NULL,NULL,'127.0.0.1',NULL,NULL,NULL,NULL,NULL,'jeecg-boot','2019-03-17 17:59:16',NULL,NULL),('952947331f8f3379494c4742be797fc3',1,'用户名: admin,登录成功！',NULL,NULL,NULL,'127.0.0.1',NULL,NULL,NULL,NULL,NULL,'jeecg-boot','2019-03-20 18:42:11',NULL,NULL),('954f1ccb8b230d2d7d4858eec3aba0a4',1,'用户名: admin,登录成功！',NULL,NULL,NULL,'127.0.0.1',NULL,NULL,NULL,NULL,NULL,'jeecg-boot','2019-01-19 17:08:37',NULL,NULL),('95d906e6f048c3e71ddbcc0c9448cf49',1,'用户名: admin,登录成功！',NULL,NULL,NULL,'127.0.0.1',NULL,NULL,NULL,NULL,NULL,'jeecg-boot','2019-03-26 19:23:30',NULL,NULL),('961992e05772bc7ad2ca927cf7649440',1,'用户名: admin,登录成功！',NULL,NULL,NULL,'127.0.0.1',NULL,NULL,NULL,NULL,NULL,'jeecg-boot','2019-01-21 15:55:10',NULL,NULL),('965c74ffe09d8a06bb817efa6d62254b',1,'用户名: admin,登录成功！',NULL,NULL,NULL,'127.0.0.1',NULL,NULL,NULL,NULL,NULL,'jeecg-boot','2019-01-23 10:01:35',NULL,NULL),('968d434c45aae64c9ad0e86d18238065',1,'用户名: admin,登录成功！',NULL,NULL,NULL,'127.0.0.1',NULL,NULL,NULL,NULL,NULL,'jeecg-boot','2019-02-01 10:02:22',NULL,NULL),('96ada57ac17c4477f4e4c8d596d4cc1a',1,'用户名: admin,登录成功！',NULL,NULL,NULL,'127.0.0.1',NULL,NULL,NULL,NULL,NULL,'jeecg-boot','2019-01-28 10:54:44',NULL,NULL),('96d7fe922f46123e0497e22dedf89328',1,'用户名: admin,登录成功！',NULL,NULL,NULL,'127.0.0.1',NULL,NULL,NULL,NULL,NULL,'jeecg-boot','2019-03-07 23:10:48',NULL,NULL),('98b7fc431e4654f403e27ec9af845c7b',1,'用户名: admin,登录成功！',NULL,NULL,NULL,'127.0.0.1',NULL,NULL,NULL,NULL,NULL,'jeecg-boot','2019-03-11 17:31:38',NULL,NULL),('98d4b573769af6d9c10cd5c509bfb7af',1,'用户名: admin,登录成功！',NULL,NULL,NULL,'127.0.0.1',NULL,NULL,NULL,NULL,NULL,'jeecg-boot','2019-03-16 11:21:25',NULL,NULL),('993010965223b8e3a7a784409f7e377e',1,'用户名: admin,登录成功！',NULL,NULL,NULL,'127.0.0.1',NULL,NULL,NULL,NULL,NULL,'jeecg-boot','2019-01-30 15:50:41',NULL,NULL),('99357d793f2507cfb7b270677b4fe56c',1,'用户名: admin,登录成功！',NULL,NULL,NULL,'127.0.0.1',NULL,NULL,NULL,NULL,NULL,'jeecg-boot','2019-02-25 10:46:42',NULL,NULL),('994efef0ebca19292e14a39b385b0e21',1,'用户名: admin,登录成功！',NULL,NULL,NULL,'127.0.0.1',NULL,NULL,NULL,NULL,NULL,'jeecg-boot','2019-02-15 16:22:24',NULL,NULL),('997bb4cb1ad24439b6f7656222af0710',2,'添加测试DEMO',NULL,NULL,NULL,'127.0.0.1','org.jeecg.modules.demo.test.controller.JeecgDemoController.add()',NULL,'[{\"createBy\":\"jeecg-boot\",\"createTime\":1553824768819,\"id\":\"ee84471f0dff5ae88c45e852bfa0280f\",\"keyWord\":\"22\",\"name\":\"222\"}]',NULL,5,'jeecg-boot','2019-03-29 09:59:28',NULL,NULL),('9a1456ef58a2b1fb63cdc54b723f2539',1,'用户名: admin,登录成功！',NULL,NULL,NULL,'127.0.0.1',NULL,NULL,NULL,NULL,NULL,'jeecg-boot','2019-03-28 17:26:39',NULL,NULL),('9a5c1fbf3543880af6461182e24b75db',1,'用户名: admin,登录成功！',NULL,NULL,NULL,'127.0.0.1',NULL,NULL,NULL,NULL,NULL,'jeecg-boot','2019-03-15 13:51:27',NULL,NULL),('9acebd2d37c9078f9568125fb9696976',1,'用户名: admin,登录成功！',NULL,NULL,NULL,'127.0.0.1',NULL,NULL,NULL,NULL,NULL,'jeecg-boot','2019-01-21 16:07:59',NULL,NULL),('9b23981621d5265a55681883ec19fa91',1,'用户名: admin,登录成功！',NULL,NULL,NULL,'127.0.0.1',NULL,NULL,NULL,NULL,NULL,'jeecg-boot','2019-03-21 13:46:05',NULL,NULL),('9b568a868e57f24c5ba146848061613f',1,'用户名: admin,登录成功！',NULL,NULL,NULL,'192.168.1.104',NULL,NULL,NULL,NULL,NULL,'jeecg-boot','2019-03-09 20:09:15',NULL,NULL),('9b7a830914668881335da1b0ce2274b1',1,'用户名: admin,登录成功！',NULL,NULL,NULL,'127.0.0.1',NULL,NULL,NULL,NULL,NULL,'jeecg-boot','2019-04-01 17:19:02',NULL,NULL),('9bd6e11c5a2f0bb70215cfa097a4b29c',1,'用户名: admin,登录成功！',NULL,NULL,NULL,'127.0.0.1',NULL,NULL,NULL,NULL,NULL,'jeecg-boot','2019-02-25 10:57:52',NULL,NULL),('9be945480d69038865279f02df5cee45',1,'用户名: admin,登录成功！',NULL,NULL,NULL,'127.0.0.1',NULL,NULL,NULL,NULL,NULL,'jeecg-boot','2019-02-25 11:49:47',NULL,NULL),('9bfe7312f2951503082a28c2cc966ce4',1,'用户名: admin,登录成功！',NULL,NULL,NULL,'127.0.0.1',NULL,NULL,NULL,NULL,NULL,'jeecg-boot','2019-02-13 10:24:02',NULL,NULL),('9c32ec437d8f8d407b1bd1165fc0305d',1,'用户名: admin,登录成功！',NULL,NULL,NULL,'127.0.0.1',NULL,NULL,NULL,NULL,NULL,'jeecg-boot','2019-04-08 15:01:25',NULL,NULL),('9c64406daa2b6e7ad1f6776789d61e43',1,'用户名: admin,登录成功！',NULL,NULL,NULL,'127.0.0.1',NULL,NULL,NULL,NULL,NULL,'jeecg-boot','2019-02-11 10:56:46',NULL,NULL),('9cea908c7a78dc77fdaed975819983bd',1,'用户名: admin,登录成功！',NULL,NULL,NULL,'127.0.0.1',NULL,NULL,NULL,NULL,NULL,'jeecg-boot','2019-02-25 11:20:15',NULL,NULL),('9d0416e09fae7aeeeefc8511a61650c2',1,'用户名: admin,登录成功！',NULL,NULL,NULL,'127.0.0.1',NULL,NULL,NULL,NULL,NULL,'jeecg-boot','2019-03-30 18:15:05',NULL,NULL),('9db7e7d214dbe9fe8fff5ff20634e282',1,'用户名: admin,登录成功！',NULL,NULL,NULL,'127.0.0.1',NULL,NULL,NULL,NULL,NULL,'jeecg-boot','2019-03-19 11:19:34',NULL,NULL),('9df97c1b3213aa64eda81c6bf818b02b',1,'用户名: admin,登录成功！',NULL,NULL,NULL,'127.0.0.1',NULL,NULL,NULL,NULL,NULL,'jeecg-boot','2019-04-04 22:42:48',NULL,NULL),('9e1da5d8758f2681543971ee43ee14e2',1,'用户名: admin,登录成功！',NULL,NULL,NULL,'127.0.0.1',NULL,NULL,NULL,NULL,NULL,'jeecg','2019-08-23 22:43:48',NULL,NULL),('9e9d01c430b72703ce3a94589be54bbe',1,'用户名: admin,登录成功！',NULL,NULL,NULL,'127.0.0.1',NULL,NULL,NULL,NULL,NULL,'jeecg-boot','2019-03-09 18:26:06',NULL,NULL),('9eb3fb6d9d45e3847a88f65ed47da935',1,'用户名: jeecg,登录成功！',NULL,NULL,NULL,'192.168.3.22',NULL,NULL,NULL,NULL,NULL,'jeecg-boot','2019-04-05 20:52:47',NULL,NULL),('9ed114408a130e69c0de4c91b2d6bf7e',1,'用户名: admin,登录成功！',NULL,NULL,NULL,'127.0.0.1',NULL,NULL,NULL,NULL,NULL,'jeecg-boot','2019-03-11 13:03:40',NULL,NULL),('9ef3f1ed07003e3abec3445920b062f1',1,'用户名: admin,登录成功！',NULL,NULL,NULL,'127.0.0.1',NULL,NULL,NULL,NULL,NULL,'jeecg-boot','2019-01-23 11:17:05',NULL,NULL),('9f2db1ffaf89518a25cc6701da0c5858',1,'用户名: admin,登录成功！',NULL,NULL,NULL,'127.0.0.1',NULL,NULL,NULL,NULL,NULL,'jeecg-boot','2019-01-19 17:05:07',NULL,NULL),('9f31eedbe3f3c5c431b490d5fec0094c',1,'用户名: admin,登录成功！',NULL,NULL,NULL,'127.0.0.1',NULL,NULL,NULL,NULL,NULL,'jeecg-boot','2019-02-01 09:56:36',NULL,NULL),('9f4960f89a10d7fdcf22d1ea46143fff',1,'用户名: admin,登录成功！',NULL,NULL,NULL,'127.0.0.1',NULL,NULL,NULL,NULL,NULL,'jeecg-boot','2019-02-25 10:51:13',NULL,NULL),('a052befb699ee69b3197b139fd9263f0',1,'用户名: admin,登录成功！',NULL,NULL,NULL,'127.0.0.1',NULL,NULL,NULL,NULL,NULL,'jeecg-boot','2019-03-15 17:34:58',NULL,NULL),('a1b870eee811cfa4960f577b667b0973',1,'用户名: admin,登录成功！',NULL,NULL,NULL,'127.0.0.1',NULL,NULL,NULL,NULL,NULL,'jeecg-boot','2019-04-01 18:23:44',NULL,NULL),('a22ddd4b5b0b84bd7794edd24b25fc64',2,'添加测试DEMO',NULL,'admin','管理员','127.0.0.1','org.jeecg.modules.demo.test.controller.JeecgDemoController.add()',NULL,'[{\"createBy\":\"admin\",\"createTime\":1547883299809,\"email\":\"zhangdaiscott@163.com\",\"id\":\"7eac655877842eb39dc2f0469f3964ec\",\"name\":\"zhang daihao\"}]',NULL,25,'admin','2019-01-19 15:34:59',NULL,NULL),('a28de45f52c027a3348a557efab6f430',1,'用户名: admin,登录成功！',NULL,NULL,NULL,'127.0.0.1',NULL,NULL,NULL,NULL,NULL,'jeecg-boot','2019-03-19 10:34:26',NULL,NULL),('a2950ae3b86f786a6a6c1ce996823b53',1,'用户名: 管理员,退出成功！',NULL,'admin','管理员','127.0.0.1',NULL,NULL,NULL,NULL,NULL,'admin','2019-04-02 09:47:11',NULL,NULL),('a2e0435673b17f4fb848eecdf8ecacd6',1,'用户名: admin,登录成功！',NULL,NULL,NULL,'127.0.0.1',NULL,NULL,NULL,NULL,NULL,'jeecg-boot','2019-03-22 21:32:37',NULL,NULL),('a34ed4c6fef2b9f07a20e54ef4501b99',1,'用户名: admin,登录成功！',NULL,NULL,NULL,'127.0.0.1',NULL,NULL,NULL,NULL,NULL,'jeecg-boot','2019-02-15 10:48:00',NULL,NULL),('a35a476c303983701045507c9af3fa03',1,'用户名: admin,登录成功！',NULL,NULL,NULL,'127.0.0.1',NULL,NULL,NULL,NULL,NULL,'jeecg-boot','2019-02-20 18:44:58',NULL,NULL),('a42e5cd05566ea226c2e2fc201860f2c',1,'用户名: admin,登录成功！',NULL,NULL,NULL,'127.0.0.1',NULL,NULL,NULL,NULL,NULL,'jeecg-boot','2019-03-30 11:15:50',NULL,NULL),('a521d9f2a0087daa37923fa704dea85b',1,'用户名: 管理员,退出成功！',NULL,'admin','管理员','127.0.0.1',NULL,NULL,NULL,NULL,NULL,'admin','2019-03-25 12:45:52',NULL,NULL),('a56661bbc72b8586778513c71f4764f5',1,'用户名: jeecg,登录成功！',NULL,NULL,NULL,'127.0.0.1',NULL,NULL,NULL,NULL,NULL,'jeecg-boot','2019-03-25 12:53:09',NULL,NULL),('a5848ab4e8d0fb6ecf71ee1d99165468',1,'用户名: admin,登录成功！',NULL,NULL,NULL,'127.0.0.1',NULL,NULL,NULL,NULL,NULL,'jeecg-boot','2019-03-23 22:14:50',NULL,NULL),('a5daa58b078cb8b3653af869aeecebd0',1,'用户名: admin,登录成功！',NULL,NULL,NULL,'127.0.0.1',NULL,NULL,NULL,NULL,NULL,'jeecg-boot','2019-03-29 17:14:31',NULL,NULL),('a61d9db83888d42b0d24621de48a880d',1,'用户名: admin,登录成功！',NULL,NULL,NULL,'127.0.0.1',NULL,NULL,NULL,NULL,NULL,'jeecg-boot','2019-03-05 22:49:48',NULL,NULL),('a6209166e1e9b224cca09de1e9ea1ed7',1,'用户名: admin,登录成功！',NULL,NULL,NULL,'127.0.0.1',NULL,NULL,NULL,NULL,NULL,'jeecg-boot','2019-03-21 13:41:10',NULL,NULL),('a6261bbbf8e964324935722ea1384a5d',1,'用户名: admin,登录成功！',NULL,NULL,NULL,'127.0.0.1',NULL,NULL,NULL,NULL,NULL,'jeecg-boot','2019-03-28 19:46:27',NULL,NULL),('a63147887c6ca54ce31f6c9e6279a714',1,'用户名: admin,登录成功！',NULL,NULL,NULL,'127.0.0.1',NULL,NULL,NULL,NULL,NULL,'jeecg-boot','2019-04-02 09:19:07',NULL,NULL),('a68160f37cace166fedd299c4ca0be10',1,'用户名: admin,登录成功！',NULL,NULL,NULL,'127.0.0.1',NULL,NULL,NULL,NULL,NULL,'jeecg-boot','2019-01-19 15:40:00',NULL,NULL),('a6971e63e3d9158020e0186cda81467d',1,'用户名: admin,登录成功！',NULL,NULL,NULL,'127.0.0.1',NULL,NULL,NULL,NULL,NULL,'jeecg-boot','2019-04-02 14:59:23',NULL,NULL),('a69f4ff4e48754de96ae6fa4fabc1579',1,'用户名: admin,登录成功！',NULL,NULL,NULL,'127.0.0.1',NULL,NULL,NULL,NULL,NULL,'jeecg-boot','2019-04-02 09:18:48',NULL,NULL),('a6c3b28530416dace21371abe8cae00b',2,'删除测试DEMO',NULL,NULL,NULL,'127.0.0.1','org.jeecg.modules.demo.test.controller.JeecgDemoController.delete()',NULL,'[\"ee84471f0dff5ae88c45e852bfa0280f\"]',NULL,9,'jeecg-boot','2019-03-29 09:59:48',NULL,NULL),('a6e323785535592ee208aa7e53554644',1,'用户名: admin,登录成功！',NULL,NULL,NULL,'127.0.0.1',NULL,NULL,NULL,NULL,NULL,'jeecg-boot','2019-02-20 09:15:27',NULL,NULL),('a710ed2de7e31fd72b1efb1b54ba5a87',1,'用户名: admin,登录成功！',NULL,NULL,NULL,'127.0.0.1',NULL,NULL,NULL,NULL,NULL,'jeecg-boot','2019-04-03 15:30:43',NULL,NULL),('a77d29673cfe97c9e03cfb879b934f62',1,'用户名: admin,登录成功！',NULL,NULL,NULL,'127.0.0.1',NULL,NULL,NULL,NULL,NULL,'jeecg-boot','2019-02-22 12:41:15',NULL,NULL),('a7d1f4a774eb8644e2b1d37ca5f93641',1,'用户名: admin,登录成功！',NULL,NULL,NULL,'127.0.0.1',NULL,NULL,NULL,NULL,NULL,'jeecg-boot','2019-03-08 10:16:03',NULL,NULL),('a7ee4b4c236bc0e8f56db5fdf1e5ac38',1,'用户名: admin,登录成功！',NULL,NULL,NULL,'127.0.0.1',NULL,NULL,NULL,NULL,NULL,'jeecg-boot','2019-03-20 13:21:36',NULL,NULL),('a83e37b55a07fe48272b0005a193dee6',1,'用户名: admin,登录成功！',NULL,NULL,NULL,'127.0.0.1',NULL,NULL,NULL,NULL,NULL,'jeecg-boot','2019-04-11 09:17:59',NULL,NULL),('a867c282a8d97f7758235f881804bb48',1,'用户名: admin,登录成功！',NULL,NULL,NULL,'127.0.0.1',NULL,NULL,NULL,NULL,NULL,'jeecg-boot','2019-03-13 18:28:20',NULL,NULL),('a8c7ba2d11315b171940def2cbeb0e8f',1,'用户名: 管理员,退出成功！',NULL,'admin','管理员','127.0.0.1',NULL,NULL,NULL,NULL,NULL,'admin','2019-03-25 13:01:40',NULL,NULL),('a95192071de908f37f4998af4c269bcb',1,'用户名: admin,登录成功！',NULL,NULL,NULL,'127.0.0.1',NULL,NULL,NULL,NULL,NULL,'jeecg-boot','2019-02-24 14:26:53',NULL,NULL),('a9b34565c6460dc9cede00ad150393f9',1,'用户名: admin,登录成功！',NULL,NULL,NULL,'127.0.0.1',NULL,NULL,NULL,NULL,NULL,'jeecg-boot','2019-01-28 14:17:53',NULL,NULL),('a9bd713f975bfbff87638432a104b715',1,'用户名: admin,登录成功！',NULL,NULL,NULL,'192.168.1.104',NULL,NULL,NULL,NULL,NULL,'jeecg-boot','2019-03-09 20:04:44',NULL,NULL),('aa47c8cf2a4f2de16f415b9d9d3dbf05',1,'用户名: admin,登录成功！',NULL,NULL,NULL,'127.0.0.1',NULL,NULL,NULL,NULL,NULL,'jeecg-boot','2019-01-30 16:14:36',NULL,NULL),('aa49341b29865b45588ad2f9b89c47ea',1,'用户名: 管理员,退出成功！',NULL,'admin','管理员','127.0.0.1',NULL,NULL,NULL,NULL,NULL,'admin','2019-04-11 19:42:42',NULL,NULL),('aaf10eab9c2b6ed6af1d7a9ce844d146',1,'用户名: admin,登录成功！',NULL,NULL,NULL,'127.0.0.1',NULL,NULL,NULL,NULL,NULL,'jeecg-boot','2019-02-13 13:08:10',NULL,NULL),('ab1d707bbfdf44aa17307d30ca872403',1,'用户名: admin,登录成功！',NULL,NULL,NULL,'127.0.0.1',NULL,NULL,NULL,NULL,NULL,'jeecg-boot','2019-03-30 15:50:42',NULL,NULL),('ab550d09101a88bc999ea57cbb05aa5a',1,'用户名: admin,登录成功！',NULL,NULL,NULL,'127.0.0.1',NULL,NULL,NULL,NULL,NULL,'jeecg-boot','2019-03-07 17:59:59',NULL,NULL),('ab8a71b7565d356d12e12c6730b0ceb0',1,'用户名: admin,登录成功！',NULL,NULL,NULL,'127.0.0.1',NULL,NULL,NULL,NULL,NULL,'jeecg-boot','2019-02-25 10:51:13',NULL,NULL),('ac8cf22c2f10a38c7a631fc590551c40',1,'用户名: admin,登录成功！',NULL,NULL,NULL,'127.0.0.1',NULL,NULL,NULL,NULL,NULL,'jeecg-boot','2019-04-01 12:04:16',NULL,NULL),('ad97829fe7fefcd38c80d1eb1328e40f',1,'用户名: admin,登录成功！',NULL,NULL,NULL,'127.0.0.1',NULL,NULL,NULL,NULL,NULL,'jeecg-boot','2019-03-20 09:28:18',NULL,NULL),('add13f513772a63f8ca8bf85634bb72c',1,'用户名: admin,登录成功！',NULL,NULL,NULL,'127.0.0.1',NULL,NULL,NULL,NULL,NULL,'jeecg-boot','2019-04-02 13:09:03',NULL,NULL),('ae61be664d2f30d4f2248347c5998a45',1,'用户名: jeecg,退出成功！',NULL,'jeecg','jeecg','127.0.0.1',NULL,NULL,NULL,NULL,NULL,'jeecg','2019-03-25 12:53:17',NULL,NULL),('aeb738ab880c262772453d35fc98f2f2',1,'用户名: admin,登录成功！',NULL,NULL,NULL,'127.0.0.1',NULL,NULL,NULL,NULL,NULL,'jeecg-boot','2019-03-07 18:50:30',NULL,NULL),('aec0817ecc0063bde76c1f6b6889d117',1,'用户名: admin,登录成功！',NULL,NULL,NULL,'127.0.0.1',NULL,NULL,NULL,NULL,NULL,'jeecg-boot','2019-03-25 12:47:06',NULL,NULL),('aeca30df24ce26f008a7e2101f7c513c',1,'用户名: admin,登录成功！',NULL,NULL,NULL,'127.0.0.1',NULL,NULL,NULL,NULL,NULL,'jeecg-boot','2019-03-20 12:27:53',NULL,NULL),('af5869701738a6f4c2c58fe8dfe02726',1,'用户名: admin,登录成功！',NULL,NULL,NULL,'127.0.0.1',NULL,NULL,NULL,NULL,NULL,'jeecg-boot','2019-03-22 16:42:40',NULL,NULL),('af8fe96a9f0b325e4833fc0d9c4721bf',1,'用户名: 管理员,退出成功！',NULL,'admin','管理员','127.0.0.1',NULL,NULL,NULL,NULL,NULL,'admin','2019-03-30 18:14:56',NULL,NULL),('b01c3f89bcfd263de7cb1a9b0210a7af',1,'用户名: admin,登录成功！',NULL,NULL,NULL,'127.0.0.1',NULL,NULL,NULL,NULL,NULL,'jeecg-boot','2019-04-03 17:53:55',NULL,NULL),('b096a9e76395f1a52d8c260c4eb811fd',1,'用户名: admin,登录成功！',NULL,NULL,NULL,'127.0.0.1',NULL,NULL,NULL,NULL,NULL,'jeecg','2019-08-23 18:51:24',NULL,NULL),('b09ccd219a1ce5c7270bb659748b8330',1,'用户名: admin,登录成功！',NULL,NULL,NULL,'127.0.0.1',NULL,NULL,NULL,NULL,NULL,'jeecg-boot','2019-01-19 15:34:38',NULL,NULL),('b0cebd174565a88bb850a2475ce14625',1,'用户名: admin,登录成功！',NULL,NULL,NULL,'127.0.0.1',NULL,NULL,NULL,NULL,NULL,'jeecg-boot','2019-03-22 18:19:39',NULL,NULL),('b0d11dfec52e02f504c63e2f8224b00d',1,'用户名: admin,登录成功！',NULL,NULL,NULL,'127.0.0.1',NULL,NULL,NULL,NULL,NULL,'jeecg-boot','2019-01-25 19:27:44',NULL,NULL),('b0e6b3a0ec5d8c73166fb8129d21a834',1,'用户名: admin,登录成功！',NULL,NULL,NULL,'127.0.0.1',NULL,NULL,NULL,NULL,NULL,'jeecg-boot','2019-04-09 16:56:16',NULL,NULL),('b1e9797721dbfcc51bbe7182142cbdcd',1,'用户名: 管理员,退出成功！',NULL,'admin','管理员','127.0.0.1',NULL,NULL,NULL,NULL,NULL,'admin','2019-03-25 12:52:25',NULL,NULL),('b20ff98a10af3c25c1991741fd59ea64',1,'用户名: admin,登录成功！',NULL,NULL,NULL,'127.0.0.1',NULL,NULL,NULL,NULL,NULL,'jeecg-boot','2019-01-21 16:07:48',NULL,NULL),('b23293288a84ba965509f466ed0e7e2f',1,'用户名: admin,登录成功！',NULL,NULL,NULL,'127.0.0.1',NULL,NULL,NULL,NULL,NULL,'jeecg-boot','2019-02-25 12:43:11',NULL,NULL),('b26369680b41d581649cf865e88331e9',1,'用户名: admin,登录成功！',NULL,NULL,NULL,'127.0.0.1',NULL,NULL,NULL,NULL,NULL,'jeecg-boot','2019-01-21 15:03:07',NULL,NULL),('b3127e34f395e1f1790450da5689a4a1',1,'用户名: admin,登录成功！',NULL,NULL,NULL,'127.0.0.1',NULL,NULL,NULL,NULL,NULL,'jeecg-boot','2019-02-25 16:28:35',NULL,NULL),('b3474fc5aad9ec2f36ccbbf7bf864a69',1,'用户名: admin,登录成功！',NULL,NULL,NULL,'127.0.0.1',NULL,NULL,NULL,NULL,NULL,'jeecg-boot','2019-01-25 11:17:24',NULL,NULL),('b38f42f4e15ee72e494bdf6f6feb0ae7',1,'用户名: admin,登录成功！',NULL,NULL,NULL,'127.0.0.1',NULL,NULL,NULL,NULL,NULL,'jeecg-boot','2019-02-25 10:49:58',NULL,NULL),('b3adf055f54878657611ef430f85803e',1,'用户名: admin,登录成功！',NULL,NULL,NULL,'127.0.0.1',NULL,NULL,NULL,NULL,NULL,'jeecg-boot','2019-03-20 11:33:57',NULL,NULL),('b3cceb535fa5577cc21b12502535ad29',1,'用户名: admin,登录成功！',NULL,NULL,NULL,'127.0.0.1',NULL,NULL,NULL,NULL,NULL,'jeecg-boot','2019-02-26 14:29:01',NULL,NULL),('b428718441be738cf8b5ce92109068c3',1,'用户名: admin,登录成功！',NULL,NULL,NULL,'127.0.0.1',NULL,NULL,NULL,NULL,NULL,'jeecg-boot','2019-03-08 16:21:37',NULL,NULL),('b4c3c7af9899b9af3f42f730cfabc9b2',1,'用户名: admin,登录成功！',NULL,NULL,NULL,'127.0.0.1',NULL,NULL,NULL,NULL,NULL,'jeecg-boot','2019-02-26 12:17:58',NULL,NULL),('b4ccdfc1280e73439eb1ad183076675b',1,'用户名: admin,登录成功！',NULL,NULL,NULL,'127.0.0.1',NULL,NULL,NULL,NULL,NULL,'jeecg-boot','2019-02-13 14:10:45',NULL,NULL),('b53c9e8ce1e129a09a3cda8c01fe644c',1,'用户名: admin,登录成功！',NULL,NULL,NULL,'127.0.0.1',NULL,NULL,NULL,NULL,NULL,'jeecg-boot','2019-02-26 11:38:49',NULL,NULL),('b55cc05e8dd4279c0fa145833db19ba8',1,'用户名: admin,登录成功！',NULL,NULL,NULL,'127.0.0.1',NULL,NULL,NULL,NULL,NULL,'jeecg-boot','2019-02-15 11:37:40',NULL,NULL),('b5df1807f08af5db640da11affec24d3',1,'用户名: admin,登录成功！',NULL,NULL,NULL,'127.0.0.1',NULL,NULL,NULL,NULL,NULL,'jeecg-boot','2019-02-25 12:49:25',NULL,NULL),('b5f6636c6e24e559ddf1feb3e1a77fd5',1,'用户名: admin,登录成功！',NULL,NULL,NULL,'127.0.0.1',NULL,NULL,NULL,NULL,NULL,'jeecg-boot','2019-03-20 12:14:05',NULL,NULL),('b605a83a9b5f3cdaaa1b3f4f41a5f12d',1,'用户名: admin,登录成功！',NULL,NULL,NULL,'127.0.0.1',NULL,NULL,NULL,NULL,NULL,'jeecg-boot','2019-01-21 17:04:20',NULL,NULL),('b6ee157afd006ceddc8c7558c251192e',1,'用户名: admin,登录成功！',NULL,NULL,NULL,'127.0.0.1',NULL,NULL,NULL,NULL,NULL,'jeecg-boot','2019-02-11 14:20:56',NULL,NULL),('b7085f003b4336af4d4ba18147f8e5ae',1,'用户名: admin,登录成功！',NULL,NULL,NULL,'127.0.0.1',NULL,NULL,NULL,NULL,NULL,'jeecg-boot','2019-03-21 22:29:37',NULL,NULL),('b7478d917ab6f663e03d458f0bb022a3',1,'用户名: admin,登录成功！',NULL,NULL,NULL,'127.0.0.1',NULL,NULL,NULL,NULL,NULL,'jeecg-boot','2019-03-25 12:50:55',NULL,NULL),('b7f33b5a514045878447fc64636ac3e6',1,'用户名: admin,登录成功！',NULL,NULL,NULL,'127.0.0.1',NULL,NULL,NULL,NULL,NULL,'jeecg-boot','2019-03-23 22:00:34',NULL,NULL),('b86958d773b2c2bd79baa2e8c3c84050',1,'用户名: admin,登录成功！',NULL,NULL,NULL,'127.0.0.1',NULL,NULL,NULL,NULL,NULL,'jeecg-boot','2019-03-15 16:49:36',NULL,NULL),('b8bd2a9de3fb917dfb6b435e58389901',1,'用户名: admin,登录成功！',NULL,NULL,NULL,'127.0.0.1',NULL,NULL,NULL,NULL,NULL,'jeecg-boot','2019-03-23 20:13:31',NULL,NULL),('b945fe8b63e0fc26d02c85466f36ebd9',1,'用户名: admin,登录成功！',NULL,NULL,NULL,'127.0.0.1',NULL,NULL,NULL,NULL,NULL,'jeecg-boot','2019-02-01 09:57:34',NULL,NULL),('b954f7c34dfbe9f6a1fc12244e0a7d59',1,'用户名: admin,登录成功！',NULL,NULL,NULL,'127.0.0.1',NULL,NULL,NULL,NULL,NULL,'jeecg-boot','2019-03-21 13:41:10',NULL,NULL),('b972484d206b36420efac466fae1c53f',1,'用户名: jeecg,退出成功！',NULL,'jeecg','jeecg','127.0.0.1',NULL,NULL,NULL,NULL,NULL,'jeecg','2019-03-25 12:54:38',NULL,NULL),('b98b7ac9e890657aa86a900763afbe2a',1,'用户名: admin,登录成功！',NULL,NULL,NULL,'127.0.0.1',NULL,NULL,NULL,NULL,NULL,'jeecg-boot','2019-02-20 11:49:44',NULL,NULL),('b99f5b6975350d86db4c5dd91de9f608',1,'用户名: admin,登录成功！',NULL,NULL,NULL,'127.0.0.1',NULL,NULL,NULL,NULL,NULL,'jeecg','2019-08-23 23:40:05',NULL,NULL),('b99fc7c53d4e3edc0c618edc11d3a073',1,'用户名: admin,登录成功！',NULL,NULL,NULL,'127.0.0.1',NULL,NULL,NULL,NULL,NULL,'jeecg-boot','2019-02-22 15:58:43',NULL,NULL),('b9bf472a12fc25a9d4b500421b08b025',1,'用户名: admin,登录成功！',NULL,NULL,NULL,'127.0.0.1',NULL,NULL,NULL,NULL,NULL,'jeecg-boot','2019-01-22 10:53:54',NULL,NULL),('baa53d6a534e669f6150ea47565fa5b9',1,'用户名: admin,登录成功！',NULL,NULL,NULL,'127.0.0.1',NULL,NULL,NULL,NULL,NULL,'jeecg-boot','2019-04-09 17:27:24',NULL,NULL),('baaf37e5937f938ac92856bc74cc2b86',1,'用户名: admin,登录成功！',NULL,NULL,NULL,'127.0.0.1',NULL,NULL,NULL,NULL,NULL,'jeecg-boot','2019-02-22 13:48:53',NULL,NULL),('bbd3e1f27e025502a67cf54945b0b269',1,'用户名: admin,登录成功！',NULL,NULL,NULL,'127.0.0.1',NULL,NULL,NULL,NULL,NULL,'jeecg-boot','2019-03-31 22:13:16',NULL,NULL),('bbe2e637bafa0d7f465dc9e1266cff3d',1,'用户名: admin,登录成功！',NULL,NULL,NULL,'127.0.0.1',NULL,NULL,NULL,NULL,NULL,'jeecg-boot','2019-01-25 11:16:50',NULL,NULL),('bbf4fb593d6918cc767bb50c9b6c16c5',1,'用户名: admin,登录成功！',NULL,NULL,NULL,'127.0.0.1',NULL,NULL,NULL,NULL,NULL,'jeecg-boot','2019-02-14 10:44:20',NULL,NULL),('bc28d4275c7c7fcd067e1aef40ec1dd4',1,'用户名: admin,登录成功！',NULL,NULL,NULL,'127.0.0.1',NULL,NULL,NULL,NULL,NULL,'jeecg-boot','2019-04-03 10:53:03',NULL,NULL),('bc594b8921a0bcdb26d4a93916316092',1,'用户名: admin,登录成功！',NULL,NULL,NULL,'127.0.0.1',NULL,NULL,NULL,NULL,NULL,'jeecg-boot','2019-02-26 14:42:58',NULL,NULL),('bd6d7d720b9dd803f8ad26e2d40870f3',1,'用户名: admin,登录成功！',NULL,NULL,NULL,'127.0.0.1',NULL,NULL,NULL,NULL,NULL,'jeecg-boot','2019-04-10 11:04:06',NULL,NULL),('bd9167a87aee4574a30d67825acaad0a',1,'用户名: admin,登录成功！',NULL,NULL,NULL,'127.0.0.1',NULL,NULL,NULL,NULL,NULL,'jeecg-boot','2019-03-17 17:51:03',NULL,NULL),('bdeae62057ae9858b6a546c1bdb6efc7',1,'用户名: admin,登录成功！',NULL,NULL,NULL,'127.0.0.1',NULL,NULL,NULL,NULL,NULL,'jeecg-boot','2019-02-26 11:49:29',NULL,NULL),('bdfd95b4d4c271d7d8d38f89f4a55da9',1,'用户名: admin,登录成功！',NULL,NULL,NULL,'127.0.0.1',NULL,NULL,NULL,NULL,NULL,'jeecg-boot','2019-03-17 17:59:12',NULL,NULL),('beb9ef68b586f05bd7cf43058e01ad4a',1,'用户名: admin,登录成功！',NULL,NULL,NULL,'127.0.0.1',NULL,NULL,NULL,NULL,NULL,'jeecg-boot','2019-03-17 22:29:02',NULL,NULL),('befbcf5a27ef8d2ca8e6234077f9413d',1,'用户名: admin,登录成功！',NULL,NULL,NULL,'127.0.0.1',NULL,NULL,NULL,NULL,NULL,'jeecg-boot','2019-03-18 16:01:33',NULL,NULL),('bfa0766f53dbd3a0fe4043f57bd9bbee',1,'用户名: admin,登录成功！',NULL,NULL,NULL,'127.0.0.1',NULL,NULL,NULL,NULL,NULL,'jeecg-boot','2019-02-25 10:35:33',NULL,NULL),('bfe758860662ae07a15598396a12cfaa',1,'用户名: admin,登录成功！',NULL,NULL,NULL,'127.0.0.1',NULL,NULL,NULL,NULL,NULL,'jeecg-boot','2019-02-25 10:50:00',NULL,NULL),('bfec8c8c88868391041667d924e3af7f',1,'用户名: admin,登录成功！',NULL,NULL,NULL,'127.0.0.1',NULL,NULL,NULL,NULL,NULL,'jeecg-boot','2019-03-28 14:38:27',NULL,NULL),('c03985d6e038b5d8ebdeec27fce249ba',1,'用户名: admin,登录成功！',NULL,NULL,NULL,'127.0.0.1',NULL,NULL,NULL,NULL,NULL,'jeecg-boot','2019-03-21 13:43:24',NULL,NULL),('c12e3d7655a5a8b192bb9964a2a66946',1,'用户名: admin,登录成功！',NULL,NULL,NULL,'127.0.0.1',NULL,NULL,NULL,NULL,NULL,'jeecg-boot','2019-02-24 22:35:45',NULL,NULL),('c1842fc83cdf0b0cc0264bf093e9c55d',1,'用户名: admin,登录成功！',NULL,NULL,NULL,'127.0.0.1',NULL,NULL,NULL,NULL,NULL,'jeecg-boot','2019-01-19 21:56:15',NULL,NULL),('c18db091677ec01d55e913662b9028a9',1,'用户名: admin,登录成功！',NULL,NULL,NULL,'127.0.0.1',NULL,NULL,NULL,NULL,NULL,'jeecg-boot','2019-01-19 21:19:07',NULL,NULL),('c1a68605bee6b3d1264390c1cfe7a9fa',1,'用户名: admin,登录成功！',NULL,NULL,NULL,'127.0.0.1',NULL,NULL,NULL,NULL,NULL,'jeecg-boot','2019-03-09 20:49:55',NULL,NULL),('c21422fa08f8480a53367fda7ddddf12',1,'用户名: 管理员,退出成功！',NULL,'admin','管理员','127.0.0.1',NULL,NULL,NULL,NULL,NULL,'admin','2019-04-02 10:02:30',NULL,NULL),('c2bfe3b92e6bfb7016cc82e95419a602',1,'用户名: admin,登录成功！',NULL,NULL,NULL,'127.0.0.1',NULL,NULL,NULL,NULL,NULL,'jeecg-boot','2019-02-25 11:54:05',NULL,NULL),('c33b4e0bbf998330e44fad65e9d0029e',1,'用户名: admin,登录成功！',NULL,NULL,NULL,'127.0.0.1',NULL,NULL,NULL,NULL,NULL,'jeecg-boot','2019-02-12 15:54:56',NULL,NULL),('c434dc5172dc993ee7cd96187ca58653',1,'用户名: 管理员,退出成功！',NULL,'admin','管理员','127.0.0.1',NULL,NULL,NULL,NULL,NULL,'admin','2019-03-28 19:46:08',NULL,NULL),('c5954beca75d6a0c014e2de3b621275a',1,'用户名: admin,登录成功！',NULL,NULL,NULL,'127.0.0.1',NULL,NULL,NULL,NULL,NULL,'jeecg-boot','2019-02-14 22:41:31',NULL,NULL),('c5d4597b38275dcb890c6568a7c113f2',1,'用户名: admin,登录成功！',NULL,NULL,NULL,'127.0.0.1',NULL,NULL,NULL,NULL,NULL,'jeecg-boot','2019-03-24 12:18:46',NULL,NULL),('c5e541648bab341230c93377b4d4e262',1,'用户名: admin,登录成功！',NULL,NULL,NULL,'127.0.0.1',NULL,NULL,NULL,NULL,NULL,'jeecg-boot','2019-02-13 16:05:09',NULL,NULL),('c665d704539483630cc9ed5715ed57a8',1,'用户名: admin,登录成功！',NULL,NULL,NULL,'127.0.0.1',NULL,NULL,NULL,NULL,NULL,'jeecg-boot','2019-03-25 12:10:12',NULL,NULL),('c66e22782dd3916d1361c76b0cc4ec8a',1,'用户名: admin,登录成功！',NULL,NULL,NULL,'127.0.0.1',NULL,NULL,NULL,NULL,NULL,'jeecg-boot','2019-03-21 22:44:06',NULL,NULL),('c6c0316b6989bf1eea0a3803f593bf69',1,'用户名: admin,登录成功！',NULL,NULL,NULL,'127.0.0.1',NULL,NULL,NULL,NULL,NULL,'jeecg-boot','2019-01-19 15:47:19',NULL,NULL),('c6cbe54fcb194d025a081e5f91a7e3f0',1,'用户名: admin,登录成功！',NULL,NULL,NULL,'127.0.0.1',NULL,NULL,NULL,NULL,NULL,'jeecg-boot','2019-03-22 10:26:38',NULL,NULL),('c72bb25acd132303788699834ae039b4',1,'用户名: admin,登录成功！',NULL,NULL,NULL,'127.0.0.1',NULL,NULL,NULL,NULL,NULL,'jeecg-boot','2019-03-20 12:06:06',NULL,NULL),('c7384ed6a6b09ff6704a6b1c1e378cee',1,'用户名: 管理员,退出成功！',NULL,'admin','管理员','127.0.0.1',NULL,NULL,NULL,NULL,NULL,'admin','2019-07-05 14:45:30',NULL,NULL),('c7b6156c4f42b70c562b507766f4546c',1,'用户名: admin,登录成功！',NULL,NULL,NULL,'127.0.0.1',NULL,NULL,NULL,NULL,NULL,'jeecg-boot','2019-01-21 15:14:08',NULL,NULL),('c98a6367b152cf5311d0eec98fab390c',1,'用户名: admin,登录成功！',NULL,NULL,NULL,'127.0.0.1',NULL,NULL,NULL,NULL,NULL,'jeecg-boot','2019-04-01 22:13:34',NULL,NULL),('c9be887c9292153e39861c91243b7432',1,'用户名: admin,登录成功！',NULL,NULL,NULL,'127.0.0.1',NULL,NULL,NULL,NULL,NULL,'jeecg-boot','2019-01-30 15:12:15',NULL,NULL),('ca737885d9034f71f70c4ae7986fafa8',1,'用户名: admin,登录成功！',NULL,NULL,NULL,'127.0.0.1',NULL,NULL,NULL,NULL,NULL,'jeecg-boot','2019-04-04 22:47:28',NULL,NULL),('caee69e55ec929f7ba904280cac971e6',1,'用户名: admin,登录成功！',NULL,NULL,NULL,'127.0.0.1',NULL,NULL,NULL,NULL,NULL,'jeecg-boot','2019-02-26 11:49:15',NULL,NULL),('cb6b52fbbdd4c5698c17edaf9960e11e',1,'用户名: admin,登录成功！',NULL,NULL,NULL,'127.0.0.1',NULL,NULL,NULL,NULL,NULL,'jeecg-boot','2019-01-19 21:22:23',NULL,NULL),('cb7c6178101ef049d3f1820ee41df539',1,'用户名: admin,登录成功！',NULL,NULL,NULL,'127.0.0.1',NULL,NULL,NULL,NULL,NULL,'jeecg-boot','2019-03-28 19:59:19',NULL,NULL),('cbd720f20fc090c7350a98be0738816a',1,'用户名: admin,登录成功！',NULL,NULL,NULL,'192.168.1.104',NULL,NULL,NULL,NULL,NULL,'jeecg-boot','2019-03-09 20:55:19',NULL,NULL),('cbf83d11486a8d57814ae38c9822b022',1,'用户名: admin,登录成功！',NULL,NULL,NULL,'127.0.0.1',NULL,NULL,NULL,NULL,NULL,'jeecg-boot','2019-03-25 12:05:39',NULL,NULL),('cc39057ae0a8a996fb0b3a8ad5b8f341',1,'用户名: admin,登录成功！',NULL,NULL,NULL,'127.0.0.1',NULL,NULL,NULL,NULL,NULL,'jeecg-boot','2019-04-02 10:20:05',NULL,NULL),('cc7fa5567e7833a3475b29b7441a2976',1,'用户名: admin,登录成功！',NULL,NULL,NULL,'127.0.0.1',NULL,NULL,NULL,NULL,NULL,'jeecg-boot','2019-01-22 14:21:31',NULL,NULL),('cc8ab347f332c55570830c5fc39bbf9f',1,'用户名: admin,登录成功！',NULL,NULL,NULL,'127.0.0.1',NULL,NULL,NULL,NULL,NULL,'jeecg-boot','2019-01-24 13:08:38',NULL,NULL),('ccad29843623a6c3ca59548b1d533b15',1,'用户名: admin,登录成功！',NULL,NULL,NULL,'127.0.0.1',NULL,NULL,NULL,NULL,NULL,'jeecg-boot','2019-01-22 10:56:33',NULL,NULL),('cd064a2f6cb6c640cb97a74aaa6041d7',1,'用户名: admin,登录成功！',NULL,NULL,NULL,'127.0.0.1',NULL,NULL,NULL,NULL,NULL,'jeecg-boot','2019-03-25 12:17:10',NULL,NULL),('cd5af66a87bb40026c72a748155b47e8',1,'用户名: admin,登录成功！',NULL,NULL,NULL,'127.0.0.1',NULL,NULL,NULL,NULL,NULL,'jeecg-boot','2019-03-21 13:47:26',NULL,NULL),('cd7a7c49e02ca9613b6879fda4e563cf',1,'用户名: admin,登录成功！',NULL,NULL,NULL,'127.0.0.1',NULL,NULL,NULL,NULL,NULL,'jeecg-boot','2019-03-20 12:29:08',NULL,NULL),('ce6aa822166b97a78b0bbea62366f8e0',1,'用户名: admin,登录成功！',NULL,NULL,NULL,'127.0.0.1',NULL,NULL,NULL,NULL,NULL,'jeecg-boot','2019-04-03 20:14:29',NULL,NULL),('ce9893f4d0dd163e900fcd537f2c292d',1,'用户名: admin,登录成功！',NULL,NULL,NULL,'127.0.0.1',NULL,NULL,NULL,NULL,NULL,'jeecg-boot','2019-03-25 11:55:55',NULL,NULL),('cedf399271592c27dcb6f6ce3312e77d',2,'删除测试DEMO',NULL,'admin','管理员','127.0.0.1','org.jeecg.modules.demo.test.controller.JeecgDemoController.delete()',NULL,'[\"7501\"]',NULL,24,'admin','2019-03-06 16:03:13',NULL,NULL),('cf590576a5f6a42b347e6b5bf5ebf5bd',1,'用户名: admin,登录成功！',NULL,NULL,NULL,'127.0.0.1',NULL,NULL,NULL,NULL,NULL,'jeecg-boot','2019-02-25 12:43:31',NULL,NULL),('cfba34db2d7fbb15a2971212f09b59ec',1,'用户名: admin,登录成功！',NULL,NULL,NULL,'127.0.0.1',NULL,NULL,NULL,NULL,NULL,'jeecg-boot','2019-02-26 11:51:43',NULL,NULL),('d00964eee24c6f9a8609a42eeebef957',1,'用户名: admin,登录成功！',NULL,NULL,NULL,'127.0.0.1',NULL,NULL,NULL,NULL,NULL,'jeecg-boot','2019-03-10 17:04:48',NULL,NULL),('d01d658731dac4b580a879d986b03456',1,'用户名: admin,登录成功！',NULL,NULL,NULL,'127.0.0.1',NULL,NULL,NULL,NULL,NULL,'jeecg-boot','2019-03-07 15:00:37',NULL,NULL),('d03aaee882d13b796db860cb95f27724',1,'用户名: admin,登录成功！',NULL,NULL,NULL,'127.0.0.1',NULL,NULL,NULL,NULL,NULL,'jeecg-boot','2019-02-24 22:59:54',NULL,NULL),('d0ce9bfc790a573d48d49d3bbbf1a1cb',1,'用户名: admin,登录成功！',NULL,NULL,NULL,'127.0.0.1',NULL,NULL,NULL,NULL,NULL,'jeecg-boot','2019-03-23 22:09:06',NULL,NULL),('d1111594fef195980370c5f91ccf9212',1,'用户名: admin,登录成功！',NULL,NULL,NULL,'127.0.0.1',NULL,NULL,NULL,NULL,NULL,'jeecg-boot','2019-02-25 11:48:09',NULL,NULL),('d1746c5c937fcb650bd835ff74dabdff',1,'用户名: admin,登录成功！',NULL,NULL,NULL,'127.0.0.1',NULL,NULL,NULL,NULL,NULL,'jeecg-boot','2019-01-21 18:06:32',NULL,NULL),('d18bff297a5c2fa54d708f25a7d790d6',1,'用户名: admin,登录成功！',NULL,NULL,NULL,'127.0.0.1',NULL,NULL,NULL,NULL,NULL,'jeecg-boot','2019-03-20 12:13:05',NULL,NULL),('d19b6e77ab1b6d6aa58996a93918754c',1,'用户名: admin,登录成功！',NULL,NULL,NULL,'127.0.0.1',NULL,NULL,NULL,NULL,NULL,'jeecg-boot','2019-02-11 11:33:06',NULL,NULL),('d1eb2a8ebed28d34199c5fc4a1579c4c',1,'用户名: admin,登录成功！',NULL,NULL,NULL,'127.0.0.1',NULL,NULL,NULL,NULL,NULL,'jeecg-boot','2019-02-20 12:55:09',NULL,NULL),('d23e6766cecf911fb2e593eeee354e18',1,'用户名: admin,登录成功！',NULL,NULL,NULL,'127.0.0.1',NULL,NULL,NULL,NULL,NULL,'jeecg-boot','2019-04-02 18:42:35',NULL,NULL),('d2910961a0ff046cc3ef6cf8d33a8094',1,'用户名: admin,登录成功！',NULL,NULL,NULL,'127.0.0.1',NULL,NULL,NULL,NULL,NULL,'jeecg-boot','2019-02-25 15:38:47',NULL,NULL),('d29cf7aae44523bf2f3d187e91356fe8',1,'用户名: admin,登录成功！',NULL,NULL,NULL,'127.0.0.1',NULL,NULL,NULL,NULL,NULL,'jeecg-boot','2019-01-23 12:20:35',NULL,NULL),('d2ac19a709ea08f7259286df28efd635',1,'用户名: admin,登录成功！',NULL,NULL,NULL,'127.0.0.1',NULL,NULL,NULL,NULL,NULL,'jeecg-boot','2019-02-20 18:35:37',NULL,NULL),('d2b516c5d834bd0fca91cda416fe499e',1,'用户名: admin,登录成功！',NULL,NULL,NULL,'127.0.0.1',NULL,NULL,NULL,NULL,NULL,'jeecg-boot','2019-02-25 11:46:42',NULL,NULL),('d2fe98d661f1651b639bf74499f124db',1,'用户名: admin,登录成功！',NULL,NULL,NULL,'127.0.0.1',NULL,NULL,NULL,NULL,NULL,'jeecg-boot','2019-03-29 10:16:29',NULL,NULL),('d3b54be0510db6a6da27bf30becb5335',1,'用户名: admin,登录成功！',NULL,NULL,NULL,'127.0.0.1',NULL,NULL,NULL,NULL,NULL,'jeecg-boot','2019-04-11 19:42:46',NULL,NULL),('d3c4f120d8a23b62ec9e24b431a58496',1,'用户名: admin,登录成功！',NULL,NULL,NULL,'127.0.0.1',NULL,NULL,NULL,NULL,NULL,'jeecg-boot','2019-03-07 14:17:24',NULL,NULL),('d3df1a4057b6d7fb4dab073a727ba21f',1,'用户名: admin,登录成功！',NULL,NULL,NULL,'127.0.0.1',NULL,NULL,NULL,NULL,NULL,'jeecg-boot','2019-01-19 23:14:02',NULL,NULL),('d3f08843a9b2b3284711e376fb785beb',1,'用户名: admin,登录成功！',NULL,NULL,NULL,'127.0.0.1',NULL,NULL,NULL,NULL,NULL,'jeecg-boot','2019-01-21 10:58:03',NULL,NULL),('d4ef00700436645680657f72445d38db',1,'用户名: admin,登录成功！',NULL,NULL,NULL,'127.0.0.1',NULL,NULL,NULL,NULL,NULL,'jeecg-boot','2019-04-11 18:05:29',NULL,NULL),('d5b9e5d9bfbbd8e6d651087ead76d9f7',1,'用户名: admin,登录成功！',NULL,NULL,NULL,'127.0.0.1',NULL,NULL,NULL,NULL,NULL,'jeecg-boot','2019-02-26 20:17:41',NULL,NULL),('d68957c067fb27e80a23babebdb1591f',1,'用户名: admin,登录成功！',NULL,NULL,NULL,'127.0.0.1',NULL,NULL,NULL,NULL,NULL,'jeecg-boot','2019-02-25 17:55:06',NULL,NULL),('d6aaf0f8e2428bf3c957becbf4bcedb4',1,'用户名: admin,登录成功！',NULL,NULL,NULL,'127.0.0.1',NULL,NULL,NULL,NULL,NULL,'jeecg-boot','2019-03-21 13:38:14',NULL,NULL),('d70329497664391dabc25effe7406c50',1,'用户名: admin,登录成功！',NULL,NULL,NULL,'127.0.0.1',NULL,NULL,NULL,NULL,NULL,'jeecg-boot','2019-02-25 11:25:12',NULL,NULL),('d70c2847d8d0936a2a761f745a84aa48',1,'用户名: admin,登录成功！',NULL,NULL,NULL,'127.0.0.1',NULL,NULL,NULL,NULL,NULL,'jeecg-boot','2019-01-21 16:39:34',NULL,NULL),('d762a1cba3dc23068f352323d98909e0',1,'用户名: admin,登录成功！',NULL,NULL,NULL,'127.0.0.1',NULL,NULL,NULL,NULL,NULL,'jeecg-boot','2019-02-26 22:26:49',NULL,NULL),('d7902eeab2c34611fad046a79bff1c1b',2,'添加测试DEMO',NULL,'admin','管理员','127.0.0.1','org.jeecg.modules.demo.test.controller.JeecgDemoController.add()',NULL,'[{\"createBy\":\"admin\",\"createTime\":1547883544104,\"email\":\"zhangdaiscott@163.com\",\"id\":\"4436302a0de50bb83025286bc414d6a9\",\"name\":\"zhang daihao\"}]',NULL,1682,'admin','2019-01-19 15:39:05',NULL,NULL),('d7e7cb4c21372e48b8e0ec7e679466e3',1,'用户名: null,退出成功！',NULL,NULL,NULL,'127.0.0.1',NULL,NULL,NULL,NULL,NULL,'jeecg-boot','2019-03-25 12:02:34',NULL,NULL),('d7e8a7f14967c70d68f5569cb4d11d0a',2,'删除测试DEMO',NULL,NULL,NULL,'127.0.0.1','org.jeecg.modules.demo.test.controller.JeecgDemoController.delete()',NULL,'[\"5fce01cb7f0457746c97d8ca05628f81\"]',NULL,9,'jeecg-boot','2019-03-29 09:49:39',NULL,NULL),('d82b170459d99fc05eb8aa1774e1a1c9',1,'用户名: admin,登录成功！',NULL,NULL,NULL,'127.0.0.1',NULL,NULL,NULL,NULL,NULL,'jeecg-boot','2019-03-26 18:45:14',NULL,NULL),('d869534109332e770c70fad65ef37998',1,'用户名: admin,登录成功！',NULL,NULL,NULL,'127.0.0.1',NULL,NULL,NULL,NULL,NULL,'jeecg-boot','2019-04-02 10:02:30',NULL,NULL),('d8c43edd685431ab3ef7b867efc29214',1,'用户名: admin,登录成功！',NULL,NULL,NULL,'127.0.0.1',NULL,NULL,NULL,NULL,NULL,'jeecg-boot','2019-03-18 17:37:18',NULL,NULL),('d8eed69045aae6cedbff402b4e35f495',1,'用户名: admin,登录成功！',NULL,NULL,NULL,'127.0.0.1',NULL,NULL,NULL,NULL,NULL,'jeecg-boot','2019-02-13 18:22:52',NULL,NULL),('d8fd478e6ceb03a575719e1a54342333',1,'用户名: jeecg,登录成功！',NULL,NULL,NULL,'127.0.0.1',NULL,NULL,NULL,NULL,NULL,'jeecg-boot','2019-02-20 18:43:43',NULL,NULL),('d916bd1d956418e569549ee1c7220576',1,'用户名: admin,登录成功！',NULL,NULL,NULL,'127.0.0.1',NULL,NULL,NULL,NULL,NULL,'jeecg-boot','2019-03-18 19:18:42',NULL,NULL),('d92d9e003666c6b020f079eaee721f9f',1,'用户名: admin,登录成功！',NULL,NULL,NULL,'127.0.0.1',NULL,NULL,NULL,NULL,NULL,'jeecg-boot','2019-01-28 12:08:43',NULL,NULL),('d98115c02c0ac478a16d6c35de35053d',1,'用户名: admin,登录成功！',NULL,NULL,NULL,'127.0.0.1',NULL,NULL,NULL,NULL,NULL,'jeecg-boot','2019-04-02 12:50:09',NULL,NULL),('d9a0bb9fe6d2c675aa84f9441c0bd8bb',1,'用户名: admin,登录成功！',NULL,NULL,NULL,'127.0.0.1',NULL,NULL,NULL,NULL,NULL,'jeecg-boot','2019-02-11 10:56:23',NULL,NULL),('d9e0150666b69cced93eb4defb19788b',1,'用户名: admin,登录成功！',NULL,NULL,NULL,'127.0.0.1',NULL,NULL,NULL,NULL,NULL,'jeecg-boot','2019-03-09 23:11:12',NULL,NULL),('da3fda67aea2e565574ec2bcfab5b750',1,'用户名: admin,登录成功！',NULL,NULL,NULL,'127.0.0.1',NULL,NULL,NULL,NULL,NULL,'jeecg-boot','2019-04-08 22:36:20',NULL,NULL),('da7d2236f6f9e0f61897e5ea9b968d4d',1,'用户名: 管理员,退出成功！',NULL,NULL,NULL,'127.0.0.1',NULL,NULL,NULL,NULL,NULL,'jeecg','2019-08-23 20:02:07',NULL,NULL),('da9a15efcf4e1e4f24647db7e2143238',1,'用户名: admin,登录成功！',NULL,NULL,NULL,'127.0.0.1',NULL,NULL,NULL,NULL,NULL,'jeecg-boot','2019-02-13 11:19:54',NULL,NULL),('dabdcb8e15ea9215a1af22f7567ff73d',1,'用户名: admin,登录成功！',NULL,NULL,NULL,'127.0.0.1',NULL,NULL,NULL,NULL,NULL,'jeecg-boot','2019-01-19 16:48:13',NULL,NULL),('dae0658783324c81fa6909b6e4a25a65',1,'用户名: admin,登录成功！',NULL,NULL,NULL,'127.0.0.1',NULL,NULL,NULL,NULL,NULL,'jeecg-boot','2019-02-22 11:46:41',NULL,NULL),('db2b518e7086a0561f936d327a0ab522',1,'用户名: admin,登录成功！',NULL,NULL,NULL,'127.0.0.1',NULL,NULL,NULL,NULL,NULL,'jeecg-boot','2019-03-18 22:39:23',NULL,NULL),('db8adca4aa7972fdc283be96d877efe0',1,'用户名: jeecg,登录成功！',NULL,NULL,NULL,'127.0.0.1',NULL,NULL,NULL,NULL,NULL,'jeecg-boot','2019-02-13 16:04:28',NULL,NULL),('db8c89112bf4706fb558664dd741aa46',1,'用户名: admin,登录成功！',NULL,NULL,NULL,'127.0.0.1',NULL,NULL,NULL,NULL,NULL,'jeecg-boot','2019-02-15 09:33:23',NULL,NULL),('dbbcfb7f59311637a613ec9a6c63f04a',1,'用户名: admin,登录成功！',NULL,NULL,NULL,'127.0.0.1',NULL,NULL,NULL,NULL,NULL,'jeecg-boot','2019-01-22 10:53:57',NULL,NULL),('dcec1957987abbe6658f1f2c96980366',1,'用户名: admin,登录成功！',NULL,NULL,NULL,'127.0.0.1',NULL,NULL,NULL,NULL,NULL,'jeecg-boot','2019-01-21 15:05:21',NULL,NULL),('dcfe23b155d5c6fa9a302c063b19451e',1,'用户名: admin,登录成功！',NULL,NULL,NULL,'127.0.0.1',NULL,NULL,NULL,NULL,NULL,'jeecg-boot','2019-03-23 18:47:21',NULL,NULL),('dd4e1ab492e59719173d8ae0f5dbc9a2',1,'用户名: 管理员,退出成功！',NULL,'admin','管理员','127.0.0.1',NULL,NULL,NULL,NULL,NULL,'admin','2019-04-11 19:47:12',NULL,NULL),('dd6fbb9b6224c927c0923c16b9285525',1,'用户名: admin,登录成功！',NULL,NULL,NULL,'127.0.0.1',NULL,NULL,NULL,NULL,NULL,'jeecg-boot','2019-02-12 13:37:01',NULL,NULL),('dd9b2cfffb798a22d90dada4fdbbbc61',1,'用户名: 管理员,退出成功！',NULL,NULL,NULL,'127.0.0.1',NULL,NULL,NULL,NULL,NULL,'jeecg','2019-08-23 23:39:56',NULL,NULL),('de37620b6921abcfe642606a0358d30f',1,'用户名: admin,登录成功！',NULL,NULL,NULL,'127.0.0.1',NULL,NULL,NULL,NULL,NULL,'jeecg-boot','2019-04-09 15:42:46',NULL,NULL),('de938485a45097d1bf3fa311d0216ed4',1,'用户名: admin,登录成功！',NULL,NULL,NULL,'127.0.0.1',NULL,NULL,NULL,NULL,NULL,'jeecg-boot','2019-04-02 10:15:22',NULL,NULL),('de978382f59685babf3684d1c090d136',1,'用户名: admin,登录成功！',NULL,NULL,NULL,'127.0.0.1',NULL,NULL,NULL,NULL,NULL,'jeecg-boot','2019-03-14 12:55:55',NULL,NULL),('dee4d42c439b51b228ab5db5d0723fc0',1,'用户名: admin,登录成功！',NULL,NULL,NULL,'127.0.0.1',NULL,NULL,NULL,NULL,NULL,'jeecg-boot','2019-01-22 20:02:56',NULL,NULL),('dfacaa7c01ccf0bade680044cced3f11',1,'用户名: admin,登录成功！',NULL,NULL,NULL,'127.0.0.1',NULL,NULL,NULL,NULL,NULL,'jeecg-boot','2019-04-04 15:25:10',NULL,NULL),('e01ed1516e8ae3a2180acbd4e4508fa5',1,'用户名: admin,登录成功！',NULL,NULL,NULL,'127.0.0.1',NULL,NULL,NULL,NULL,NULL,'jeecg-boot','2019-03-23 20:28:12',NULL,NULL),('e088a2607864d3e6aadf239874d51756',1,'用户名: admin,登录成功！',NULL,NULL,NULL,'127.0.0.1',NULL,NULL,NULL,NULL,NULL,'jeecg-boot','2019-03-26 18:46:56',NULL,NULL),('e09bb0a74c268a9aaf1f94edcc2eb65a',1,'用户名: admin,登录成功！',NULL,NULL,NULL,'127.0.0.1',NULL,NULL,NULL,NULL,NULL,'jeecg-boot','2019-03-08 18:26:14',NULL,NULL),('e0da357be27d66de1c9e9b8ecb22f9f9',1,'用户名: admin,登录成功！',NULL,NULL,NULL,'127.0.0.1',NULL,NULL,NULL,NULL,NULL,'jeecg-boot','2019-02-25 10:51:13',NULL,NULL),('e14cd21cf5eaad9ea3689730a824a50c',1,'用户名: admin,登录成功！',NULL,NULL,NULL,'127.0.0.1',NULL,NULL,NULL,NULL,NULL,'jeecg-boot','2019-02-12 16:12:32',NULL,NULL),('e169938510c9320cb1495ddb9aabb9d1',1,'用户名: admin,登录成功！',NULL,NULL,NULL,'127.0.0.1',NULL,NULL,NULL,NULL,NULL,'jeecg-boot','2019-03-25 12:47:40',NULL,NULL),('e1d0b1fd3be59e465b740e32346e85b0',1,'用户名: 管理员,退出成功！',NULL,'admin','管理员','127.0.0.1',NULL,NULL,NULL,NULL,NULL,'admin','2019-04-02 10:16:37',NULL,NULL),('e1d1fc464cf48ec26b7412585bdded1a',1,'用户名: admin,登录成功！',NULL,NULL,NULL,'127.0.0.1',NULL,NULL,NULL,NULL,NULL,'jeecg-boot','2019-03-21 13:49:15',NULL,NULL),('e1fa52ecbcc0970622cc5a0c06de9317',1,'用户名: 管理员,退出成功！',NULL,'admin','管理员','127.0.0.1',NULL,NULL,NULL,NULL,NULL,'admin','2019-04-03 18:33:04',NULL,NULL),('e232f89df26cc9e5eced10476c4e4a2b',1,'用户名: admin,登录成功！',NULL,NULL,NULL,'127.0.0.1',NULL,NULL,NULL,NULL,NULL,'jeecg-boot','2019-04-10 10:05:11',NULL,NULL),('e234abc35a52f0dd2512b0ce2ea0e4f2',1,'用户名: admin,登录成功！',NULL,NULL,NULL,'127.0.0.1',NULL,NULL,NULL,NULL,NULL,'jeecg-boot','2019-03-11 20:05:26',NULL,NULL),('e261674e2640fe6d0a3cd86df631537d',1,'用户名: jeecg,登录成功！',NULL,NULL,NULL,'127.0.0.1',NULL,NULL,NULL,NULL,NULL,'jeecg-boot','2019-02-13 16:05:51',NULL,NULL),('e2af7674bb716a7c0b703c7c7e20b906',1,'用户名: admin,登录成功！',NULL,NULL,NULL,'127.0.0.1',NULL,NULL,NULL,NULL,NULL,'jeecg-boot','2019-02-12 11:38:55',NULL,NULL),('e2b6d0e751f130d35c0c3b8c6bd2a77e',1,'用户名: 管理员,退出成功！',NULL,'admin','管理员','127.0.0.1',NULL,NULL,NULL,NULL,NULL,'admin','2019-03-27 16:18:40',NULL,NULL),('e2f703771f64b1bcd709204669ae3d93',1,'用户名: 管理员,退出成功！',NULL,'admin','管理员','127.0.0.1',NULL,NULL,NULL,NULL,NULL,'admin','2019-05-17 14:48:39',NULL,NULL),('e3031f999984909f9048d8ec15543ad0',1,'用户名: admin,登录成功！',NULL,NULL,NULL,'127.0.0.1',NULL,NULL,NULL,NULL,NULL,'jeecg-boot','2019-03-23 18:43:02',NULL,NULL),('e37cce529d0c98c47b4977d7ddf963c0',1,'用户名: admin,登录成功！',NULL,NULL,NULL,'127.0.0.1',NULL,NULL,NULL,NULL,NULL,'jeecg-boot','2019-02-20 18:17:54',NULL,NULL),('e39f051ba6fdb7447f975421f3b090a7',1,'用户名: admin,登录成功！',NULL,NULL,NULL,'127.0.0.1',NULL,NULL,NULL,NULL,NULL,'jeecg-boot','2019-04-05 12:49:18',NULL,NULL),('e3b531fa12e47ac19a2ab0c883dee595',1,'用户名: admin,登录成功！',NULL,NULL,NULL,'127.0.0.1',NULL,NULL,NULL,NULL,NULL,'jeecg-boot','2019-02-25 10:40:13',NULL,NULL),('e40823376fa8c0e74a4e760de695e824',1,'用户名: admin,登录成功！',NULL,NULL,NULL,'127.0.0.1',NULL,NULL,NULL,NULL,NULL,'jeecg-boot','2019-01-30 15:36:38',NULL,NULL),('e42a38382fce916909d6d09f66147006',1,'用户名: admin,登录成功！',NULL,NULL,NULL,'127.0.0.1',NULL,NULL,NULL,NULL,NULL,'jeecg-boot','2019-01-28 14:28:44',NULL,NULL),('e48a6bd82c92a8005c80c5ef36746117',1,'用户名: admin,登录成功！',NULL,NULL,NULL,'127.0.0.1',NULL,NULL,NULL,NULL,NULL,'jeecg-boot','2019-02-25 19:32:26',NULL,NULL),('e4a166fcd0fc4037cb26e35cc1fb87b2',1,'用户名: admin,登录成功！',NULL,NULL,NULL,'127.0.0.1',NULL,NULL,NULL,NULL,NULL,'jeecg-boot','2019-02-25 18:32:41',NULL,NULL),('e4afd66ac249dde9c3bd9da50f9c2469',1,'用户名: admin,登录成功！',NULL,NULL,NULL,'127.0.0.1',NULL,NULL,NULL,NULL,NULL,'jeecg-boot','2019-02-19 17:41:54',NULL,NULL),('e4c06405615399d6b1ebea45c8112b4d',1,'用户名: admin,登录成功！',NULL,NULL,NULL,'127.0.0.1',NULL,NULL,NULL,NULL,NULL,'jeecg-boot','2019-03-20 12:07:26',NULL,NULL),('e4c330b381e2fbfde49f1d4dd43e68b7',1,'用户名: admin,登录成功！',NULL,NULL,NULL,'127.0.0.1',NULL,NULL,NULL,NULL,NULL,'jeecg-boot','2019-02-14 22:22:01',NULL,NULL),('e4e40e21437b23b74324e0402cceb71a',1,'用户名: admin,登录成功！',NULL,NULL,NULL,'127.0.0.1',NULL,NULL,NULL,NULL,NULL,'jeecg-boot','2019-01-28 11:34:40',NULL,NULL),('e540ca989819c54baefffbc3d05e8b58',1,'用户名: admin,登录成功！',NULL,NULL,NULL,'127.0.0.1',NULL,NULL,NULL,NULL,NULL,'jeecg-boot','2019-02-19 10:10:54',NULL,NULL),('e5a9b045449136719d4c19c429c2dd56',1,'用户名: admin,登录成功！',NULL,NULL,NULL,'127.0.0.1',NULL,NULL,NULL,NULL,NULL,'jeecg-boot','2019-02-13 13:08:05',NULL,NULL),('e713a89e753cbecf1e10247b2112c3f8',1,'用户名: admin,登录成功！',NULL,NULL,NULL,'127.0.0.1',NULL,NULL,NULL,NULL,NULL,'jeecg-boot','2019-02-24 23:14:36',NULL,NULL),('e720278084b0d4316448ec59d4e3399d',1,'用户名: admin,登录成功！',NULL,NULL,NULL,'127.0.0.1',NULL,NULL,NULL,NULL,NULL,'jeecg-boot','2019-01-25 15:52:45',NULL,NULL),('e78f8832d61c1603c17767ee2b78ef07',1,'用户名: admin,登录成功！',NULL,NULL,NULL,'127.0.0.1',NULL,NULL,NULL,NULL,NULL,'jeecg-boot','2019-03-01 19:50:03',NULL,NULL),('e7f2b0a7493e7858c5db1f1595fa54b1',2,'添加测试DEMO',NULL,NULL,NULL,'127.0.0.1','org.jeecg.modules.demo.test.controller.JeecgDemoController.add()',NULL,'[{\"createBy\":\"jeecg-boot\",\"createTime\":1553824376817,\"id\":\"e771211b77cd3b326d3e61edfd9a5a19\",\"keyWord\":\"222\",\"name\":\"222\"}]',NULL,7,'jeecg-boot','2019-03-29 09:52:56',NULL,NULL),('e864c0007983211026d6987bd0cd4dc8',1,'用户名: admin,登录成功！',NULL,NULL,NULL,'192.168.1.114',NULL,NULL,NULL,NULL,NULL,'jeecg-boot','2019-03-11 13:37:08',NULL,NULL),('e8b37ad67ef15925352a4ac3342cef07',1,'用户名: admin,登录成功！',NULL,NULL,NULL,'127.0.0.1',NULL,NULL,NULL,NULL,NULL,'jeecg-boot','2019-03-21 13:38:10',NULL,NULL),('e8cde8dcd6253b249d67a05aaf10f968',1,'用户名: admin,登录成功！',NULL,NULL,NULL,'127.0.0.1',NULL,NULL,NULL,NULL,NULL,'jeecg-boot','2019-01-22 12:30:28',NULL,NULL),('e92544c6102243e7908e0cbb217f5198',1,'用户名: admin,登录成功！',NULL,NULL,NULL,'127.0.0.1',NULL,NULL,NULL,NULL,NULL,'jeecg-boot','2019-02-26 12:48:28',NULL,NULL),('e93f1a170e3cd33f90dd132540c7a39b',1,'用户名: admin,登录成功！',NULL,NULL,NULL,'127.0.0.1',NULL,NULL,NULL,NULL,NULL,'jeecg-boot','2019-03-25 12:12:43',NULL,NULL),('e9a31bfc128b3f5ae01656916c605ddb',1,'用户名: admin,登录成功！',NULL,NULL,NULL,'127.0.0.1',NULL,NULL,NULL,NULL,NULL,'jeecg-boot','2019-02-25 11:44:56',NULL,NULL),('e9ce2b3f7ac1fa3f5f7fd247207ca5c0',1,'用户名: admin,登录成功！',NULL,NULL,NULL,'127.0.0.1',NULL,NULL,NULL,NULL,NULL,'jeecg-boot','2019-01-19 22:53:35',NULL,NULL),('e9d3202c14f7f2812346fb4c2b781c67',1,'用户名: admin,登录成功！',NULL,NULL,NULL,'192.168.1.104',NULL,NULL,NULL,NULL,NULL,'jeecg-boot','2019-03-09 21:38:36',NULL,NULL),('ea268ad02db29012b2f1bd3d4aea1419',1,'用户名: admin,登录成功！',NULL,NULL,NULL,'127.0.0.1',NULL,NULL,NULL,NULL,NULL,'jeecg-boot','2019-02-25 11:10:22',NULL,NULL),('ea5f9191b0f593a1d6cb585538caa815',1,'用户名: admin,登录成功！',NULL,NULL,NULL,'127.0.0.1',NULL,NULL,NULL,NULL,NULL,'jeecg-boot','2019-03-21 13:46:08',NULL,NULL),('ea66ed22fde49640cee5d73c6ef69718',1,'用户名: admin,登录成功！',NULL,NULL,NULL,'127.0.0.1',NULL,NULL,NULL,NULL,NULL,'jeecg-boot','2019-02-26 11:50:04',NULL,NULL),('eaf74cd1489b02d39c470eed131fc918',1,'用户名: admin,登录成功！',NULL,NULL,NULL,'127.0.0.1',NULL,NULL,NULL,NULL,NULL,'jeecg-boot','2019-02-25 18:37:39',NULL,NULL),('eb0b8a7cdf77df133566d7bd5a5f1fc0',1,'用户名: admin,登录成功！',NULL,NULL,NULL,'127.0.0.1',NULL,NULL,NULL,NULL,NULL,'jeecg-boot','2019-02-19 11:02:55',NULL,NULL),('eb4536aa50a58985baf0a763a1ce2ebf',1,'用户名: admin,登录成功！',NULL,NULL,NULL,'127.0.0.1',NULL,NULL,NULL,NULL,NULL,'jeecg-boot','2019-02-17 19:48:49',NULL,NULL),('eb6f5196de91dd2e8316696bddd61345',1,'用户名: admin,登录成功！',NULL,NULL,NULL,'127.0.0.1',NULL,NULL,NULL,NULL,NULL,'jeecg-boot','2019-02-26 22:26:36',NULL,NULL),('eb9a522fd947c7a706c5a106ca32b8c9',1,'用户名: jeecg,登录成功！',NULL,NULL,NULL,'127.0.0.1',NULL,NULL,NULL,NULL,NULL,'jeecg-boot','2019-03-17 17:50:17',NULL,NULL),('ecfee5b948602a274093b8890e5e7f3f',1,'用户名: admin,登录成功！',NULL,NULL,NULL,'127.0.0.1',NULL,NULL,NULL,NULL,NULL,'jeecg-boot','2019-03-25 12:05:11',NULL,NULL),('ed0bbe9047a7471ae1cdc1c2941eccb1',1,'用户名: admin,登录成功！',NULL,NULL,NULL,'127.0.0.1',NULL,NULL,NULL,NULL,NULL,'jeecg-boot','2019-01-29 17:52:38',NULL,NULL),('ed2740de487c684be9fa3cf72113ae30',1,'用户名: admin,登录成功！',NULL,NULL,NULL,'127.0.0.1',NULL,NULL,NULL,NULL,NULL,'jeecg-boot','2019-03-25 12:51:43',NULL,NULL),('ed50b1fbc80c3b953f4551081b10335e',1,'用户名: admin,登录成功！',NULL,NULL,NULL,'127.0.0.1',NULL,NULL,NULL,NULL,NULL,'jeecg-boot','2019-01-19 16:19:06',NULL,NULL),('ed9b4ffc8afab10732aac2d0f84c567b',1,'用户名: admin,登录成功！',NULL,NULL,NULL,'127.0.0.1',NULL,NULL,NULL,NULL,NULL,'jeecg-boot','2019-03-19 19:10:52',NULL,NULL),('ee2bb63c47c868d59a45503b3d2f34ea',1,'用户名: admin,登录成功！',NULL,NULL,NULL,'127.0.0.1',NULL,NULL,NULL,NULL,NULL,'jeecg-boot','2019-01-25 19:16:14',NULL,NULL),('eeb1f2e2c1b480e0bb62533848cbb176',1,'用户名: admin,登录成功！',NULL,NULL,NULL,'127.0.0.1',NULL,NULL,NULL,NULL,NULL,'jeecg-boot','2019-02-24 22:55:46',NULL,NULL),('eef5b90eea8e7394193443cfd7476529',2,'删除测试DEMO',NULL,'admin','管理员','127.0.0.1','org.jeecg.modules.demo.test.controller.JeecgDemoController.delete()',NULL,'[\"dcb45a2fc661e5cdc341b806e5914873\"]',NULL,9,'admin','2019-05-19 18:36:02',NULL,NULL),('ef54197116da89bf091c0ed58321eea4',1,'用户名: admin,登录成功！',NULL,NULL,NULL,'127.0.0.1',NULL,NULL,NULL,NULL,NULL,'jeecg-boot','2019-03-09 19:22:06',NULL,NULL),('ef7219725c4b84cc71f56f97a8eab01a',1,'用户名: admin,登录成功！',NULL,NULL,NULL,'127.0.0.1',NULL,NULL,NULL,NULL,NULL,'jeecg-boot','2019-02-26 12:08:00',NULL,NULL),('ef7669ac0350730d198f59b8411b19d1',1,'用户名: admin,登录成功！',NULL,NULL,NULL,'127.0.0.1',NULL,NULL,NULL,NULL,NULL,'jeecg-boot','2019-02-26 14:28:43',NULL,NULL),('efa591832b375b4609a5890b0c6f3250',1,'用户名: admin,登录成功！',NULL,NULL,NULL,'127.0.0.1',NULL,NULL,NULL,NULL,NULL,'jeecg-boot','2019-02-13 16:00:13',NULL,NULL),('efe77038e00cfff98d6931c3e7a4c3d6',1,'用户名: admin,登录成功！',NULL,NULL,NULL,'127.0.0.1',NULL,NULL,NULL,NULL,NULL,'jeecg-boot','2019-03-06 16:20:19',NULL,NULL),('f0409312093beb563ac4016f2b2c6dfd',1,'用户名: admin,登录成功！',NULL,NULL,NULL,'127.0.0.1',NULL,NULL,NULL,NULL,NULL,'jeecg-boot','2019-04-03 13:24:59',NULL,NULL),('f04910792a74c563d057c4fcb345f963',1,'用户名: admin,登录成功！',NULL,NULL,NULL,'127.0.0.1',NULL,NULL,NULL,NULL,NULL,'jeecg-boot','2019-02-20 18:30:00',NULL,NULL),('f06048c147c5bcdbed672e32b2c86b1c',1,'用户名: admin,登录成功！',NULL,NULL,NULL,'127.0.0.1',NULL,NULL,NULL,NULL,NULL,'jeecg-boot','2019-03-30 14:07:28',NULL,NULL),('f06e8fa83b408be905b4dc7caeaf9a80',1,'用户名: admin,登录成功！',NULL,NULL,NULL,'127.0.0.1',NULL,NULL,NULL,NULL,NULL,'jeecg-boot','2019-01-21 19:40:33',NULL,NULL),('f0748a25728348591c7b73a66f273457',1,'用户名: 管理员,退出成功！',NULL,'admin','管理员','127.0.0.1',NULL,NULL,NULL,NULL,NULL,'admin','2019-03-28 19:46:27',NULL,NULL),('f1186792c6584729a0f6da4432d951f9',1,'用户名: admin,登录成功！',NULL,NULL,NULL,'127.0.0.1',NULL,NULL,NULL,NULL,NULL,'jeecg-boot','2019-03-14 21:45:52',NULL,NULL),('f20cf3fe228ba6196a48015b98d0d354',1,'用户名: admin,登录成功！',NULL,NULL,NULL,'127.0.0.1',NULL,NULL,NULL,NULL,NULL,'jeecg-boot','2019-04-01 19:25:22',NULL,NULL),('f21e30d73c337ea913849ed65808525c',1,'用户名: admin,登录成功！',NULL,NULL,NULL,'127.0.0.1',NULL,NULL,NULL,NULL,NULL,'jeecg-boot','2019-03-27 10:23:22',NULL,NULL),('f21f9f700bf4f5bd9edda7a16ed338f8',1,'用户名: admin,登录成功！',NULL,NULL,NULL,'127.0.0.1',NULL,NULL,NULL,NULL,NULL,'jeecg-boot','2019-02-25 11:30:05',NULL,NULL),('f29f3b7b7e14b1389a0c53d263c0b26b',1,'用户名: admin,登录成功！',NULL,NULL,NULL,'127.0.0.1',NULL,NULL,NULL,NULL,NULL,'jeecg-boot','2019-03-29 17:44:25',NULL,NULL),('f2ce8024e62740f63c134c3cfb3cae23',1,'用户名: admin,登录成功！',NULL,NULL,NULL,'127.0.0.1',NULL,NULL,NULL,NULL,NULL,'jeecg-boot','2019-03-25 12:07:41',NULL,NULL),('f3aab8f9dff7bf705aa29c6dcce49011',1,'用户名: admin,登录成功！',NULL,NULL,NULL,'127.0.0.1',NULL,NULL,NULL,NULL,NULL,'jeecg-boot','2019-02-13 15:18:27',NULL,NULL),('f3cafb545e5693e446f641fa0b5ac8cd',1,'用户名: admin,登录成功！',NULL,NULL,NULL,'127.0.0.1',NULL,NULL,NULL,NULL,NULL,'jeecg-boot','2019-04-04 17:07:56',NULL,NULL),('f3d371d6f71409ea2fe52405b725db4a',1,'用户名: admin,登录成功！',NULL,NULL,NULL,'127.0.0.1',NULL,NULL,NULL,NULL,NULL,'jeecg-boot','2019-02-12 13:38:15',NULL,NULL),('f3e1f7fb81004ccd64df12d94ef1e695',1,'用户名: admin,登录成功！',NULL,NULL,NULL,'127.0.0.1',NULL,NULL,NULL,NULL,NULL,'jeecg-boot','2019-03-22 21:30:37',NULL,NULL),('f43e38800d779422c75075448af738d1',1,'用户名: admin,登录成功！',NULL,NULL,NULL,'127.0.0.1',NULL,NULL,NULL,NULL,NULL,'jeecg-boot','2019-03-23 18:47:11',NULL,NULL),('f540eff3f6e86c1e0beccd300efd357f',1,'用户名: admin,登录成功！',NULL,NULL,NULL,'127.0.0.1',NULL,NULL,NULL,NULL,NULL,'jeecg-boot','2019-03-19 15:15:26',NULL,NULL),('f543c25bdd741055aeb4f77c5b5acf58',1,'用户名: admin,登录成功！',NULL,NULL,NULL,'127.0.0.1',NULL,NULL,NULL,NULL,NULL,'jeecg-boot','2019-02-26 14:40:58',NULL,NULL),('f58e160e97d13a851f59b70bf54e0d06',1,'用户名: admin,登录成功！',NULL,NULL,NULL,'127.0.0.1',NULL,NULL,NULL,NULL,NULL,'jeecg-boot','2019-03-23 20:11:58',NULL,NULL),('f5c08b45885d248c422a5d406cd5f223',1,'用户名: admin,登录成功！',NULL,NULL,NULL,'127.0.0.1',NULL,NULL,NULL,NULL,NULL,'jeecg-boot','2019-02-25 11:41:54',NULL,NULL),('f6646950c8465da1d1219b7a7a209fc2',1,'用户名: admin,登录成功！',NULL,NULL,NULL,'127.0.0.1',NULL,NULL,NULL,NULL,NULL,'jeecg-boot','2019-01-25 19:14:07',NULL,NULL),('f6b0f562257bf02c983b9e3998ff864e',1,'用户名: 管理员,退出成功！',NULL,NULL,NULL,'127.0.0.1',NULL,NULL,NULL,NULL,NULL,'jeecg','2019-08-23 22:43:40',NULL,NULL),('f74f759b43afa639fd1c4f215c984ae0',1,'用户名: admin,登录成功！',NULL,NULL,NULL,'127.0.0.1',NULL,NULL,NULL,NULL,NULL,'jeecg-boot','2019-03-25 22:08:18',NULL,NULL),('f78e24f5e841acac2a720f46f6c554bc',1,'用户名: admin,登录成功！',NULL,NULL,NULL,'127.0.0.1',NULL,NULL,NULL,NULL,NULL,'jeecg-boot','2019-03-21 13:47:17',NULL,NULL),('f79af48e6aeb150432640483f3bb7f2a',1,'用户名: admin,登录成功！',NULL,NULL,NULL,'127.0.0.1',NULL,NULL,NULL,NULL,NULL,'jeecg-boot','2019-03-21 13:09:11',NULL,NULL),('f84e86c9a21149134b1f2599a424164b',1,'用户名: admin,登录成功！',NULL,NULL,NULL,'127.0.0.1',NULL,NULL,NULL,NULL,NULL,'jeecg-boot','2019-01-21 20:12:27',NULL,NULL),('f8960d64e93606fa52220cc9c4ae35a2',1,'用户名: admin,登录成功！',NULL,NULL,NULL,'127.0.0.1',NULL,NULL,NULL,NULL,NULL,'jeecg-boot','2019-01-23 11:21:02',NULL,NULL),('f9062582881b42f6b139c313d8ab0463',1,'用户名: admin,登录成功！',NULL,NULL,NULL,'127.0.0.1',NULL,NULL,NULL,NULL,NULL,'jeecg-boot','2019-02-17 20:47:26',NULL,NULL),('f93279c6899dc5e6cec975906f8bf811',1,'用户名: admin,登录成功！',NULL,NULL,NULL,'127.0.0.1',NULL,NULL,NULL,NULL,NULL,'jeecg-boot','2019-03-21 13:47:20',NULL,NULL),('f95d517f43ba2229c80c14c1883a4ee9',1,'用户名: admin,登录成功！',NULL,NULL,NULL,'127.0.0.1',NULL,NULL,NULL,NULL,NULL,'jeecg-boot','2019-03-20 12:11:59',NULL,NULL),('f99912c5ff252594f14d31b768f8ad15',1,'用户名: admin,登录成功！',NULL,NULL,NULL,'127.0.0.1',NULL,NULL,NULL,NULL,NULL,'jeecg-boot','2019-01-21 15:03:10',NULL,NULL),('f9abb524e0dc3571571dc6e50ec6db75',1,'用户名: admin,登录成功！',NULL,NULL,NULL,'127.0.0.1',NULL,NULL,NULL,NULL,NULL,'jeecg-boot','2019-02-25 11:47:13',NULL,NULL),('fa0612372b332b6c3ce787d9ca6dd2cc',1,'用户名: admin,登录成功！',NULL,NULL,NULL,'127.0.0.1',NULL,NULL,NULL,NULL,NULL,'jeecg-boot','2019-01-24 11:48:21',NULL,NULL),('fa0ce422c12a565461eca56006052891',1,'用户名: admin,登录成功！',NULL,NULL,NULL,'127.0.0.1',NULL,NULL,NULL,NULL,NULL,'jeecg-boot','2019-02-15 10:13:21',NULL,NULL),('fa427f74dc6bd9cca3db478b5842f7f7',1,'用户名: admin,登录成功！',NULL,NULL,NULL,'127.0.0.1',NULL,NULL,NULL,NULL,NULL,'jeecg-boot','2019-01-28 14:19:07',NULL,NULL),('fa9b4d7d42bc9d1ba058455b4afedbfb',1,'用户名: 管理员,退出成功！',NULL,'admin','管理员','127.0.0.1',NULL,NULL,NULL,NULL,NULL,'admin','2019-03-25 12:59:46',NULL,NULL),('fa9cebbb6af23d2830584b3aacd51e46',1,'用户名: admin,登录成功！',NULL,NULL,NULL,'127.0.0.1',NULL,NULL,NULL,NULL,NULL,'jeecg-boot','2019-01-31 13:59:17',NULL,NULL),('faad055dd212ed9506b444f8f1a920b9',1,'用户名: admin,登录成功！',NULL,NULL,NULL,'127.0.0.1',NULL,NULL,NULL,NULL,NULL,'jeecg-boot','2019-02-26 12:00:38',NULL,NULL),('fadb32d678346ee4bab02997988ff3bc',1,'用户名: admin,登录成功！',NULL,NULL,NULL,'127.0.0.1',NULL,NULL,NULL,NULL,NULL,'jeecg-boot','2019-02-15 22:55:16',NULL,NULL);
INSERT INTO `sys_log` VALUES ('faea0dbfb7f86b571fed0dd270623831',1,'用户名: admin,登录成功！',NULL,NULL,NULL,'127.0.0.1',NULL,NULL,NULL,NULL,NULL,'jeecg-boot','2019-02-18 14:12:14',NULL,NULL),('fb2871cda1421b766f8e68cb36a22bf3',1,'用户名: admin,登录成功！',NULL,NULL,NULL,'127.0.0.1',NULL,NULL,NULL,NULL,NULL,'jeecg-boot','2019-02-25 17:35:01',NULL,NULL),('fb73d58bf6503270025972f99e50335d',1,'用户名: admin,登录成功！',NULL,NULL,NULL,'127.0.0.1',NULL,NULL,NULL,NULL,NULL,'jeecg-boot','2019-03-25 11:57:56',NULL,NULL),('fbb8834e9736bdd4b6d3baee895c4ca4',1,'用户名: admin,登录成功！',NULL,NULL,NULL,'127.0.0.1',NULL,NULL,NULL,NULL,NULL,'jeecg-boot','2019-01-31 18:05:03',NULL,NULL),('fc22aaf9660e66558689a58dfa443074',1,'用户名: admin,登录成功！',NULL,NULL,NULL,'127.0.0.1',NULL,NULL,NULL,NULL,NULL,'jeecg-boot','2019-02-15 16:30:55',NULL,NULL),('fc69a1640a4772c8edf2548d053fa6de',1,'用户名: admin,登录成功！',NULL,'admin','管理员','127.0.0.1',NULL,NULL,NULL,NULL,NULL,'admin','2019-03-23 14:55:33',NULL,NULL),('fce1553149aea9bfd93e089f387199c8',1,'用户名: admin,登录成功！',NULL,NULL,NULL,'127.0.0.1',NULL,NULL,NULL,NULL,NULL,'jeecg-boot','2019-02-24 23:11:35',NULL,NULL),('fded8eb5d78d13791baec769019fee54',1,'用户名: admin,登录成功！',NULL,NULL,NULL,'127.0.0.1',NULL,NULL,NULL,NULL,NULL,'jeecg-boot','2019-03-25 12:15:07',NULL,NULL),('fe0dc06eaef69047131f39052fcce5c4',1,'用户名: admin,登录成功！',NULL,NULL,NULL,'127.0.0.1',NULL,NULL,NULL,NULL,NULL,'jeecg-boot','2019-03-19 13:56:05',NULL,NULL),('fea8e1e2d229557185be0d9a10ebce17',1,'用户名: admin,登录成功！',NULL,NULL,NULL,'127.0.0.1',NULL,NULL,NULL,NULL,NULL,'jeecg-boot','2019-01-19 21:55:55',NULL,NULL),('feaf7c377abc5824c1757d280dd3c164',1,'用户名: admin,登录成功！',NULL,NULL,NULL,'127.0.0.1',NULL,NULL,NULL,NULL,NULL,'jeecg-boot','2019-03-20 11:58:54',NULL,NULL),('ff3f7dbda20cd2734b1238fa5ba17fcf',1,'用户名: 管理员,退出成功！',NULL,'admin','管理员','127.0.0.1',NULL,NULL,NULL,NULL,NULL,'admin','2019-04-10 11:26:43',NULL,NULL),('ffac84fff3c65bb17aa1bda3a0d2029e',1,'用户名: admin,登录成功！',NULL,NULL,NULL,'127.0.0.1',NULL,NULL,NULL,NULL,NULL,'jeecg-boot','2019-03-06 20:10:50',NULL,NULL),('ffc6178ffa099bb90b9a4d0a64dae42b',1,'用户名: admin,登录成功！',NULL,NULL,NULL,'127.0.0.1',NULL,NULL,NULL,NULL,NULL,'jeecg-boot','2019-03-21 18:28:32',NULL,NULL);
/*!40000 ALTER TABLE `sys_log` ENABLE KEYS */;

#
# Structure for table "sys_permission"
#

DROP TABLE IF EXISTS `sys_permission`;
CREATE TABLE `sys_permission` (
  `id` varchar(32) NOT NULL COMMENT '主键id',
  `parent_id` varchar(32) DEFAULT NULL COMMENT '父id',
  `name` varchar(100) DEFAULT NULL COMMENT '菜单标题',
  `url` varchar(255) DEFAULT NULL COMMENT '路径',
  `component` varchar(255) DEFAULT NULL COMMENT '组件',
  `component_name` varchar(100) DEFAULT NULL COMMENT '组件名字',
  `redirect` varchar(255) DEFAULT NULL COMMENT '一级菜单跳转地址',
  `menu_type` int(11) DEFAULT NULL COMMENT '菜单类型(0:一级菜单; 1:子菜单:2:按钮权限)',
  `perms` varchar(255) DEFAULT NULL COMMENT '菜单权限编码',
  `perms_type` varchar(10) DEFAULT '0' COMMENT '权限策略1显示2禁用',
  `sort_no` double(8,2) DEFAULT NULL COMMENT '菜单排序',
  `always_show` tinyint(1) DEFAULT NULL COMMENT '聚合子路由: 1是0否',
  `icon` varchar(100) DEFAULT NULL COMMENT '菜单图标',
  `is_route` tinyint(1) DEFAULT '1' COMMENT '是否路由菜单: 0:不是  1:是（默认值1）',
  `is_leaf` tinyint(1) DEFAULT NULL COMMENT '是否叶子节点:    1:是   0:不是',
  `keep_alive` tinyint(1) DEFAULT NULL COMMENT '是否缓存该页面:    1:是   0:不是',
  `hidden` int(2) DEFAULT '0' COMMENT '是否隐藏路由: 0否,1是',
  `description` varchar(255) DEFAULT NULL COMMENT '描述',
  `create_by` varchar(32) DEFAULT NULL COMMENT '创建人',
  `create_time` datetime DEFAULT NULL COMMENT '创建时间',
  `update_by` varchar(32) DEFAULT NULL COMMENT '更新人',
  `update_time` datetime DEFAULT NULL COMMENT '更新时间',
  `del_flag` int(1) DEFAULT '0' COMMENT '删除状态 0正常 1已删除',
  `rule_flag` int(3) DEFAULT '0' COMMENT '是否添加数据权限1是0否',
  `status` varchar(2) DEFAULT NULL COMMENT '按钮权限状态(0无效1有效)',
  `internal_or_external` tinyint(1) DEFAULT NULL COMMENT '外链菜单打开方式 0/内部打开 1/外部打开',
  PRIMARY KEY (`id`) USING BTREE,
  KEY `index_prem_pid` (`parent_id`) USING BTREE,
  KEY `index_prem_is_route` (`is_route`) USING BTREE,
  KEY `index_prem_is_leaf` (`is_leaf`) USING BTREE,
  KEY `index_prem_sort_no` (`sort_no`) USING BTREE,
  KEY `index_prem_del_flag` (`del_flag`) USING BTREE,
  KEY `index_menu_type` (`menu_type`) USING BTREE,
  KEY `index_menu_hidden` (`hidden`) USING BTREE,
  KEY `index_menu_status` (`status`) USING BTREE
) ENGINE=InnoDB DEFAULT CHARSET=utf8 ROW_FORMAT=DYNAMIC COMMENT='菜单权限表';

#
# Data for table "sys_permission"
#

INSERT INTO `sys_permission` VALUES ('00a2a0ae65cdca5e93209cdbde97cbe6','2e42e3835c2b44ec9f7bc26c146ee531','成功','/result/success','result/Success',NULL,NULL,1,NULL,NULL,1.00,NULL,NULL,1,1,NULL,NULL,NULL,NULL,'2018-12-25 20:34:38',NULL,NULL,0,0,NULL,NULL),('020b06793e4de2eee0007f603000c769','f0675b52d89100ee88472b6800754a08','ViserChartDemo','/report/ViserChartDemo','jeecg/report/ViserChartDemo',NULL,NULL,1,NULL,NULL,3.00,0,NULL,1,1,NULL,0,NULL,'admin','2019-04-03 19:08:53','admin','2019-04-03 19:08:53',0,0,NULL,NULL),('024f1fd1283dc632458976463d8984e1','700b7f95165c46cc7a78bf227aa8fed3','Tomcat信息','/monitor/TomcatInfo','modules/monitor/TomcatInfo',NULL,NULL,1,NULL,NULL,4.00,0,NULL,1,1,NULL,0,NULL,'admin','2019-04-02 09:44:29','admin','2019-05-07 15:19:10',0,0,NULL,NULL),('043780fa095ff1b2bec4dc406d76f023','2a470fc0c3954d9dbb61de6d80846549','表格合计','/jeecg/tableTotal','jeecg/TableTotal',NULL,NULL,1,NULL,'1',3.00,0,NULL,1,1,0,0,NULL,'admin','2019-08-14 10:28:46',NULL,NULL,0,0,'1',NULL),('05b3c82ddb2536a4a5ee1a4c46b5abef','540a2936940846cb98114ffb0d145cb8','用户列表','/list/user-list','list/UserList',NULL,NULL,1,NULL,NULL,3.00,NULL,NULL,1,1,NULL,NULL,NULL,NULL,'2018-12-25 20:34:38',NULL,NULL,0,0,NULL,NULL),('0620e402857b8c5b605e1ad9f4b89350','2a470fc0c3954d9dbb61de6d80846549','异步树列表Demo','/jeecg/JeecgTreeTable','jeecg/JeecgTreeTable',NULL,NULL,1,NULL,'0',3.00,0,NULL,1,1,NULL,0,NULL,'admin','2019-05-13 17:30:30','admin','2019-05-13 17:32:17',0,0,'1',NULL),('078f9558cdeab239aecb2bda1a8ed0d1','fb07ca05a3e13674dbf6d3245956da2e','搜索列表（文章）','/list/search/article','list/TableList',NULL,NULL,1,NULL,NULL,1.00,0,NULL,1,1,NULL,0,NULL,'admin','2019-02-12 14:00:34','admin','2019-02-12 14:17:54',0,0,NULL,NULL),('08e6b9dc3c04489c8e1ff2ce6f105aa4','','系统监控','/dashboard3','layouts/RouteView',NULL,NULL,0,NULL,NULL,6.00,0,'dashboard',1,0,NULL,0,NULL,NULL,'2018-12-25 20:34:38','admin','2019-03-31 22:19:58',0,0,NULL,NULL),('0ac2ad938963b6c6d1af25477d5b8b51','8d4683aacaa997ab86b966b464360338','代码生成按钮',NULL,NULL,NULL,NULL,2,'online:goGenerateCode','1',1.00,0,NULL,1,1,NULL,0,NULL,'admin','2019-06-11 14:20:09',NULL,NULL,0,0,'1',NULL),('109c78a583d4693ce2f16551b7786786','e41b69c57a941a3bbcce45032fe57605','Online报表配置','/online/cgreport','modules/online/cgreport/OnlCgreportHeadList',NULL,NULL,1,NULL,NULL,2.00,0,NULL,1,1,NULL,0,NULL,'admin','2019-03-08 10:51:07','admin','2019-03-30 19:04:28',0,0,NULL,NULL),('1166535831146504193','2a470fc0c3954d9dbb61de6d80846549','对象存储','/oss/file','modules/oss/OSSFileList',NULL,NULL,1,NULL,'1',1.00,0,'',1,1,0,0,NULL,'admin','2019-08-28 02:19:50','admin','2019-08-28 02:20:57',0,0,'1',NULL),('1170592628746878978','d7d6e2e4e2934f2c9385a623fd98c6f3','菜单管理2','/isystem/newPermissionList','system/NewPermissionList',NULL,NULL,1,NULL,'1',100.00,0,NULL,1,1,0,0,NULL,'admin','2019-09-08 15:00:05','admin','2019-12-25 09:58:18',0,0,'1',0),('1174506953255182338','d7d6e2e4e2934f2c9385a623fd98c6f3','职务管理','/isystem/position','system/SysPositionList',NULL,NULL,1,NULL,'1',2.00,0,NULL,1,1,0,0,NULL,'admin','2019-09-19 10:14:13','admin','2019-09-19 10:15:22',0,0,'1',0),('1174590283938041857','d7d6e2e4e2934f2c9385a623fd98c6f3','通讯录','/isystem/addressList','system/AddressList',NULL,NULL,1,NULL,'1',3.00,0,NULL,1,1,0,0,NULL,'admin','2019-09-19 15:45:21',NULL,NULL,0,0,'1',0),('1192318987661234177','e41b69c57a941a3bbcce45032fe57605','系统编码生成规则','/isystem/fillRule','system/SysFillRuleList',NULL,NULL,1,NULL,'1',3.00,0,NULL,1,1,0,0,NULL,'admin','2019-11-07 13:52:53','admin','2020-02-23 22:42:30',0,0,'1',0),('1205097455226462210','','大屏展示','/big/screen','layouts/RouteView',NULL,NULL,0,NULL,'1',1.10,0,'area-chart',1,0,0,0,NULL,'admin','2019-12-12 20:09:58','admin','2020-06-03 15:49:50',0,0,'1',0),('1205098241075453953','1205097455226462210','生产销售监控','{{ window._CONFIG[\'domianURL\'] }}/big/screen/templat/index1','layouts/IframePageView',NULL,NULL,1,NULL,'1',1.00,0,NULL,1,1,0,0,NULL,'admin','2019-12-12 20:13:05','admin','2019-12-12 20:15:27',0,0,'1',1),('1205306106780364802','1205097455226462210','智慧物流监控','{{ window._CONFIG[\'domianURL\'] }}/big/screen/templat/index2','layouts/IframePageView',NULL,NULL,1,NULL,'1',2.00,0,NULL,1,1,0,0,NULL,'admin','2019-12-13 09:59:04','admin','2019-12-25 09:28:03',0,0,'1',0),('1209731624921534465','e41b69c57a941a3bbcce45032fe57605','多数据源管理','/isystem/dataSource','system/SysDataSourceList',NULL,NULL,1,NULL,'1',6.00,0,NULL,1,1,0,0,NULL,'admin','2019-12-25 15:04:30','admin','2020-02-23 22:43:37',0,0,'1',0),('1224641973866467330','e41b69c57a941a3bbcce45032fe57605','系统编码校验规则','/isystem/checkRule','system/SysCheckRuleList',NULL,NULL,1,NULL,'1',5.00,0,NULL,1,1,0,0,NULL,'admin','2019-11-07 13:52:53','admin','2020-02-23 22:43:05',0,0,'1',0),('1229674163694841857','e41b69c57a941a3bbcce45032fe57605','AUTO在线表单ERP','/online/cgformErpList/:code','modules/online/cgform/auto/erp/OnlCgformErpList',NULL,NULL,1,NULL,'1',5.00,0,NULL,1,1,0,1,NULL,'admin','2020-02-18 15:49:00','admin','2020-02-18 15:52:25',0,0,'1',0),('1232123780958064642','f0675b52d89100ee88472b6800754a08','Online报表示例','/online/cgreport/6c7f59741c814347905a938f06ee003c','modules/online/cgreport/auto/OnlCgreportAutoList',NULL,NULL,1,NULL,'1',4.00,0,NULL,0,1,0,0,NULL,'admin','2020-02-25 10:02:56','admin','2020-05-02 15:37:30',0,0,'1',0),('1235823781053313025','e41b69c57a941a3bbcce45032fe57605','AUTO在线内嵌子表','/online/cgformInnerTableList/:code','modules/online/cgform/auto/innerTable/OnlCgformInnerTableList',NULL,NULL,1,NULL,'1',999.00,0,NULL,1,1,0,1,NULL,'admin','2020-03-06 15:05:24','admin','2020-03-06 15:07:42',0,0,'1',0),('1238331160370012162','','流程管理','/activiti','layouts/RouteView',NULL,NULL,0,NULL,'1',1.10,0,'cluster',1,0,0,0,NULL,'admin','2020-03-13 13:08:50','admin','2020-05-29 19:52:11',0,0,'1',0),('1238331682929958913','1238331160370012162','流程模型','/activiti/ModelList','activiti/ModelList',NULL,NULL,1,NULL,'1',2.00,0,'',1,1,0,0,NULL,'admin','2020-03-13 13:10:55','admin','2020-06-01 09:16:20',0,0,'1',0),('1238331682929958914','1238331160370012162','已发布模型','/activiti/ProcessModelList','activiti/ProcessModelList',NULL,NULL,1,NULL,'1',3.00,0,'',1,1,0,0,NULL,'admin','2020-03-13 13:10:55','admin','2020-06-01 09:16:32',0,0,'1',0),('1238331682929958915','1238331160370012162','我的申请','/activiti/applyList','activiti/applyList',NULL,NULL,1,NULL,'1',4.00,0,'',1,1,0,0,NULL,'admin','2020-03-13 13:10:55','admin','2020-06-01 09:16:42',0,0,'1',0),('1238331682929958916','1238331160370012162','我的待办','/activiti/todoManage','activiti/todoManage',NULL,NULL,1,NULL,'1',5.00,0,'',1,1,0,0,NULL,'admin','2020-03-13 13:10:55','admin','2020-06-01 09:16:52',0,0,'1',0),('1238331682929958917','1238331160370012162','我的已办','/activiti/doneManage','activiti/doneManage',NULL,NULL,1,NULL,'1',6.00,0,'',1,1,0,0,NULL,'admin','2020-03-13 13:10:55','admin','2020-06-01 09:17:02',0,0,'1',0),('1238331682929958918','1238331160370012162','进行中的流程','/activiti/processInsManage','activiti/processInsManage',NULL,NULL,1,NULL,'1',7.00,0,'',1,1,0,0,NULL,'admin','2020-03-13 13:10:55','admin','2020-06-01 09:17:12',0,0,'1',0),('1238331682929958919','1238331160370012162','已结束流程','/activiti/processFinishManage','activiti/processFinishManage',NULL,NULL,1,NULL,'1',8.00,0,'',1,1,0,0,NULL,'admin','2020-03-13 13:10:55','admin','2020-06-01 09:17:22',0,0,'1',0),('1238331682929958920','1238331160370012162','所有流程','/activiti/applyHome','activiti/applyHome',NULL,NULL,1,NULL,'1',1.00,0,'',1,1,0,0,NULL,'admin','2020-03-13 13:10:55','admin','2020-06-30 10:18:34',0,0,'1',0),('13212d3416eb690c2e1d5033166ff47a','2e42e3835c2b44ec9f7bc26c146ee531','失败','/result/fail','result/Error',NULL,NULL,1,NULL,NULL,2.00,NULL,NULL,1,1,NULL,NULL,NULL,NULL,'2018-12-25 20:34:38',NULL,NULL,0,0,NULL,NULL),('1367a93f2c410b169faa7abcbad2f77c','6e73eb3c26099c191bf03852ee1310a1','基本设置','/account/settings/BaseSetting','account/settings/BaseSetting','account-settings-base',NULL,1,'BaseSettings',NULL,NULL,0,NULL,1,1,NULL,1,NULL,NULL,'2018-12-26 18:58:35','admin','2019-03-20 12:57:31',0,0,NULL,NULL),('190c2b43bec6a5f7a4194a85db67d96a','d7d6e2e4e2934f2c9385a623fd98c6f3','角色管理','/isystem/roleUserList','system/RoleUserList',NULL,NULL,1,NULL,NULL,1.20,0,NULL,1,1,0,0,NULL,'admin','2019-04-17 15:13:56','admin','2019-12-25 09:36:31',0,0,NULL,0),('1a0811914300741f4e11838ff37a1d3a','3f915b2769fc80648e92d04e84ca059d','手机号禁用',NULL,NULL,NULL,NULL,2,'user:form:phone','2',1.00,0,NULL,0,1,NULL,0,NULL,'admin','2019-05-11 17:19:30','admin','2019-05-11 18:00:22',0,0,'1',NULL),('200006f0edf145a2b50eacca07585451','fb07ca05a3e13674dbf6d3245956da2e','搜索列表（应用）','/list/search/application','list/TableList',NULL,NULL,1,NULL,NULL,1.00,0,NULL,1,1,NULL,0,NULL,'admin','2019-02-12 14:02:51','admin','2019-02-12 14:14:01',0,0,NULL,NULL),('22d6a3d39a59dd7ea9a30acfa6bfb0a5','e41b69c57a941a3bbcce45032fe57605','AUTO动态表单','/online/df/:table/:id','modules/online/cgform/auto/OnlineDynamicForm',NULL,NULL,1,NULL,NULL,9.00,0,NULL,0,1,NULL,1,NULL,'admin','2019-04-22 15:15:43','admin','2019-04-30 18:18:26',0,0,NULL,NULL),('265de841c58907954b8877fb85212622','2a470fc0c3954d9dbb61de6d80846549','图片拖拽排序','/jeecg/imgDragSort','jeecg/ImgDragSort',NULL,NULL,1,NULL,NULL,4.00,0,NULL,1,1,NULL,0,NULL,'admin','2019-04-25 10:43:08','admin','2019-04-25 10:46:26',0,0,NULL,NULL),('277bfabef7d76e89b33062b16a9a5020','e3c13679c73a4f829bcff2aba8fd68b1','基础表单','/form/base-form','form/BasicForm',NULL,NULL,1,NULL,NULL,1.00,0,NULL,1,0,NULL,0,NULL,NULL,'2018-12-25 20:34:38','admin','2019-02-26 17:02:08',0,0,NULL,NULL),('2a470fc0c3954d9dbb61de6d80846549','','常见案例','/jeecg','layouts/RouteView',NULL,NULL,0,NULL,NULL,7.00,0,'qrcode',1,0,NULL,0,NULL,NULL,'2018-12-25 20:34:38','admin','2019-04-02 11:46:42',0,0,NULL,NULL),('2aeddae571695cd6380f6d6d334d6e7d','f0675b52d89100ee88472b6800754a08','布局统计报表','/report/ArchivesStatisticst','jeecg/report/ArchivesStatisticst',NULL,NULL,1,NULL,NULL,1.00,0,NULL,1,1,NULL,0,NULL,'admin','2019-04-03 18:32:48',NULL,NULL,0,0,NULL,NULL),('2dbbafa22cda07fa5d169d741b81fe12','08e6b9dc3c04489c8e1ff2ce6f105aa4','在线文档','{{ window._CONFIG[\'domianURL\'] }}/doc.html','layouts/IframePageView',NULL,NULL,1,NULL,NULL,3.00,0,NULL,1,1,NULL,0,NULL,'admin','2019-01-30 10:00:01','admin','2019-03-23 19:44:43',0,0,NULL,NULL),('2e42e3835c2b44ec9f7bc26c146ee531','','结果页','/result','layouts/PageView',NULL,NULL,0,NULL,NULL,8.00,0,'check-circle-o',1,0,NULL,0,NULL,NULL,'2018-12-25 20:34:38','admin','2019-04-02 11:46:56',0,0,NULL,NULL),('339329ed54cf255e1f9392e84f136901','2a470fc0c3954d9dbb61de6d80846549','helloworld','/jeecg/helloworld','jeecg/helloworld',NULL,NULL,1,NULL,NULL,4.00,0,NULL,1,1,NULL,0,NULL,NULL,'2018-12-25 20:34:38','admin','2019-02-15 16:24:56',0,0,NULL,NULL),('3f915b2769fc80648e92d04e84ca059d','d7d6e2e4e2934f2c9385a623fd98c6f3','用户管理','/isystem/user','system/UserList',NULL,NULL,1,NULL,NULL,1.10,0,NULL,1,0,0,0,NULL,NULL,'2018-12-25 20:34:38','admin','2019-12-25 09:36:24',0,0,NULL,0),('3fac0d3c9cd40fa53ab70d4c583821f8','2a470fc0c3954d9dbb61de6d80846549','分屏','/jeecg/splitPanel','jeecg/SplitPanel',NULL,NULL,1,NULL,NULL,6.00,0,NULL,1,1,NULL,0,NULL,'admin','2019-04-25 16:27:06',NULL,NULL,0,0,NULL,NULL),('4148ec82b6acd69f470bea75fe41c357','2a470fc0c3954d9dbb61de6d80846549','单表模型示例','/jeecg/jeecgDemoList','jeecg/JeecgDemoList','DemoList',NULL,1,NULL,NULL,1.00,0,NULL,1,1,NULL,0,NULL,NULL,'2018-12-28 15:57:30','admin','2019-02-15 16:24:37',0,0,NULL,NULL),('418964ba087b90a84897b62474496b93','540a2936940846cb98114ffb0d145cb8','查询表格','/list/query-list','list/TableList',NULL,NULL,1,NULL,NULL,1.00,NULL,NULL,1,1,NULL,NULL,NULL,NULL,'2018-12-25 20:34:38',NULL,NULL,0,0,NULL,NULL),('4356a1a67b564f0988a484f5531fd4d9','2a470fc0c3954d9dbb61de6d80846549','内嵌Table','/jeecg/TableExpandeSub','jeecg/TableExpandeSub',NULL,NULL,1,NULL,NULL,1.00,0,NULL,1,1,NULL,0,NULL,'admin','2019-04-04 22:48:13',NULL,NULL,0,0,NULL,NULL),('45c966826eeff4c99b8f8ebfe74511fc','d7d6e2e4e2934f2c9385a623fd98c6f3','部门管理','/isystem/depart','system/DepartList',NULL,NULL,1,NULL,NULL,1.40,0,NULL,1,1,0,0,NULL,'admin','2019-01-29 18:47:40','admin','2019-12-25 09:36:47',0,0,NULL,0),('4875ebe289344e14844d8e3ea1edd73f','','详情页','/profile','layouts/RouteView',NULL,NULL,0,NULL,NULL,8.00,0,'profile',1,0,NULL,0,NULL,NULL,'2018-12-25 20:34:38','admin','2019-04-02 11:46:48',0,0,NULL,NULL),('4f66409ef3bbd69c1d80469d6e2a885e','6e73eb3c26099c191bf03852ee1310a1','账户绑定','/account/settings/binding','account/settings/Binding',NULL,NULL,1,'BindingSettings',NULL,NULL,NULL,NULL,1,1,NULL,NULL,NULL,NULL,'2018-12-26 19:01:20',NULL,NULL,0,0,NULL,NULL),('4f84f9400e5e92c95f05b554724c2b58','540a2936940846cb98114ffb0d145cb8','角色列表','/list/role-list','list/RoleList',NULL,NULL,1,NULL,NULL,4.00,NULL,NULL,1,1,NULL,NULL,NULL,NULL,'2018-12-25 20:34:38',NULL,NULL,0,0,NULL,NULL),('53a9230444d33de28aa11cc108fb1dba','5c8042bd6c601270b2bbd9b20bccc68b','我的消息','/isps/userAnnouncement','system/UserAnnouncementList',NULL,NULL,1,NULL,NULL,3.00,0,NULL,1,1,0,0,NULL,'admin','2019-04-19 10:16:00','admin','2019-12-25 09:54:34',0,0,NULL,0),('54097c6a3cf50fad0793a34beff1efdf','e41b69c57a941a3bbcce45032fe57605','AUTO在线表单','/online/cgformList/:code','modules/online/cgform/auto/OnlCgformAutoList',NULL,NULL,1,NULL,NULL,9.00,0,NULL,1,1,NULL,1,NULL,'admin','2019-03-19 16:03:06','admin','2019-04-30 18:19:03',0,0,NULL,NULL),('540a2936940846cb98114ffb0d145cb8','','列表页','/list','layouts/PageView',NULL,'/list/query-list',0,NULL,NULL,9.00,0,'table',1,0,NULL,0,NULL,NULL,'2018-12-25 20:34:38','admin','2019-03-31 22:20:20',0,0,NULL,NULL),('54dd5457a3190740005c1bfec55b1c34','d7d6e2e4e2934f2c9385a623fd98c6f3','菜单管理','/isystem/permission','system/PermissionList',NULL,NULL,1,NULL,NULL,1.30,0,NULL,1,1,0,0,NULL,NULL,'2018-12-25 20:34:38','admin','2019-12-25 09:36:39',0,0,NULL,0),('58857ff846e61794c69208e9d3a85466','08e6b9dc3c04489c8e1ff2ce6f105aa4','日志管理','/isystem/log','system/LogList',NULL,NULL,1,NULL,NULL,1.00,0,'',1,1,NULL,0,NULL,NULL,'2018-12-26 10:11:18','admin','2019-04-02 11:38:17',0,0,NULL,NULL),('58b9204feaf07e47284ddb36cd2d8468','2a470fc0c3954d9dbb61de6d80846549','图片翻页','/jeecg/imgTurnPage','jeecg/ImgTurnPage',NULL,NULL,1,NULL,NULL,4.00,0,NULL,1,1,NULL,0,NULL,'admin','2019-04-25 11:36:42',NULL,NULL,0,0,NULL,NULL),('5c2f42277948043026b7a14692456828','d7d6e2e4e2934f2c9385a623fd98c6f3','我的部门','/isystem/departUserList','system/DepartUserList',NULL,NULL,1,NULL,NULL,2.00,0,NULL,1,1,0,0,NULL,'admin','2019-04-17 15:12:24','admin','2019-12-25 09:35:26',0,0,NULL,0),('5c8042bd6c601270b2bbd9b20bccc68b','','消息中心','/message','layouts/RouteView',NULL,NULL,0,NULL,NULL,6.00,0,'message',1,0,NULL,0,NULL,'admin','2019-04-09 11:05:04','admin','2019-04-11 19:47:54',0,0,NULL,NULL),('6531cf3421b1265aeeeabaab5e176e6d','e3c13679c73a4f829bcff2aba8fd68b1','分步表单','/form/step-form','form/stepForm/StepForm',NULL,NULL,1,NULL,NULL,2.00,NULL,NULL,1,1,NULL,NULL,NULL,NULL,'2018-12-25 20:34:38',NULL,NULL,0,0,NULL,NULL),('655563cd64b75dcf52ef7bcdd4836953','2a470fc0c3954d9dbb61de6d80846549','图片预览','/jeecg/ImagPreview','jeecg/ImagPreview',NULL,NULL,1,NULL,NULL,1.00,0,NULL,1,1,NULL,0,NULL,'admin','2019-04-17 11:18:45',NULL,NULL,0,0,NULL,NULL),('65a8f489f25a345836b7f44b1181197a','c65321e57b7949b7a975313220de0422','403','/exception/403','exception/403',NULL,NULL,1,NULL,NULL,1.00,NULL,NULL,1,1,NULL,NULL,NULL,NULL,'2018-12-25 20:34:38',NULL,NULL,0,0,NULL,NULL),('6ad53fd1b220989a8b71ff482d683a5a','2a470fc0c3954d9dbb61de6d80846549','一对多Tab示例','/jeecg/tablist/JeecgOrderDMainList','jeecg/tablist/JeecgOrderDMainList',NULL,NULL,1,NULL,NULL,2.00,0,NULL,1,1,NULL,0,NULL,'admin','2019-02-20 14:45:09','admin','2019-02-21 16:26:21',0,0,NULL,NULL),('6e73eb3c26099c191bf03852ee1310a1','717f6bee46f44a3897eca9abd6e2ec44','个人设置','/account/settings/Index','account/settings/Index',NULL,NULL,1,NULL,NULL,2.00,1,NULL,1,0,NULL,0,NULL,NULL,'2018-12-25 20:34:38','admin','2019-04-19 09:41:05',0,0,NULL,NULL),('700b7f95165c46cc7a78bf227aa8fed3','08e6b9dc3c04489c8e1ff2ce6f105aa4','性能监控','/monitor','layouts/RouteView',NULL,NULL,1,NULL,NULL,0.00,0,NULL,1,0,NULL,0,NULL,'admin','2019-04-02 11:34:34','admin','2019-05-05 17:49:47',0,0,NULL,NULL),('717f6bee46f44a3897eca9abd6e2ec44','','个人页','/account','layouts/RouteView',NULL,NULL,0,NULL,NULL,9.00,0,'user',1,0,0,1,NULL,NULL,'2018-12-25 20:34:38','admin','2020-02-23 22:41:37',0,0,NULL,0),('73678f9daa45ed17a3674131b03432fb','540a2936940846cb98114ffb0d145cb8','权限列表','/list/permission-list','list/PermissionList',NULL,NULL,1,NULL,NULL,5.00,NULL,NULL,1,1,NULL,NULL,NULL,NULL,'2018-12-25 20:34:38',NULL,NULL,0,0,NULL,NULL),('7593c9e3523a17bca83b8d7fe8a34e58','3f915b2769fc80648e92d04e84ca059d','添加用户按钮','',NULL,NULL,NULL,2,'user:add','1',1.00,0,NULL,1,1,NULL,0,NULL,'admin','2019-03-16 11:20:33','admin','2019-05-17 18:31:25',0,0,'1',NULL),('7960961b0063228937da5fa8dd73d371','2a470fc0c3954d9dbb61de6d80846549','JEditableTable示例','/jeecg/JEditableTable','jeecg/JeecgEditableTableExample',NULL,NULL,1,NULL,NULL,2.10,0,NULL,1,1,0,0,NULL,'admin','2019-03-22 15:22:18','admin','2019-12-25 09:48:16',0,0,NULL,0),('7ac9eb9ccbde2f7a033cd4944272bf1e','540a2936940846cb98114ffb0d145cb8','卡片列表','/list/card','list/CardList',NULL,NULL,1,NULL,NULL,7.00,NULL,NULL,1,1,NULL,NULL,NULL,NULL,'2018-12-25 20:34:38',NULL,NULL,0,0,NULL,NULL),('841057b8a1bef8f6b4b20f9a618a7fa6','08e6b9dc3c04489c8e1ff2ce6f105aa4','数据日志','/sys/dataLog-list','system/DataLogList',NULL,NULL,1,NULL,NULL,1.00,0,NULL,1,1,NULL,0,NULL,'admin','2019-03-11 19:26:49','admin','2019-03-12 11:40:47',0,0,NULL,NULL),('882a73768cfd7f78f3a37584f7299656','6e73eb3c26099c191bf03852ee1310a1','个性化设置','/account/settings/custom','account/settings/Custom',NULL,NULL,1,'CustomSettings',NULL,NULL,NULL,NULL,1,1,NULL,NULL,NULL,NULL,'2018-12-26 19:00:46',NULL,'2018-12-26 21:13:25',0,0,NULL,NULL),('8b3bff2eee6f1939147f5c68292a1642','700b7f95165c46cc7a78bf227aa8fed3','服务器信息','/monitor/SystemInfo','modules/monitor/SystemInfo',NULL,NULL,1,NULL,NULL,4.00,0,NULL,1,1,NULL,0,NULL,'admin','2019-04-02 11:39:19','admin','2019-04-02 15:40:02',0,0,NULL,NULL),('8d1ebd663688965f1fd86a2f0ead3416','700b7f95165c46cc7a78bf227aa8fed3','Redis监控','/monitor/redis/info','modules/monitor/RedisInfo',NULL,NULL,1,NULL,NULL,1.00,0,NULL,1,1,NULL,0,NULL,'admin','2019-04-02 13:11:33','admin','2019-05-07 15:18:54',0,0,NULL,NULL),('8d4683aacaa997ab86b966b464360338','e41b69c57a941a3bbcce45032fe57605','Online表单开发','/online/cgform','modules/online/cgform/OnlCgformHeadList',NULL,NULL,1,NULL,NULL,1.00,0,NULL,1,0,NULL,0,NULL,'admin','2019-03-12 15:48:14','admin','2019-06-11 14:19:17',0,0,NULL,NULL),('8fb8172747a78756c11916216b8b8066','717f6bee46f44a3897eca9abd6e2ec44','工作台','/dashboard/workplace','dashboard/Workplace',NULL,NULL,1,NULL,NULL,3.00,0,NULL,1,1,NULL,0,NULL,NULL,'2018-12-25 20:34:38','admin','2019-04-02 11:45:02',0,0,NULL,NULL),('944abf0a8fc22fe1f1154a389a574154','5c8042bd6c601270b2bbd9b20bccc68b','消息管理','/modules/message/sysMessageList','modules/message/SysMessageList',NULL,NULL,1,NULL,NULL,1.00,0,NULL,1,1,NULL,0,NULL,'admin','2019-04-09 11:27:53','admin','2019-04-09 19:31:23',0,0,NULL,NULL),('9502685863ab87f0ad1134142788a385','','首页','/dashboard/analysis','dashboard/Analysis',NULL,NULL,0,NULL,NULL,0.00,0,'home',1,1,NULL,0,NULL,NULL,'2018-12-25 20:34:38','admin','2019-03-29 11:04:13',0,0,NULL,NULL),('97c8629abc7848eccdb6d77c24bb3ebb','700b7f95165c46cc7a78bf227aa8fed3','磁盘监控','/monitor/Disk','modules/monitor/DiskMonitoring',NULL,NULL,1,NULL,NULL,6.00,0,NULL,1,1,NULL,0,NULL,'admin','2019-04-25 14:30:06','admin','2019-05-05 14:37:14',0,0,NULL,NULL),('9a90363f216a6a08f32eecb3f0bf12a3','2a470fc0c3954d9dbb61de6d80846549','自定义组件','/jeecg/SelectDemo','jeecg/SelectDemo',NULL,NULL,1,NULL,NULL,0.00,0,NULL,1,1,0,0,NULL,'admin','2019-03-19 11:19:05','admin','2019-12-25 09:47:04',0,0,NULL,0),('9cb91b8851db0cf7b19d7ecc2a8193dd','1939e035e803a99ceecb6f5563570fb2','我的任务表单','/modules/bpm/task/form/FormModule','modules/bpm/task/form/FormModule',NULL,NULL,1,NULL,NULL,1.00,0,NULL,1,1,NULL,0,NULL,'admin','2019-03-08 16:49:05','admin','2019-03-08 18:37:56',0,0,NULL,NULL),('9fe26464838de2ea5e90f2367e35efa0','e41b69c57a941a3bbcce45032fe57605','AUTO在线报表','/online/cgreport/:code','modules/online/cgreport/auto/OnlCgreportAutoList','onlineAutoList',NULL,1,NULL,NULL,9.00,0,NULL,1,1,NULL,1,NULL,'admin','2019-03-12 11:06:48','admin','2019-04-30 18:19:10',0,0,NULL,NULL),('a400e4f4d54f79bf5ce160ae432231af','2a470fc0c3954d9dbb61de6d80846549','百度','http://www.baidu.com','layouts/IframePageView',NULL,NULL,1,NULL,NULL,4.00,0,NULL,1,1,NULL,0,NULL,'admin','2019-01-29 19:44:06','admin','2019-02-15 16:25:02',0,0,NULL,NULL),('ae4fed059f67086fd52a73d913cf473d','540a2936940846cb98114ffb0d145cb8','内联编辑表格','/list/edit-table','list/TableInnerEditList',NULL,NULL,1,NULL,NULL,2.00,NULL,NULL,1,1,NULL,NULL,NULL,NULL,'2018-12-25 20:34:38',NULL,NULL,0,0,NULL,NULL),('aedbf679b5773c1f25e9f7b10111da73','08e6b9dc3c04489c8e1ff2ce6f105aa4','SQL监控','{{ window._CONFIG[\'domianURL\'] }}/druid/','layouts/IframePageView',NULL,NULL,1,NULL,NULL,1.00,0,NULL,1,1,NULL,0,NULL,'admin','2019-01-30 09:43:22','admin','2019-03-23 19:00:46',0,0,NULL,NULL),('b1cb0a3fedf7ed0e4653cb5a229837ee','08e6b9dc3c04489c8e1ff2ce6f105aa4','定时任务','/isystem/QuartzJobList','system/QuartzJobList',NULL,NULL,1,NULL,NULL,3.00,0,NULL,1,1,NULL,0,NULL,NULL,'2019-01-03 09:38:52','admin','2019-04-02 10:24:13',0,0,NULL,NULL),('b3c824fc22bd953e2eb16ae6914ac8f9','4875ebe289344e14844d8e3ea1edd73f','高级详情页','/profile/advanced','profile/advanced/Advanced',NULL,NULL,1,NULL,NULL,2.00,NULL,NULL,1,1,NULL,NULL,NULL,NULL,'2018-12-25 20:34:38',NULL,NULL,0,0,NULL,NULL),('b4dfc7d5dd9e8d5b6dd6d4579b1aa559','c65321e57b7949b7a975313220de0422','500','/exception/500','exception/500',NULL,NULL,1,NULL,NULL,3.00,NULL,NULL,1,1,NULL,NULL,NULL,NULL,'2018-12-25 20:34:38',NULL,NULL,0,0,NULL,NULL),('b6bcee2ccc854052d3cc3e9c96d90197','71102b3b87fb07e5527bbd2c530dd90a','加班申请','/modules/extbpm/joa/JoaOvertimeList','modules/extbpm/joa/JoaOvertimeList',NULL,NULL,1,NULL,NULL,1.00,0,NULL,1,1,NULL,0,NULL,'admin','2019-04-03 15:33:10','admin','2019-04-03 15:34:48',0,0,NULL,NULL),('c431130c0bc0ec71b0a5be37747bb36a','2a470fc0c3954d9dbb61de6d80846549','一对多JEditable','/jeecg/JeecgOrderMainListForJEditableTable','jeecg/JeecgOrderMainListForJEditableTable',NULL,NULL,1,NULL,NULL,3.00,0,NULL,1,1,NULL,0,NULL,'admin','2019-03-29 10:51:59','admin','2019-04-04 20:09:39',0,0,NULL,NULL),('c65321e57b7949b7a975313220de0422',NULL,'异常页','/exception','layouts/RouteView',NULL,NULL,0,NULL,NULL,8.00,NULL,'warning',1,0,NULL,NULL,NULL,NULL,'2018-12-25 20:34:38',NULL,NULL,0,0,NULL,NULL),('c6cf95444d80435eb37b2f9db3971ae6','2a470fc0c3954d9dbb61de6d80846549','数据回执模拟','/jeecg/InterfaceTest','jeecg/InterfaceTest',NULL,NULL,1,NULL,NULL,6.00,0,NULL,1,1,NULL,0,NULL,'admin','2019-02-19 16:02:23','admin','2019-02-21 16:25:45',0,0,NULL,NULL),('cc50656cf9ca528e6f2150eba4714ad2','4875ebe289344e14844d8e3ea1edd73f','基础详情页','/profile/basic','profile/basic/Index',NULL,NULL,1,NULL,NULL,1.00,NULL,NULL,1,1,NULL,NULL,NULL,NULL,'2018-12-25 20:34:38',NULL,NULL,0,0,NULL,NULL),('d07a2c87a451434c99ab06296727ec4f','700b7f95165c46cc7a78bf227aa8fed3','JVM信息','/monitor/JvmInfo','modules/monitor/JvmInfo',NULL,NULL,1,NULL,NULL,4.00,0,NULL,1,1,NULL,0,NULL,'admin','2019-04-01 23:07:48','admin','2019-04-02 11:37:16',0,0,NULL,NULL),('d2bbf9ebca5a8fa2e227af97d2da7548','c65321e57b7949b7a975313220de0422','404','/exception/404','exception/404',NULL,NULL,1,NULL,NULL,2.00,NULL,NULL,1,1,NULL,NULL,NULL,NULL,'2018-12-25 20:34:38',NULL,NULL,0,0,NULL,NULL),('d7d6e2e4e2934f2c9385a623fd98c6f3','','系统管理','/isystem','layouts/RouteView',NULL,NULL,0,NULL,NULL,4.00,0,'setting',1,0,NULL,0,NULL,NULL,'2018-12-25 20:34:38','admin','2019-03-31 22:19:52',0,0,NULL,NULL),('d86f58e7ab516d3bc6bfb1fe10585f97','717f6bee46f44a3897eca9abd6e2ec44','个人中心','/account/center','account/center/Index',NULL,NULL,1,NULL,NULL,1.00,NULL,NULL,1,1,NULL,NULL,NULL,NULL,'2018-12-25 20:34:38',NULL,NULL,0,0,NULL,NULL),('de13e0f6328c069748de7399fcc1dbbd','fb07ca05a3e13674dbf6d3245956da2e','搜索列表（项目）','/list/search/project','list/TableList',NULL,NULL,1,NULL,NULL,1.00,0,NULL,1,1,NULL,0,NULL,'admin','2019-02-12 14:01:40','admin','2019-02-12 14:14:18',0,0,NULL,NULL),('e08cb190ef230d5d4f03824198773950','d7d6e2e4e2934f2c9385a623fd98c6f3','系统通告','/isystem/annountCement','system/SysAnnouncementList',NULL,NULL,1,'annountCement',NULL,6.00,NULL,'',1,1,NULL,NULL,NULL,NULL,'2019-01-02 17:23:01',NULL,'2019-01-02 17:31:23',0,0,NULL,NULL),('e1979bb53e9ea51cecc74d86fd9d2f64','2a470fc0c3954d9dbb61de6d80846549','PDF预览','/jeecg/jeecgPdfView','jeecg/JeecgPdfView',NULL,NULL,1,NULL,NULL,3.00,0,NULL,1,1,NULL,0,NULL,'admin','2019-04-25 10:39:35',NULL,NULL,0,0,NULL,NULL),('e3c13679c73a4f829bcff2aba8fd68b1','','表单页','/form','layouts/PageView',NULL,NULL,0,NULL,NULL,9.00,0,'form',1,0,NULL,0,NULL,NULL,'2018-12-25 20:34:38','admin','2019-03-31 22:20:14',0,0,NULL,NULL),('e41b69c57a941a3bbcce45032fe57605','','在线开发','/online','layouts/RouteView',NULL,NULL,0,NULL,NULL,5.00,0,'cloud',1,0,NULL,0,NULL,'admin','2019-03-08 10:43:10','admin','2019-05-11 10:36:01',0,0,NULL,NULL),('e5973686ed495c379d829ea8b2881fc6','e3c13679c73a4f829bcff2aba8fd68b1','高级表单','/form/advanced-form','form/advancedForm/AdvancedForm',NULL,NULL,1,NULL,NULL,3.00,NULL,NULL,1,1,NULL,NULL,NULL,NULL,'2018-12-25 20:34:38',NULL,NULL,0,0,NULL,NULL),('e6bfd1fcabfd7942fdd05f076d1dad38','2a470fc0c3954d9dbb61de6d80846549','打印测试','/jeecg/PrintDemo','jeecg/PrintDemo',NULL,NULL,1,NULL,NULL,3.00,0,NULL,1,1,NULL,0,NULL,'admin','2019-02-19 15:58:48','admin','2019-05-07 20:14:39',0,0,NULL,NULL),('ebb9d82ea16ad864071158e0c449d186','d7d6e2e4e2934f2c9385a623fd98c6f3','分类字典','/isys/category','system/SysCategoryList',NULL,NULL,1,NULL,'1',5.20,0,NULL,1,1,0,0,NULL,'admin','2019-05-29 18:48:07','admin','2020-02-23 22:45:33',0,0,'1',0),('ec8d607d0156e198b11853760319c646','6e73eb3c26099c191bf03852ee1310a1','安全设置','/account/settings/security','account/settings/Security',NULL,NULL,1,'SecuritySettings',NULL,NULL,NULL,NULL,1,1,NULL,NULL,NULL,NULL,'2018-12-26 18:59:52',NULL,NULL,0,0,NULL,NULL),('f0675b52d89100ee88472b6800754a08','','统计报表','/report','layouts/RouteView',NULL,NULL,0,NULL,NULL,1.00,0,'bar-chart',1,0,NULL,0,NULL,'admin','2019-04-03 18:32:02','admin','2019-05-19 18:34:13',0,0,NULL,NULL),('f1cb187abf927c88b89470d08615f5ac','d7d6e2e4e2934f2c9385a623fd98c6f3','数据字典','/isystem/dict','system/DictList',NULL,NULL,1,NULL,NULL,5.00,0,NULL,1,1,0,0,NULL,NULL,'2018-12-28 13:54:43','admin','2020-02-23 22:45:25',0,0,NULL,0),('f23d9bfff4d9aa6b68569ba2cff38415','540a2936940846cb98114ffb0d145cb8','标准列表','/list/basic-list','list/StandardList',NULL,NULL,1,NULL,NULL,6.00,NULL,NULL,1,1,NULL,NULL,NULL,NULL,'2018-12-25 20:34:38',NULL,NULL,0,0,NULL,NULL),('f2849d3814fc97993bfc519ae6bbf049','e41b69c57a941a3bbcce45032fe57605','AUTO复制表单','/online/copyform/:code','modules/online/cgform/OnlCgformCopyList',NULL,NULL,1,NULL,'1',1.00,0,NULL,1,1,0,1,NULL,'admin','2019-08-29 16:05:37',NULL,NULL,0,0,'1',NULL),('f780d0d3083d849ccbdb1b1baee4911d','5c8042bd6c601270b2bbd9b20bccc68b','模板管理','/modules/message/sysMessageTemplateList','modules/message/SysMessageTemplateList',NULL,NULL,1,NULL,NULL,1.00,0,NULL,1,1,NULL,0,NULL,'admin','2019-04-09 11:50:31','admin','2019-04-12 10:16:34',0,0,NULL,NULL),('fb07ca05a3e13674dbf6d3245956da2e','540a2936940846cb98114ffb0d145cb8','搜索列表','/list/search','list/search/SearchLayout',NULL,'/list/search/article',1,NULL,NULL,8.00,0,NULL,1,0,NULL,0,NULL,NULL,'2018-12-25 20:34:38','admin','2019-02-12 15:09:13',0,0,NULL,NULL),('fb367426764077dcf94640c843733985','2a470fc0c3954d9dbb61de6d80846549','一对多示例','/jeecg/JeecgOrderMainList','jeecg/JeecgOrderMainList',NULL,NULL,1,NULL,NULL,2.00,0,NULL,1,1,NULL,0,NULL,'admin','2019-02-15 16:24:11','admin','2019-02-18 10:50:14',0,0,NULL,NULL),('fba41089766888023411a978d13c0aa4','e41b69c57a941a3bbcce45032fe57605','AUTO树表单列表','/online/cgformTreeList/:code','modules/online/cgform/auto/OnlCgformTreeList',NULL,NULL,1,NULL,'1',9.00,0,NULL,1,1,NULL,1,NULL,'admin','2019-05-21 14:46:50','admin','2019-06-11 13:52:52',0,0,'1',NULL),('fc810a2267dd183e4ef7c71cc60f4670','700b7f95165c46cc7a78bf227aa8fed3','请求追踪','/monitor/HttpTrace','modules/monitor/HttpTrace',NULL,NULL,1,NULL,NULL,4.00,0,NULL,1,1,NULL,0,NULL,'admin','2019-04-02 09:46:19','admin','2019-04-02 11:37:27',0,0,NULL,NULL),('fedfbf4420536cacc0218557d263dfea','6e73eb3c26099c191bf03852ee1310a1','新消息通知','/account/settings/notification','account/settings/Notification',NULL,NULL,1,'NotificationSettings',NULL,NULL,NULL,'',1,1,NULL,NULL,NULL,NULL,'2018-12-26 19:02:05',NULL,NULL,0,0,NULL,NULL),('xd_schedule','d7d6e2e4e2934f2c9385a623fd98c6f3','æ—¶é—´è¡¨','/xd_schedule','append/XdSchedule/XdScheduleList',NULL,NULL,1,NULL,'1',99.00,0,'hourglass',1,1,0,0,NULL,'admin','2019-10-29 09:53:51','admin','2019-12-02 16:41:48',0,0,'1',0);

#
# Structure for table "sys_permission_data_rule"
#

DROP TABLE IF EXISTS `sys_permission_data_rule`;
CREATE TABLE `sys_permission_data_rule` (
  `id` varchar(32) NOT NULL COMMENT 'ID',
  `permission_id` varchar(32) DEFAULT NULL COMMENT '菜单ID',
  `rule_name` varchar(50) DEFAULT NULL COMMENT '规则名称',
  `rule_column` varchar(50) DEFAULT NULL COMMENT '字段',
  `rule_conditions` varchar(50) DEFAULT NULL COMMENT '条件',
  `rule_value` varchar(300) DEFAULT NULL COMMENT '规则值',
  `status` varchar(3) DEFAULT NULL COMMENT '权限有效状态1有0否',
  `create_time` datetime DEFAULT NULL COMMENT '创建时间',
  `create_by` varchar(32) DEFAULT NULL,
  `update_time` datetime DEFAULT NULL COMMENT '修改时间',
  `update_by` varchar(32) DEFAULT NULL COMMENT '修改人',
  PRIMARY KEY (`id`) USING BTREE,
  KEY `index_fucntionid` (`permission_id`) USING BTREE
) ENGINE=InnoDB DEFAULT CHARSET=utf8 ROW_FORMAT=DYNAMIC;

#
# Data for table "sys_permission_data_rule"
#

INSERT INTO `sys_permission_data_rule` VALUES ('32b62cb04d6c788d9d92e3ff5e66854e','8d4683aacaa997ab86b966b464360338','000','00','!=','00','1','2019-04-02 18:36:08','admin',NULL,NULL),('40283181614231d401614234fe670003','40283181614231d401614232cd1c0001','createBy','createBy','=','#{sys_user_code}','1','2018-01-29 21:57:04','admin',NULL,NULL),('4028318161424e730161424fca6f0004','4028318161424e730161424f61510002','createBy','createBy','=','#{sys_user_code}','1','2018-01-29 22:26:20','admin',NULL,NULL),('402880e6487e661a01487e732c020005','402889fb486e848101486e93a7c80014','SYS_ORG_CODE','SYS_ORG_CODE','LIKE','010201%','1','2014-09-16 20:32:30','admin',NULL,NULL),('402880e6487e661a01487e8153ee0007','402889fb486e848101486e93a7c80014','create_by','create_by','','#{SYS_USER_CODE}','1','2014-09-16 20:47:57','admin',NULL,NULL),('402880ec5ddec439015ddf9225060038','40288088481d019401481d2fcebf000d','复杂关系','','USE_SQL_RULES','name like \'%张%\' or age > 10','1',NULL,NULL,'2017-08-14 15:10:25','demo'),('402880ec5ddfdd26015ddfe3e0570011','4028ab775dca0d1b015dca3fccb60016','复杂sql配置','','USE_SQL_RULES','table_name like \'%test%\' or is_tree = \'Y\'','1',NULL,NULL,'2017-08-14 16:38:55','demo'),('402880f25b1e2ac7015b1e5fdebc0012','402880f25b1e2ac7015b1e5cdc340010','只能看自己数据','create_by','=','#{sys_user_code}','1','2017-03-30 16:40:51','admin',NULL,NULL),('402881875b19f141015b19f8125e0014','40288088481d019401481d2fcebf000d','可看下属业务数据','sys_org_code','LIKE','#{sys_org_code}','1',NULL,NULL,'2017-08-14 15:04:32','demo'),('402881e45394d66901539500a4450001','402881e54df73c73014df75ab670000f','sysCompanyCode','sysCompanyCode','=','#{SYS_COMPANY_CODE}','1','2016-03-21 01:09:21','admin',NULL,NULL),('402881e45394d6690153950177cb0003','402881e54df73c73014df75ab670000f','sysOrgCode','sysOrgCode','=','#{SYS_ORG_CODE}','1','2016-03-21 01:10:15','admin',NULL,NULL),('402881e56266f43101626727aff60067','402881e56266f43101626724eb730065','销售自己看自己的数据','createBy','=','#{sys_user_code}','1','2018-03-27 19:11:16','admin',NULL,NULL),('402881e56266f4310162672fb1a70082','402881e56266f43101626724eb730065','销售经理看所有下级数据','sysOrgCode','LIKE','#{sys_org_code}','1','2018-03-27 19:20:01','admin',NULL,NULL),('402881e56266f431016267387c9f0088','402881e56266f43101626724eb730065','只看金额大于1000的数据','money','>=','1000','1','2018-03-27 19:29:37','admin',NULL,NULL),('402881f3650de25101650dfb5a3a0010','402881e56266f4310162671d62050044','22','','USE_SQL_RULES','22','1','2018-08-06 14:45:01','admin',NULL,NULL),('402889fb486e848101486e913cd6000b','402889fb486e848101486e8e2e8b0007','userName','userName','=','admin','1','2014-09-13 18:31:25','admin',NULL,NULL),('402889fb486e848101486e98d20d0016','402889fb486e848101486e93a7c80014','title','title','=','12','1',NULL,NULL,'2014-09-13 22:18:22','scott'),('402889fe47fcb29c0147fcb6b6220001','8a8ab0b246dc81120146dc8180fe002b','12','12','>','12','1','2014-08-22 15:55:38','8a8ab0b246dc81120146dc8181950052',NULL,NULL),('4028ab775dca0d1b015dca4183530018','4028ab775dca0d1b015dca3fccb60016','表名限制','isDbSynch','=','Y','1',NULL,NULL,'2017-08-14 16:43:45','demo'),('4028ef815595a881015595b0ccb60001','40288088481d019401481d2fcebf000d','限只能看自己','create_by','=','#{sys_user_code}','1',NULL,NULL,'2017-08-14 15:03:56','demo'),('4028ef81574ae99701574aed26530005','4028ef81574ae99701574aeb97bd0003','用户名','userName','!=','admin','1','2016-09-21 12:07:18','admin',NULL,NULL),('53609e1854f4a87eb23ed23a18a1042c','4148ec82b6acd69f470bea75fe41c357','只看当前部门数据','sysOrgCode','=','#{sys_org_code}','1','2019-05-11 19:40:39','admin','2019-05-11 19:40:50','admin'),('a7d661ef5ac168b2b162420c6804dac5','4148ec82b6acd69f470bea75fe41c357','只看自己的数据','createBy','=','#{sys_user_code}','1','2019-05-11 19:19:05','admin','2019-05-11 19:24:58','admin'),('f852d85d47f224990147f2284c0c0005',NULL,'小于','test','<=','11','1','2014-08-20 14:43:52','8a8ab0b246dc81120146dc8181950052',NULL,NULL);

#
# Structure for table "sys_position"
#

DROP TABLE IF EXISTS `sys_position`;
CREATE TABLE `sys_position` (
  `id` varchar(32) NOT NULL,
  `code` varchar(100) DEFAULT NULL COMMENT '职务编码',
  `name` varchar(100) DEFAULT NULL COMMENT '职务名称',
  `post_rank` varchar(2) DEFAULT NULL COMMENT '职级',
  `company_id` varchar(255) DEFAULT NULL COMMENT '公司id',
  `create_by` varchar(50) DEFAULT NULL COMMENT '创建人',
  `create_time` datetime DEFAULT NULL COMMENT '创建时间',
  `update_by` varchar(50) DEFAULT NULL COMMENT '修改人',
  `update_time` datetime DEFAULT NULL COMMENT '修改时间',
  `sys_org_code` varchar(50) DEFAULT NULL COMMENT '组织机构编码',
  PRIMARY KEY (`id`) USING BTREE,
  UNIQUE KEY `uniq_code` (`code`) USING BTREE
) ENGINE=InnoDB DEFAULT CHARSET=utf8 ROW_FORMAT=DYNAMIC;

#
# Data for table "sys_position"
#

INSERT INTO `sys_position` VALUES ('1185040064792571906','devleader','研发部经理','2',NULL,'admin','2019-10-18 11:49:03','admin','2020-02-23 22:55:42','A01'),('1256485574212153345','总经理','laozong','5',NULL,'admin','2020-05-02 15:28:00','admin','2020-05-02 15:28:03','北京国炬公司');

#
# Structure for table "sys_quartz_job"
#

DROP TABLE IF EXISTS `sys_quartz_job`;
CREATE TABLE `sys_quartz_job` (
  `id` varchar(32) NOT NULL,
  `create_by` varchar(32) DEFAULT NULL COMMENT '创建人',
  `create_time` datetime DEFAULT NULL COMMENT '创建时间',
  `del_flag` int(1) DEFAULT NULL COMMENT '删除状态',
  `update_by` varchar(32) DEFAULT NULL COMMENT '修改人',
  `update_time` datetime DEFAULT NULL COMMENT '修改时间',
  `job_class_name` varchar(255) DEFAULT NULL COMMENT '任务类名',
  `cron_expression` varchar(255) DEFAULT NULL COMMENT 'cron表达式',
  `parameter` varchar(255) DEFAULT NULL COMMENT '参数',
  `description` varchar(255) DEFAULT NULL COMMENT '描述',
  `status` int(1) DEFAULT NULL COMMENT '状态 0正常 -1停止',
  PRIMARY KEY (`id`) USING BTREE,
  UNIQUE KEY `uniq_job_class_name` (`job_class_name`) USING BTREE
) ENGINE=MyISAM DEFAULT CHARSET=utf8 ROW_FORMAT=DYNAMIC;

#
# Data for table "sys_quartz_job"
#

/*!40000 ALTER TABLE `sys_quartz_job` DISABLE KEYS */;
INSERT INTO `sys_quartz_job` VALUES ('5b3d2c087ad41aa755fc4f89697b01e7','admin','2019-04-11 19:04:21',0,'admin','2020-05-02 15:48:48','org.jeecg.modules.message.job.SendMsgJob','0/50 * * * * ? *',NULL,NULL,-1),('a253cdfc811d69fa0efc70d052bc8128','admin','2019-03-30 12:44:48',0,'admin','2020-05-02 15:48:49','org.jeecg.modules.quartz.job.SampleJob','0/1 * * * * ?',NULL,NULL,-1),('df26ecacf0f75d219d746750fe84bbee',NULL,NULL,0,'admin','2020-05-02 15:40:35','org.jeecg.modules.quartz.job.SampleParamJob','0/1 * * * * ?','scott','带参测试 后台将每隔1秒执行输出日志',-1);
/*!40000 ALTER TABLE `sys_quartz_job` ENABLE KEYS */;

#
# Structure for table "sys_role"
#

DROP TABLE IF EXISTS `sys_role`;
CREATE TABLE `sys_role` (
  `id` varchar(32) NOT NULL COMMENT '主键id',
  `role_name` varchar(200) DEFAULT NULL COMMENT '角色名称',
  `role_code` varchar(100) NOT NULL COMMENT '角色编码',
  `description` varchar(255) DEFAULT NULL COMMENT '描述',
  `create_by` varchar(32) DEFAULT NULL COMMENT '创建人',
  `create_time` datetime DEFAULT NULL COMMENT '创建时间',
  `update_by` varchar(32) DEFAULT NULL COMMENT '更新人',
  `update_time` datetime DEFAULT NULL COMMENT '更新时间',
  PRIMARY KEY (`id`) USING BTREE,
  UNIQUE KEY `uniq_sys_role_role_code` (`role_code`) USING BTREE
) ENGINE=InnoDB DEFAULT CHARSET=utf8 ROW_FORMAT=DYNAMIC COMMENT='角色表';

#
# Data for table "sys_role"
#

INSERT INTO `sys_role` VALUES ('1169504891467464705','第三方登录角色','third_role','第三方登录角色','admin','2019-09-05 14:57:49','admin','2020-05-02 18:20:58'),('e51758fa916c881624b046d26bd09230','人力资源部','hr',NULL,'admin','2019-01-21 18:07:24','admin','2019-10-18 11:39:43'),('ee8626f80f7c2619917b6236f3a7f02b','临时角色','test','这是新建的临时角色123',NULL,'2018-12-20 10:59:04','admin','2019-02-19 15:08:37'),('f6817f48af4fb3af11b9e8bf182f618b','管理员','admin','管理员',NULL,'2018-12-21 18:03:39','admin','2019-05-20 11:40:26');

#
# Structure for table "sys_role_permission"
#

DROP TABLE IF EXISTS `sys_role_permission`;
CREATE TABLE `sys_role_permission` (
  `id` varchar(32) NOT NULL,
  `role_id` varchar(32) DEFAULT NULL COMMENT '角色id',
  `permission_id` varchar(32) DEFAULT NULL COMMENT '权限id',
  `data_rule_ids` varchar(1000) DEFAULT NULL,
  PRIMARY KEY (`id`) USING BTREE,
  KEY `index_group_role_per_id` (`role_id`,`permission_id`) USING BTREE,
  KEY `index_group_role_id` (`role_id`) USING BTREE,
  KEY `index_group_per_id` (`permission_id`) USING BTREE
) ENGINE=InnoDB DEFAULT CHARSET=utf8 ROW_FORMAT=DYNAMIC COMMENT='角色权限表';

#
# Data for table "sys_role_permission"
#

INSERT INTO `sys_role_permission` VALUES ('00b0748f04d3ea52c8cfa179c1c9d384','52b0cf022ac4187b2a70dfa4f8b2d940','d7d6e2e4e2934f2c9385a623fd98c6f3',NULL),('00b82058779cca5106fbb84783534c9b','f6817f48af4fb3af11b9e8bf182f618b','4148ec82b6acd69f470bea75fe41c357',NULL),('0254c0b25694ad5479e6d6935bbc176e','f6817f48af4fb3af11b9e8bf182f618b','944abf0a8fc22fe1f1154a389a574154',NULL),('09bd4fc30ffe88c4a44ed3868f442719','f6817f48af4fb3af11b9e8bf182f618b','e6bfd1fcabfd7942fdd05f076d1dad38',NULL),('0c2d2db76ee3aa81a4fe0925b0f31365','f6817f48af4fb3af11b9e8bf182f618b','024f1fd1283dc632458976463d8984e1',NULL),('0c6b8facbb1cc874964c87a8cf01e4b1','f6817f48af4fb3af11b9e8bf182f618b','841057b8a1bef8f6b4b20f9a618a7fa6',NULL),('0c6e1075e422972083c3e854d9af7851','f6817f48af4fb3af11b9e8bf182f618b','08e6b9dc3c04489c8e1ff2ce6f105aa4',NULL),('0d9d14bc66e9d5e99b0280095fdc8587','ee8626f80f7c2619917b6236f3a7f02b','277bfabef7d76e89b33062b16a9a5020',NULL),('0dec36b68c234767cd35466efef3b941','ee8626f80f7c2619917b6236f3a7f02b','54dd5457a3190740005c1bfec55b1c34',NULL),('0f861cb988fdc639bb1ab943471f3a72','f6817f48af4fb3af11b9e8bf182f618b','97c8629abc7848eccdb6d77c24bb3ebb',NULL),('105c2ac10741e56a618a82cd58c461d7','e51758fa916c881624b046d26bd09230','1663f3faba244d16c94552f849627d84',NULL),('115a6673ae6c0816d3f60de221520274','21c5a3187763729408b40afb0d0fdfa8','63b551e81c5956d5c861593d366d8c57',NULL),('1185039870491439105','f6817f48af4fb3af11b9e8bf182f618b','1174506953255182338',NULL),('1185039870529187841','f6817f48af4fb3af11b9e8bf182f618b','1174590283938041857',NULL),('1185039870537576450','f6817f48af4fb3af11b9e8bf182f618b','1166535831146504193',NULL),('1209423530518761473','f6817f48af4fb3af11b9e8bf182f618b','1205097455226462210',NULL),('1209423530594258945','f6817f48af4fb3af11b9e8bf182f618b','1205098241075453953',NULL),('1209423530606841858','f6817f48af4fb3af11b9e8bf182f618b','1205306106780364802',NULL),('1209423580355481602','f6817f48af4fb3af11b9e8bf182f618b','190c2b43bec6a5f7a4194a85db67d96a',NULL),('1232123957949304833','ee8626f80f7c2619917b6236f3a7f02b','f0675b52d89100ee88472b6800754a08',NULL),('1232123957978664962','ee8626f80f7c2619917b6236f3a7f02b','1232123780958064642',NULL),('1232123957978664963','ee8626f80f7c2619917b6236f3a7f02b','020b06793e4de2eee0007f603000c769',NULL),('1232123957987053570','ee8626f80f7c2619917b6236f3a7f02b','2aeddae571695cd6380f6d6d334d6e7d',NULL),('1232124727411150850','f6817f48af4fb3af11b9e8bf182f618b','1232123780958064642',NULL),('1232125488694104066','ee8626f80f7c2619917b6236f3a7f02b','e41b69c57a941a3bbcce45032fe57605',NULL),('1266337600340070401','f6817f48af4fb3af11b9e8bf182f618b','1238331160370012162',NULL),('1266337600398790657','f6817f48af4fb3af11b9e8bf182f618b','1238331682929958913',NULL),('1266337600411373570','f6817f48af4fb3af11b9e8bf182f618b','1238331682929958914',NULL),('1266337600432345089','f6817f48af4fb3af11b9e8bf182f618b','1238331682929958915',NULL),('1266337600449122305','f6817f48af4fb3af11b9e8bf182f618b','1238331682929958916',NULL),('1266337600482676738','f6817f48af4fb3af11b9e8bf182f618b','1238331682929958917',NULL),('1266337600499453953','f6817f48af4fb3af11b9e8bf182f618b','1238331682929958918',NULL),('1266337600516231170','f6817f48af4fb3af11b9e8bf182f618b','1238331682929958919',NULL),('1268115242584199169','f6817f48af4fb3af11b9e8bf182f618b','e41b69c57a941a3bbcce45032fe57605',NULL),('1268115242621947905','f6817f48af4fb3af11b9e8bf182f618b','8d4683aacaa997ab86b966b464360338',NULL),('1268115242621947906','f6817f48af4fb3af11b9e8bf182f618b','f2849d3814fc97993bfc519ae6bbf049',NULL),('1268115242634530817','f6817f48af4fb3af11b9e8bf182f618b','109c78a583d4693ce2f16551b7786786',NULL),('1268115242634530818','f6817f48af4fb3af11b9e8bf182f618b','1192318987661234177',NULL),('1268115242672279553','f6817f48af4fb3af11b9e8bf182f618b','1224641973866467330',NULL),('1268115242680668162','f6817f48af4fb3af11b9e8bf182f618b','1229674163694841857',NULL),('1268115242693251073','f6817f48af4fb3af11b9e8bf182f618b','1209731624921534465',NULL),('1268115242705833986','f6817f48af4fb3af11b9e8bf182f618b','22d6a3d39a59dd7ea9a30acfa6bfb0a5',NULL),('1268115242714222593','f6817f48af4fb3af11b9e8bf182f618b','54097c6a3cf50fad0793a34beff1efdf',NULL),('1268115242722611202','f6817f48af4fb3af11b9e8bf182f618b','9fe26464838de2ea5e90f2367e35efa0',NULL),('1268115242735194114','f6817f48af4fb3af11b9e8bf182f618b','fba41089766888023411a978d13c0aa4',NULL),('1268115242743582722','f6817f48af4fb3af11b9e8bf182f618b','1235823781053313025',NULL),('1268115242781331458','f6817f48af4fb3af11b9e8bf182f618b','277bfabef7d76e89b33062b16a9a5020',NULL),('1268115242831663106','f6817f48af4fb3af11b9e8bf182f618b','2a470fc0c3954d9dbb61de6d80846549',NULL),('126ea9faebeec2b914d6d9bef957afb6','f6817f48af4fb3af11b9e8bf182f618b','f1cb187abf927c88b89470d08615f5ac',NULL),('1277788084594659330','f6817f48af4fb3af11b9e8bf182f618b','1238331682929958920',NULL),('145eac8dd88eddbd4ce0a800ab40a92c','e51758fa916c881624b046d26bd09230','08e6b9dc3c04489c8e1ff2ce6f105aa4',NULL),('154edd0599bd1dc2c7de220b489cd1e2','f6817f48af4fb3af11b9e8bf182f618b','7ac9eb9ccbde2f7a033cd4944272bf1e',NULL),('165acd6046a0eaf975099f46a3c898ea','f6817f48af4fb3af11b9e8bf182f618b','4f66409ef3bbd69c1d80469d6e2a885e',NULL),('1664b92dff13e1575e3a929caa2fa14d','f6817f48af4fb3af11b9e8bf182f618b','d2bbf9ebca5a8fa2e227af97d2da7548',NULL),('16ef8ed3865ccc6f6306200760896c50','ee8626f80f7c2619917b6236f3a7f02b','e8af452d8948ea49d37c934f5100ae6a',NULL),('17ead5b7d97ed365398ab20009a69ea3','52b0cf022ac4187b2a70dfa4f8b2d940','e08cb190ef230d5d4f03824198773950',NULL),('1ac1688ef8456f384091a03d88a89ab1','52b0cf022ac4187b2a70dfa4f8b2d940','693ce69af3432bd00be13c3971a57961',NULL),('1af4babaa4227c3cbb830bc5eb513abb','ee8626f80f7c2619917b6236f3a7f02b','e08cb190ef230d5d4f03824198773950',NULL),('1ba162bbc2076c25561f8622f610d5bf','ee8626f80f7c2619917b6236f3a7f02b','aedbf679b5773c1f25e9f7b10111da73',NULL),('1c1dbba68ef1817e7fb19c822d2854e8','f6817f48af4fb3af11b9e8bf182f618b','fb367426764077dcf94640c843733985',NULL),('1c55c4ced20765b8ebab383caa60f0b6','e51758fa916c881624b046d26bd09230','fb367426764077dcf94640c843733985',NULL),('1e099baeae01b747d67aca06bdfc34d1','e51758fa916c881624b046d26bd09230','6ad53fd1b220989a8b71ff482d683a5a',NULL),('1e47db875601fd97723254046b5bba90','f6817f48af4fb3af11b9e8bf182f618b','baf16b7174bd821b6bab23fa9abb200d',NULL),('1fe4d408b85f19618c15bcb768f0ec22','1750a8fb3e6d90cb7957c02de1dc8e59','9502685863ab87f0ad1134142788a385',NULL),('248d288586c6ff3bd14381565df84163','52b0cf022ac4187b2a70dfa4f8b2d940','3f915b2769fc80648e92d04e84ca059d',NULL),('25491ecbd5a9b34f09c8bc447a10ede1','f6817f48af4fb3af11b9e8bf182f618b','d07a2c87a451434c99ab06296727ec4f',NULL),('25f5443f19c34d99718a016d5f54112e','ee8626f80f7c2619917b6236f3a7f02b','6e73eb3c26099c191bf03852ee1310a1',NULL),('27489816708b18859768dfed5945c405','a799c3b1b12dd3ed4bd046bfaef5fe6e','9502685863ab87f0ad1134142788a385',NULL),('2779cdea8367fff37db26a42c1a1f531','f6817f48af4fb3af11b9e8bf182f618b','fef097f3903caf3a3c3a6efa8de43fbb',NULL),('296f9c75ca0e172ae5ce4c1022c996df','646c628b2b8295fbdab2d34044de0354','732d48f8e0abe99fe6a23d18a3171cd1',NULL),('29fb4d37aa29b9fa400f389237cf9fe7','ee8626f80f7c2619917b6236f3a7f02b','05b3c82ddb2536a4a5ee1a4c46b5abef',NULL),('29fb6b0ad59a7e911c8d27e0bdc42d23','f6817f48af4fb3af11b9e8bf182f618b','9a90363f216a6a08f32eecb3f0bf12a3',NULL),('2ad37346c1b83ddeebc008f6987b2227','f6817f48af4fb3af11b9e8bf182f618b','8d1ebd663688965f1fd86a2f0ead3416',NULL),('2c462293cbb0eab7e8ae0a3600361b5f','52b0cf022ac4187b2a70dfa4f8b2d940','9502685863ab87f0ad1134142788a385',NULL),('2dc1a0eb5e39aaa131ddd0082a492d76','ee8626f80f7c2619917b6236f3a7f02b','08e6b9dc3c04489c8e1ff2ce6f105aa4',NULL),('2ea2382af618ba7d1e80491a0185fb8a','ee8626f80f7c2619917b6236f3a7f02b','f23d9bfff4d9aa6b68569ba2cff38415',NULL),('2fcfa2ac3dcfadc7c67107dae9a0de6d','ee8626f80f7c2619917b6236f3a7f02b','73678f9daa45ed17a3674131b03432fb',NULL),('2fdaed22dfa4c8d4629e44ef81688c6a','52b0cf022ac4187b2a70dfa4f8b2d940','aedbf679b5773c1f25e9f7b10111da73',NULL),('300c462b7fec09e2ff32574ef8b3f0bd','52b0cf022ac4187b2a70dfa4f8b2d940','2a470fc0c3954d9dbb61de6d80846549',NULL),('326181da3248a62a05e872119a462be1','ee8626f80f7c2619917b6236f3a7f02b','3f915b2769fc80648e92d04e84ca059d',NULL),('3369650f5072b330543f8caa556b1b33','e51758fa916c881624b046d26bd09230','a400e4f4d54f79bf5ce160ae432231af',NULL),('35a7e156c20e93aa7e825fe514bf9787','e51758fa916c881624b046d26bd09230','c6cf95444d80435eb37b2f9db3971ae6',NULL),('35ac7cae648de39eb56213ca1b649713','52b0cf022ac4187b2a70dfa4f8b2d940','b1cb0a3fedf7ed0e4653cb5a229837ee',NULL),('37112f4d372541e105473f18da3dc50d','ee8626f80f7c2619917b6236f3a7f02b','a400e4f4d54f79bf5ce160ae432231af',NULL),('37789f70cd8bd802c4a69e9e1f633eaa','ee8626f80f7c2619917b6236f3a7f02b','ae4fed059f67086fd52a73d913cf473d',NULL),('381504a717cb3ce77dcd4070c9689a7e','ee8626f80f7c2619917b6236f3a7f02b','4f84f9400e5e92c95f05b554724c2b58',NULL),('38a2e55db0960262800576e34b3af44c','f6817f48af4fb3af11b9e8bf182f618b','5c2f42277948043026b7a14692456828',NULL),('38dd7a19711e7ffe864232954c06fae9','e51758fa916c881624b046d26bd09230','d2bbf9ebca5a8fa2e227af97d2da7548',NULL),('3b1886f727ac503c93fecdd06dcb9622','f6817f48af4fb3af11b9e8bf182f618b','c431130c0bc0ec71b0a5be37747bb36a',NULL),('3de2a60c7e42a521fecf6fcc5cb54978','f6817f48af4fb3af11b9e8bf182f618b','2d83d62bd2544b8994c8f38cf17b0ddf',NULL),('3e4e38f748b8d87178dd62082e5b7b60','f6817f48af4fb3af11b9e8bf182f618b','7960961b0063228937da5fa8dd73d371',NULL),('3e563751942b0879c88ca4de19757b50','1750a8fb3e6d90cb7957c02de1dc8e59','58857ff846e61794c69208e9d3a85466',NULL),('3f1d04075e3c3254666a4138106a4e51','f6817f48af4fb3af11b9e8bf182f618b','3fac0d3c9cd40fa53ab70d4c583821f8',NULL),('412e2de37a35b3442d68db8dd2f3c190','52b0cf022ac4187b2a70dfa4f8b2d940','f1cb187abf927c88b89470d08615f5ac',NULL),('4204f91fb61911ba8ce40afa7c02369f','f6817f48af4fb3af11b9e8bf182f618b','3f915b2769fc80648e92d04e84ca059d',NULL),('439568ff7db6f329bf6dd45b3dfc9456','f6817f48af4fb3af11b9e8bf182f618b','7593c9e3523a17bca83b8d7fe8a34e58',NULL),('444126230885d5d38b8fa6072c9f43f8','f6817f48af4fb3af11b9e8bf182f618b','f780d0d3083d849ccbdb1b1baee4911d',NULL),('445656dd187bd8a71605f4bbab1938a3','f6817f48af4fb3af11b9e8bf182f618b','020b06793e4de2eee0007f603000c769',NULL),('44b5a73541bcb854dd5d38c6d1fb93a1','ee8626f80f7c2619917b6236f3a7f02b','418964ba087b90a84897b62474496b93',NULL),('455cdb482457f529b79b479a2ff74427','f6817f48af4fb3af11b9e8bf182f618b','e1979bb53e9ea51cecc74d86fd9d2f64',NULL),('459aa2e7021b435b4d65414cfbc71c66','e51758fa916c881624b046d26bd09230','4148ec82b6acd69f470bea75fe41c357',NULL),('45a358bb738782d1a0edbf7485e81459','f6817f48af4fb3af11b9e8bf182f618b','0ac2ad938963b6c6d1af25477d5b8b51',NULL),('4c0940badae3ef9231ee9d042338f2a4','e51758fa916c881624b046d26bd09230','2a470fc0c3954d9dbb61de6d80846549',NULL),('4d56ce2f67c94b74a1d3abdbea340e42','ee8626f80f7c2619917b6236f3a7f02b','d86f58e7ab516d3bc6bfb1fe10585f97',NULL),('4dab5a06acc8ef3297889872caa74747','f6817f48af4fb3af11b9e8bf182f618b','ffb423d25cc59dcd0532213c4a518261',NULL),('4e0a37ed49524df5f08fc6593aee875c','f6817f48af4fb3af11b9e8bf182f618b','f23d9bfff4d9aa6b68569ba2cff38415',NULL),('4f254549d9498f06f4cc9b23f3e2c070','f6817f48af4fb3af11b9e8bf182f618b','93d5cfb4448f11e9916698e7f462b4b6',NULL),('4f2fd4a190db856e21476de2704bbd99','f6817f48af4fb3af11b9e8bf182f618b','1a0811914300741f4e11838ff37a1d3a',NULL),('4faad8ff93cb2b5607cd3d07c1b624ee','a799c3b1b12dd3ed4bd046bfaef5fe6e','70b8f33da5f39de1981bf89cf6c99792',NULL),('504e326de3f03562cdd186748b48a8c7','f6817f48af4fb3af11b9e8bf182f618b','027aee69baee98a0ed2e01806e89c891',NULL),('520b5989e6fe4a302a573d4fee12a40a','f6817f48af4fb3af11b9e8bf182f618b','6531cf3421b1265aeeeabaab5e176e6d',NULL),('54fdf85e52807bdb32ce450814abc256','f6817f48af4fb3af11b9e8bf182f618b','cc50656cf9ca528e6f2150eba4714ad2',NULL),('57c0b3a547b815ea3ec8e509b08948b3','1750a8fb3e6d90cb7957c02de1dc8e59','3f915b2769fc80648e92d04e84ca059d',NULL),('593ee05c4fe4645c7826b7d5e14f23ec','52b0cf022ac4187b2a70dfa4f8b2d940','8fb8172747a78756c11916216b8b8066',NULL),('5affc85021fcba07d81c09a6fdfa8dc6','ee8626f80f7c2619917b6236f3a7f02b','078f9558cdeab239aecb2bda1a8ed0d1',NULL),('5d230e6cd2935c4117f6cb9a7a749e39','f6817f48af4fb3af11b9e8bf182f618b','fc810a2267dd183e4ef7c71cc60f4670',NULL),('5de6871fadb4fe1cdd28989da0126b07','f6817f48af4fb3af11b9e8bf182f618b','a400e4f4d54f79bf5ce160a3432231af',NULL),('5e4015a9a641cbf3fb5d28d9f885d81a','f6817f48af4fb3af11b9e8bf182f618b','2dbbafa22cda07fa5d169d741b81fe12',NULL),('5e634a89f75b7a421c02aecfd520325f','e51758fa916c881624b046d26bd09230','339329ed54cf255e1f9392e84f136901',NULL),('5e74637c4bec048d1880ad0bd1b00552','e51758fa916c881624b046d26bd09230','a400e4f4d54f79bf5ce160a3432231af',NULL),('5fc194b709336d354640fe29fefd65a3','a799c3b1b12dd3ed4bd046bfaef5fe6e','9ba60e626bf2882c31c488aba62b89f0',NULL),('60eda4b4db138bdb47edbe8e10e71675','f6817f48af4fb3af11b9e8bf182f618b','fb07ca05a3e13674dbf6d3245956da2e',NULL),('61835e48f3e675f7d3f5c9dd3a10dcf3','f6817f48af4fb3af11b9e8bf182f618b','f0675b52d89100ee88472b6800754a08',NULL),('6451dac67ba4acafb570fd6a03f47460','ee8626f80f7c2619917b6236f3a7f02b','e3c13679c73a4f829bcff2aba8fd68b1',NULL),('660fbc40bcb1044738f7cabdf1708c28','f6817f48af4fb3af11b9e8bf182f618b','b3c824fc22bd953e2eb16ae6914ac8f9',NULL),('66b202f8f84fe766176b3f51071836ef','f6817f48af4fb3af11b9e8bf182f618b','1367a93f2c410b169faa7abcbad2f77c',NULL),('6c43fd3f10fdaf2a0646434ae68709b5','ee8626f80f7c2619917b6236f3a7f02b','540a2936940846cb98114ffb0d145cb8',NULL),('6c74518eb6bb9a353f6a6c459c77e64b','f6817f48af4fb3af11b9e8bf182f618b','b4dfc7d5dd9e8d5b6dd6d4579b1aa559',NULL),('6daddafacd7eccb91309530c17c5855d','f6817f48af4fb3af11b9e8bf182f618b','edfa74d66e8ea63ea432c2910837b150',NULL),('6fb4c2142498dd6d5b6c014ef985cb66','f6817f48af4fb3af11b9e8bf182f618b','6e73eb3c26099c191bf03852ee1310a1',NULL),('71a5f54a90aa8c7a250a38b7dba39f6f','ee8626f80f7c2619917b6236f3a7f02b','8fb8172747a78756c11916216b8b8066',NULL),('737d35f582036cd18bfd4c8e5748eaa4','e51758fa916c881624b046d26bd09230','693ce69af3432bd00be13c3971a57961',NULL),('7413acf23b56c906aedb5a36fb75bd3a','f6817f48af4fb3af11b9e8bf182f618b','a4fc7b64b01a224da066bb16230f9c5a',NULL),('75002588591820806','16457350655250432','5129710648430592',NULL),('75002588604403712','16457350655250432','5129710648430593',NULL),('75002588612792320','16457350655250432','40238597734928384',NULL),('75002588625375232','16457350655250432','57009744761589760',NULL),('75002588633763840','16457350655250432','16392452747300864',NULL),('75002588637958144','16457350655250432','16392767785668608',NULL),('75002588650541056','16457350655250432','16439068543946752',NULL),('77277779875336192','496138616573952','5129710648430592',NULL),('77277780043108352','496138616573952','5129710648430593',NULL),('77277780055691264','496138616573952','15701400130424832',NULL),('77277780064079872','496138616573952','16678126574637056',NULL),('77277780072468480','496138616573952','15701915807518720',NULL),('77277780076662784','496138616573952','15708892205944832',NULL),('77277780085051392','496138616573952','16678447719911424',NULL),('77277780089245696','496138616573952','25014528525733888',NULL),('77277780097634304','496138616573952','56898976661639168',NULL),('77277780135383040','496138616573952','40238597734928384',NULL),('77277780139577344','496138616573952','45235621697949696',NULL),('77277780147965952','496138616573952','45235787867885568',NULL),('77277780156354560','496138616573952','45235939278065664',NULL),('77277780164743168','496138616573952','43117268627886080',NULL),('77277780168937472','496138616573952','45236734832676864',NULL),('77277780181520384','496138616573952','45237010692050944',NULL),('77277780189908992','496138616573952','45237170029465600',NULL),('77277780198297600','496138616573952','57009544286441472',NULL),('77277780206686208','496138616573952','57009744761589760',NULL),('77277780215074816','496138616573952','57009981228060672',NULL),('77277780219269120','496138616573952','56309618086776832',NULL),('77277780227657728','496138616573952','57212882168844288',NULL),('77277780236046336','496138616573952','61560041605435392',NULL),('77277780244434944','496138616573952','61560275261722624',NULL),('77277780257017856','496138616573952','61560480518377472',NULL),('77277780265406464','496138616573952','44986029924421632',NULL),('77277780324126720','496138616573952','45235228800716800',NULL),('77277780332515328','496138616573952','45069342940860416',NULL),('77277780340903937','496138616573952','5129710648430594',NULL),('77277780349292544','496138616573952','16687383932047360',NULL),('77277780357681152','496138616573952','16689632049631232',NULL),('77277780366069760','496138616573952','16689745006432256',NULL),('77277780370264064','496138616573952','16689883993083904',NULL),('77277780374458369','496138616573952','16690313745666048',NULL),('77277780387041280','496138616573952','5129710648430595',NULL),('77277780395429888','496138616573952','16694861252005888',NULL),('77277780403818496','496138616573952','16695107491205120',NULL),('77277780412207104','496138616573952','16695243126607872',NULL),('77277780420595712','496138616573952','75002207560273920',NULL),('77277780428984320','496138616573952','76215889006956544',NULL),('77277780433178624','496138616573952','76216071333351424',NULL),('77277780441567232','496138616573952','76216264070008832',NULL),('77277780449955840','496138616573952','76216459709124608',NULL),('77277780458344448','496138616573952','76216594207870976',NULL),('77277780466733056','496138616573952','76216702639017984',NULL),('77277780475121664','496138616573952','58480609315524608',NULL),('77277780483510272','496138616573952','61394706252173312',NULL),('77277780491898880','496138616573952','61417744146370560',NULL),('77277780496093184','496138616573952','76606430504816640',NULL),('77277780504481792','496138616573952','76914082455752704',NULL),('77277780508676097','496138616573952','76607201262702592',NULL),('77277780517064704','496138616573952','39915540965232640',NULL),('77277780525453312','496138616573952','41370251991977984',NULL),('77277780538036224','496138616573952','45264987354042368',NULL),('77277780546424832','496138616573952','45265487029866496',NULL),('77277780554813440','496138616573952','45265762415284224',NULL),('77277780559007744','496138616573952','45265886315024384',NULL),('77277780567396352','496138616573952','45266070000373760',NULL),('77277780571590656','496138616573952','41363147411427328',NULL),('77277780579979264','496138616573952','41363537456533504',NULL),('77277780588367872','496138616573952','41364927394353152',NULL),('77277780596756480','496138616573952','41371711400054784',NULL),('77277780605145088','496138616573952','41469219249852416',NULL),('77277780613533696','496138616573952','39916171171991552',NULL),('77277780621922304','496138616573952','39918482854252544',NULL),('77277780630310912','496138616573952','41373430515240960',NULL),('77277780718391296','496138616573952','41375330996326400',NULL),('77277780722585600','496138616573952','63741744973352960',NULL),('77277780730974208','496138616573952','42082442672082944',NULL),('77277780739362816','496138616573952','41376192166629376',NULL),('77277780747751424','496138616573952','41377034236071936',NULL),('77277780756140032','496138616573952','56911328312299520',NULL),('77277780764528640','496138616573952','41378916912336896',NULL),('77277780768722944','496138616573952','63482475359244288',NULL),('77277780772917249','496138616573952','64290663792906240',NULL),('77277780785500160','496138616573952','66790433014943744',NULL),('77277780789694464','496138616573952','42087054753927168',NULL),('77277780798083072','496138616573952','67027338952445952',NULL),('77277780806471680','496138616573952','67027909637836800',NULL),('77277780810665985','496138616573952','67042515441684480',NULL),('77277780823248896','496138616573952','67082402312228864',NULL),('77277780827443200','496138616573952','16392452747300864',NULL),('77277780835831808','496138616573952','16392767785668608',NULL),('77277780840026112','496138616573952','16438800255291392',NULL),('77277780844220417','496138616573952','16438962738434048',NULL),('77277780852609024','496138616573952','16439068543946752',NULL),('77277860062040064','496138616573953','5129710648430592',NULL),('77277860070428672','496138616573953','5129710648430593',NULL),('77277860078817280','496138616573953','40238597734928384',NULL),('77277860091400192','496138616573953','43117268627886080',NULL),('77277860099788800','496138616573953','57009744761589760',NULL),('77277860112371712','496138616573953','56309618086776832',NULL),('77277860120760320','496138616573953','44986029924421632',NULL),('77277860129148928','496138616573953','5129710648430594',NULL),('77277860141731840','496138616573953','5129710648430595',NULL),('77277860150120448','496138616573953','75002207560273920',NULL),('77277860158509056','496138616573953','58480609315524608',NULL),('77277860162703360','496138616573953','76606430504816640',NULL),('77277860171091968','496138616573953','76914082455752704',NULL),('77277860179480576','496138616573953','76607201262702592',NULL),('77277860187869184','496138616573953','39915540965232640',NULL),('77277860196257792','496138616573953','41370251991977984',NULL),('77277860204646400','496138616573953','41363147411427328',NULL),('77277860208840704','496138616573953','41371711400054784',NULL),('77277860213035009','496138616573953','39916171171991552',NULL),('77277860221423616','496138616573953','39918482854252544',NULL),('77277860225617920','496138616573953','41373430515240960',NULL),('77277860234006528','496138616573953','41375330996326400',NULL),('77277860242395136','496138616573953','63741744973352960',NULL),('77277860250783744','496138616573953','42082442672082944',NULL),('77277860254978048','496138616573953','41376192166629376',NULL),('77277860263366656','496138616573953','41377034236071936',NULL),('77277860271755264','496138616573953','56911328312299520',NULL),('77277860313698304','496138616573953','41378916912336896',NULL),('77277860322086912','496138616573953','63482475359244288',NULL),('77277860326281216','496138616573953','64290663792906240',NULL),('77277860334669824','496138616573953','66790433014943744',NULL),('77277860343058432','496138616573953','42087054753927168',NULL),('77277860347252736','496138616573953','67027338952445952',NULL),('77277860351447041','496138616573953','67027909637836800',NULL),('77277860359835648','496138616573953','67042515441684480',NULL),('77277860364029952','496138616573953','67082402312228864',NULL),('77277860368224256','496138616573953','16392452747300864',NULL),('77277860372418560','496138616573953','16392767785668608',NULL),('77277860376612865','496138616573953','16438800255291392',NULL),('77277860385001472','496138616573953','16438962738434048',NULL),('77277860389195776','496138616573953','16439068543946752',NULL),('7750f9be48ee09cd561fce718219a3e2','ee8626f80f7c2619917b6236f3a7f02b','882a73768cfd7f78f3a37584f7299656',NULL),('7a5d31ba48fe3fb1266bf186dc5f7ba7','52b0cf022ac4187b2a70dfa4f8b2d940','58857ff846e61794c69208e9d3a85466',NULL),('7ca833caa5eac837b7200d8b6de8b2e3','f6817f48af4fb3af11b9e8bf182f618b','fedfbf4420536cacc0218557d263dfea',NULL),('7d2ea745950be3357747ec7750c31c57','ee8626f80f7c2619917b6236f3a7f02b','2a470fc0c3954d9dbb61de6d80846549',NULL),('7de42bdc0b8c5446b7d428c66a7abc12','52b0cf022ac4187b2a70dfa4f8b2d940','54dd5457a3190740005c1bfec55b1c34',NULL),('7e19d90cec0dd87aaef351b9ff8f4902','646c628b2b8295fbdab2d34044de0354','f9d3f4f27653a71c52faa9fb8070fbe7',NULL),('7f862c47003eb20e8bad05f506371f92','ee8626f80f7c2619917b6236f3a7f02b','d7d6e2e4e2934f2c9385a623fd98c6f3',NULL),('812ed54661b1a24b81b58974691a73f5','e51758fa916c881624b046d26bd09230','e6bfd1fcabfd7942fdd05f076d1dad38',NULL),('83f704524b21b6a3ae324b8736c65333','ee8626f80f7c2619917b6236f3a7f02b','7ac9eb9ccbde2f7a033cd4944272bf1e',NULL),('84d32474316a43b01256d6644e6e7751','ee8626f80f7c2619917b6236f3a7f02b','ec8d607d0156e198b11853760319c646',NULL),('84eac2f113c23737128fb099d1d1da89','f6817f48af4fb3af11b9e8bf182f618b','03dc3d93261dda19fc86dd7ca486c6cf',NULL),('85755a6c0bdff78b3860b52d35310c7f','e51758fa916c881624b046d26bd09230','c65321e57b7949b7a975313220de0422',NULL),('86060e2867a5049d8a80d9fe5d8bc28b','f6817f48af4fb3af11b9e8bf182f618b','765dd244f37b804e3d00f475fd56149b',NULL),('8703a2410cddb713c33232ce16ec04b9','ee8626f80f7c2619917b6236f3a7f02b','1367a93f2c410b169faa7abcbad2f77c',NULL),('884f147c20e003cc80ed5b7efa598cbe','f6817f48af4fb3af11b9e8bf182f618b','e5973686ed495c379d829ea8b2881fc6',NULL),('885c1a827383e5b2c6c4f8ca72a7b493','ee8626f80f7c2619917b6236f3a7f02b','4148ec82b6acd69f470bea75fe41c357',NULL),('8a60df8d8b4c9ee5fa63f48aeee3ec00','1750a8fb3e6d90cb7957c02de1dc8e59','d7d6e2e4e2934f2c9385a623fd98c6f3',NULL),('8b09925bdc194ab7f3559cd3a7ea0507','f6817f48af4fb3af11b9e8bf182f618b','ebb9d82ea16ad864071158e0c449d186',NULL),('8b1e326791375f325d3e6b797753b65e','ee8626f80f7c2619917b6236f3a7f02b','2dbbafa22cda07fa5d169d741b81fe12',NULL),('8ce1022dac4e558ff9694600515cf510','1750a8fb3e6d90cb7957c02de1dc8e59','08e6b9dc3c04489c8e1ff2ce6f105aa4',NULL),('8d154c2382a8ae5c8d1b84bd38df2a93','f6817f48af4fb3af11b9e8bf182f618b','d86f58e7ab516d3bc6bfb1fe10585f97',NULL),('8d848ca7feec5b7ebb3ecb32b2c8857a','52b0cf022ac4187b2a70dfa4f8b2d940','4148ec82b6acd69f470bea75fe41c357',NULL),('8e3dc1671abad4f3c83883b194d2e05a','f6817f48af4fb3af11b9e8bf182f618b','b1cb0a3fedf7ed0e4653cb5a229837ee',NULL),('8eec2c510f1ac9c5eee26c041b1f00ca','ee8626f80f7c2619917b6236f3a7f02b','58857ff846e61794c69208e9d3a85466',NULL),('8f762ff80253f634b08cf59a77742ba4','ee8626f80f7c2619917b6236f3a7f02b','9502685863ab87f0ad1134142788a385',NULL),('903b790e6090414343502c6dc393b7c9','ee8626f80f7c2619917b6236f3a7f02b','de13e0f6328c069748de7399fcc1dbbd',NULL),('905bf419332ebcb83863603b3ebe30f0','f6817f48af4fb3af11b9e8bf182f618b','8fb8172747a78756c11916216b8b8066',NULL),('90996d56357730e173e636b99fc48bea','ee8626f80f7c2619917b6236f3a7f02b','fb07ca05a3e13674dbf6d3245956da2e',NULL),('90e1c607a0631364eec310f3cc4acebd','ee8626f80f7c2619917b6236f3a7f02b','4f66409ef3bbd69c1d80469d6e2a885e',NULL),('9264104cee9b10c96241d527b2d0346d','1750a8fb3e6d90cb7957c02de1dc8e59','54dd5457a3190740005c1bfec55b1c34',NULL),('9380121ca9cfee4b372194630fce150e','f6817f48af4fb3af11b9e8bf182f618b','65a8f489f25a345836b7f44b1181197a',NULL),('94911fef73a590f6824105ebf9b6cab3','f6817f48af4fb3af11b9e8bf182f618b','8b3bff2eee6f1939147f5c68292a1642',NULL),('9700d20dbc1ae3cbf7de1c810b521fe6','f6817f48af4fb3af11b9e8bf182f618b','ec8d607d0156e198b11853760319c646',NULL),('980171fda43adfe24840959b1d048d4d','f6817f48af4fb3af11b9e8bf182f618b','d7d6e2e4e2934f2c9385a623fd98c6f3',NULL),('987c23b70873bd1d6dca52f30aafd8c2','f6817f48af4fb3af11b9e8bf182f618b','00a2a0ae65cdca5e93209cdbde97cbe6',NULL),('98f02353f91dd569e3c6b8fd6b4f4034','ee8626f80f7c2619917b6236f3a7f02b','6531cf3421b1265aeeeabaab5e176e6d',NULL),('9b2ad767f9861e64a20b097538feafd3','f6817f48af4fb3af11b9e8bf182f618b','73678f9daa45ed17a3674131b03432fb',NULL),('9d8772c310b675ae43eacdbc6c7fa04a','a799c3b1b12dd3ed4bd046bfaef5fe6e','1663f3faba244d16c94552f849627d84',NULL),('9d980ec0489040e631a9c24a6af42934','f6817f48af4fb3af11b9e8bf182f618b','05b3c82ddb2536a4a5ee1a4c46b5abef',NULL),('9f8311ecccd44e079723098cf2ffe1cc','1750a8fb3e6d90cb7957c02de1dc8e59','693ce69af3432bd00be13c3971a57961',NULL),('a034ed7c38c996b880d3e78f586fe0ae','f6817f48af4fb3af11b9e8bf182f618b','c89018ea6286e852b424466fd92a2ffc',NULL),('a098e2acc3f90316f161f6648d085640','ee8626f80f7c2619917b6236f3a7f02b','e6bfd1fcabfd7942fdd05f076d1dad38',NULL),('a307a9349ad64a2eff8ab69582fa9be4','f6817f48af4fb3af11b9e8bf182f618b','0620e402857b8c5b605e1ad9f4b89350',NULL),('a5d25fdb3c62904a8474182706ce11a0','f6817f48af4fb3af11b9e8bf182f618b','418964ba087b90a84897b62474496b93',NULL),('a66feaaf128417ad762e946abccf27ec','ee8626f80f7c2619917b6236f3a7f02b','c6cf95444d80435eb37b2f9db3971ae6',NULL),('a72c31a3913c736d4eca11d13be99183','e51758fa916c881624b046d26bd09230','a44c30db536349e91106223957e684eb',NULL),('a7ab87eac0f8fafa2efa4b1f9351923f','ee8626f80f7c2619917b6236f3a7f02b','fedfbf4420536cacc0218557d263dfea',NULL),('abdc324a2df9f13ee6e73d44c6e62bc8','ee8626f80f7c2619917b6236f3a7f02b','f1cb187abf927c88b89470d08615f5ac',NULL),('acacce4417e5d7f96a9c3be2ded5b4be','f6817f48af4fb3af11b9e8bf182f618b','f9d3f4f27653a71c52faa9fb8070fbe7',NULL),('aefc8c22e061171806e59cd222f6b7e1','52b0cf022ac4187b2a70dfa4f8b2d940','e8af452d8948ea49d37c934f5100ae6a',NULL),('af60ac8fafd807ed6b6b354613b9ccbc','f6817f48af4fb3af11b9e8bf182f618b','58857ff846e61794c69208e9d3a85466',NULL),('b0c8a20800b8bf1ebdd7be473bceb44f','f6817f48af4fb3af11b9e8bf182f618b','58b9204feaf07e47284ddb36cd2d8468',NULL),('b128ebe78fa5abb54a3a82c6689bdca3','f6817f48af4fb3af11b9e8bf182f618b','aedbf679b5773c1f25e9f7b10111da73',NULL),('b131ebeafcfd059f3c7e542606ea9ff5','ee8626f80f7c2619917b6236f3a7f02b','e5973686ed495c379d829ea8b2881fc6',NULL),('b21b07951bb547b09cc85624a841aea0','f6817f48af4fb3af11b9e8bf182f618b','4356a1a67b564f0988a484f5531fd4d9',NULL),('b2b2dcfff6986d3d7f890ea62d474651','ee8626f80f7c2619917b6236f3a7f02b','200006f0edf145a2b50eacca07585451',NULL),('b495a46fa0e0d4637abe0db7fd12fe1a','ee8626f80f7c2619917b6236f3a7f02b','717f6bee46f44a3897eca9abd6e2ec44',NULL),('b64c4ab9cd9a2ea8ac1e9db5fb7cf522','f6817f48af4fb3af11b9e8bf182f618b','2aeddae571695cd6380f6d6d334d6e7d',NULL),('bbec16ad016efec9ea2def38f4d3d9dc','f6817f48af4fb3af11b9e8bf182f618b','13212d3416eb690c2e1d5033166ff47a',NULL),('bd30561f141f07827b836878137fddd8','e51758fa916c881624b046d26bd09230','65a8f489f25a345836b7f44b1181197a',NULL),('bea2986432079d89203da888d99b3f16','f6817f48af4fb3af11b9e8bf182f618b','54dd5457a3190740005c1bfec55b1c34',NULL),('c09373ebfc73fb5740db5ff02cba4f91','f6817f48af4fb3af11b9e8bf182f618b','339329ed54cf255e1f9392e84f136901',NULL),('c56fb1658ee5f7476380786bf5905399','f6817f48af4fb3af11b9e8bf182f618b','de13e0f6328c069748de7399fcc1dbbd',NULL),('c689539d20a445b0896270290c58d01f','e51758fa916c881624b046d26bd09230','13212d3416eb690c2e1d5033166ff47a',NULL),('c6fee38d293b9d0596436a0cbd205070','f6817f48af4fb3af11b9e8bf182f618b','4f84f9400e5e92c95f05b554724c2b58',NULL),('c8571839e6b14796e661f3e2843b80b6','ee8626f80f7c2619917b6236f3a7f02b','45c966826eeff4c99b8f8ebfe74511fc',NULL),('c90b0b01c7ca454d2a1cb7408563e696','f6817f48af4fb3af11b9e8bf182f618b','882a73768cfd7f78f3a37584f7299656',NULL),('c9d35261cccd67ab2932107a0967a7d7','e51758fa916c881624b046d26bd09230','b4dfc7d5dd9e8d5b6dd6d4579b1aa559',NULL),('ced80e43584ce15e97bb07298e93020d','e51758fa916c881624b046d26bd09230','45c966826eeff4c99b8f8ebfe74511fc',NULL),('cf1feb1bf69eafc982295ad6c9c8d698','f6817f48af4fb3af11b9e8bf182f618b','a2b11669e98c5fe54a53c3e3c4f35d14',NULL),('cf2ef620217673e4042f695743294f01','f6817f48af4fb3af11b9e8bf182f618b','717f6bee46f44a3897eca9abd6e2ec44',NULL),('cf43895aef7fc684669483ab00ef2257','f6817f48af4fb3af11b9e8bf182f618b','700b7f95165c46cc7a78bf227aa8fed3',NULL),('d03d792b0f312e7b490afc5cec3dd6c5','e51758fa916c881624b046d26bd09230','8fb8172747a78756c11916216b8b8066',NULL),('d281a95b8f293d0fa2a136f46c4e0b10','f6817f48af4fb3af11b9e8bf182f618b','5c8042bd6c601270b2bbd9b20bccc68b',NULL),('d37ad568e26f46ed0feca227aa9c2ffa','f6817f48af4fb3af11b9e8bf182f618b','9502685863ab87f0ad1134142788a385',NULL),('d3ddcacee1acdfaa0810618b74e38ef2','f6817f48af4fb3af11b9e8bf182f618b','c6cf95444d80435eb37b2f9db3971ae6',NULL),('d3fe195d59811531c05d31d8436f5c8b','1750a8fb3e6d90cb7957c02de1dc8e59','e8af452d8948ea49d37c934f5100ae6a',NULL),('d5267597a4450f06d49d2fb63859641a','e51758fa916c881624b046d26bd09230','2dbbafa22cda07fa5d169d741b81fe12',NULL),('d83282192a69514cfe6161b3087ff962','f6817f48af4fb3af11b9e8bf182f618b','53a9230444d33de28aa11cc108fb1dba',NULL),('d8a5c9079df12090e108e21be94b4fd7','f6817f48af4fb3af11b9e8bf182f618b','078f9558cdeab239aecb2bda1a8ed0d1',NULL),('dbc5dd836d45c5bc7bc94b22596ab956','f6817f48af4fb3af11b9e8bf182f618b','1939e035e803a99ceecb6f5563570fb2',NULL),('dc83bb13c0e8c930e79d28b2db26f01f','f6817f48af4fb3af11b9e8bf182f618b','63b551e81c5956d5c861593d366d8c57',NULL),('dc8fd3f79bd85bd832608b42167a1c71','f6817f48af4fb3af11b9e8bf182f618b','91c23960fab49335831cf43d820b0a61',NULL),('de82e89b8b60a3ea99be5348f565c240','f6817f48af4fb3af11b9e8bf182f618b','56ca78fe0f22d815fabc793461af67b8',NULL),('de8f43229e351d34af3c95b1b9f0a15d','f6817f48af4fb3af11b9e8bf182f618b','a400e4f4d54f79bf5ce160ae432231af',NULL),('e258ca8bf7ee168b93bfee739668eb15','ee8626f80f7c2619917b6236f3a7f02b','fb367426764077dcf94640c843733985',NULL),('e339f7db7418a4fd2bd2c113f1182186','ee8626f80f7c2619917b6236f3a7f02b','b1cb0a3fedf7ed0e4653cb5a229837ee',NULL),('e3e922673f4289b18366bb51b6200f17','52b0cf022ac4187b2a70dfa4f8b2d940','45c966826eeff4c99b8f8ebfe74511fc',NULL),('e7467726ee72235baaeb47df04a35e73','f6817f48af4fb3af11b9e8bf182f618b','e08cb190ef230d5d4f03824198773950',NULL),('ec4bc97829ab56afd83f428b6dc37ff6','f6817f48af4fb3af11b9e8bf182f618b','200006f0edf145a2b50eacca07585451',NULL),('ec846a3f85fdb6813e515be71f11b331','f6817f48af4fb3af11b9e8bf182f618b','732d48f8e0abe99fe6a23d18a3171cd1',NULL),('ec93bb06f5be4c1f19522ca78180e2ef','f6817f48af4fb3af11b9e8bf182f618b','265de841c58907954b8877fb85212622',NULL),('ecdd72fe694e6bba9c1d9fc925ee79de','f6817f48af4fb3af11b9e8bf182f618b','45c966826eeff4c99b8f8ebfe74511fc',NULL),('edefd8d468f5727db465cf1b860af474','f6817f48af4fb3af11b9e8bf182f618b','6ad53fd1b220989a8b71ff482d683a5a',NULL),('ef8bdd20d29447681ec91d3603e80c7b','f6817f48af4fb3af11b9e8bf182f618b','ae4fed059f67086fd52a73d913cf473d',NULL),('f12b6c90e8913183d7ca547c66600891','e51758fa916c881624b046d26bd09230','aedbf679b5773c1f25e9f7b10111da73',NULL),('f177acac0276329dc66af0c9ad30558a','f6817f48af4fb3af11b9e8bf182f618b','c2c356bf4ddd29975347a7047a062440',NULL),('f17ab8ad1e71341140857ef4914ef297','21c5a3187763729408b40afb0d0fdfa8','732d48f8e0abe99fe6a23d18a3171cd1',NULL),('f99f99cc3bc27220cdd4f5aced33b7d7','f6817f48af4fb3af11b9e8bf182f618b','655563cd64b75dcf52ef7bcdd4836953',NULL),('fafe73c4448b977fe42880a6750c3ee8','f6817f48af4fb3af11b9e8bf182f618b','9cb91b8851db0cf7b19d7ecc2a8193dd',NULL),('fd86f6b08eb683720ba499f9d9421726','ee8626f80f7c2619917b6236f3a7f02b','693ce69af3432bd00be13c3971a57961',NULL),('fd97963dc5f144d3aecfc7045a883427','f6817f48af4fb3af11b9e8bf182f618b','043780fa095ff1b2bec4dc406d76f023',NULL),('fed41a4671285efb266cd404f24dd378','52b0cf022ac4187b2a70dfa4f8b2d940','00a2a0ae65cdca5e93209cdbde97cbe6',NULL);

#
# Structure for table "sys_sms"
#

DROP TABLE IF EXISTS `sys_sms`;
CREATE TABLE `sys_sms` (
  `id` varchar(32) NOT NULL COMMENT 'ID',
  `es_title` varchar(100) DEFAULT NULL COMMENT '消息标题',
  `es_type` varchar(1) DEFAULT NULL COMMENT '发送方式：1短信 2邮件 3微信',
  `es_receiver` varchar(50) DEFAULT NULL COMMENT '接收人',
  `es_param` varchar(1000) DEFAULT NULL COMMENT '发送所需参数Json格式',
  `es_content` longtext COMMENT '推送内容',
  `es_send_time` datetime DEFAULT NULL COMMENT '推送时间',
  `es_send_status` varchar(1) DEFAULT NULL COMMENT '推送状态 0未推送 1推送成功 2推送失败 -1失败不再发送',
  `es_send_num` int(11) DEFAULT NULL COMMENT '发送次数 超过5次不再发送',
  `es_result` varchar(255) DEFAULT NULL COMMENT '推送失败原因',
  `remark` varchar(500) DEFAULT NULL COMMENT '备注',
  `create_by` varchar(32) DEFAULT NULL COMMENT '创建人登录名称',
  `create_time` datetime DEFAULT NULL COMMENT '创建日期',
  `update_by` varchar(32) DEFAULT NULL COMMENT '更新人登录名称',
  `update_time` datetime DEFAULT NULL COMMENT '更新日期',
  PRIMARY KEY (`id`) USING BTREE,
  KEY `index_type` (`es_type`) USING BTREE,
  KEY `index_receiver` (`es_receiver`) USING BTREE,
  KEY `index_sendtime` (`es_send_time`) USING BTREE,
  KEY `index_status` (`es_send_status`) USING BTREE
) ENGINE=InnoDB DEFAULT CHARSET=utf8 ROW_FORMAT=DYNAMIC;

#
# Data for table "sys_sms"
#

INSERT INTO `sys_sms` VALUES ('402880e74dc2f361014dc2f8411e0001','消息推送测试333','2','411944058@qq.com',NULL,'张三你好，你的订单4028d881436d514601436d521ae80165已付款!','2015-06-05 17:06:01','3',NULL,NULL,'认证失败错误的用户名或者密码','admin','2015-06-05 17:05:59','admin','2015-11-19 22:30:39'),('402880ea533647b00153364e74770001','发个问候','3','admin',NULL,'你好','2016-03-02 00:00:00','2',NULL,NULL,NULL,'admin','2016-03-02 15:50:24','admin','2018-07-05 19:53:01'),('402880ee5a17e711015a17f3188e013f','消息推送测试333','2','411944058@qq.com',NULL,'张三你好，你的订单4028d881436d514601436d521ae80165已付款!',NULL,'2',NULL,NULL,NULL,'admin','2017-02-07 17:41:31','admin','2017-03-10 11:37:05'),('402880f05ab649b4015ab64b9cd80012','消息推送测试333','2','411944058@qq.com',NULL,'张三你好，你的订单4028d881436d514601436d521ae80165已付款!','2017-11-16 15:58:15','3',NULL,NULL,NULL,'admin','2017-03-10 11:38:13','admin','2017-07-31 17:24:54'),('402880f05ab7b035015ab7c4462c0004','消息推送测试333','2','411944058@qq.com',NULL,'张三你好，你的订单4028d881436d514601436d521ae80165已付款!','2017-11-16 15:58:15','3',NULL,NULL,NULL,'admin','2017-03-10 18:29:37',NULL,NULL),('402881f3646a472b01646a4a5af00001','催办：HR审批','3','admin',NULL,'admin，您好！\r\n请前待办任务办理事项！HR审批\r\n\r\n\r\n===========================\r\n此消息由系统发出','2018-07-05 19:53:35','2',NULL,NULL,NULL,'admin','2018-07-05 19:53:35','admin','2018-07-07 13:45:24'),('402881f3647da06c01647da43a940014','催办：HR审批','3','admin',NULL,'admin，您好！\r\n请前待办任务办理事项！HR审批\r\n\r\n\r\n===========================\r\n此消息由系统发出','2018-07-09 14:04:32','2',NULL,NULL,NULL,'admin','2018-07-09 14:04:32','admin','2018-07-09 18:51:30');

#
# Structure for table "sys_sms_template"
#

DROP TABLE IF EXISTS `sys_sms_template`;
CREATE TABLE `sys_sms_template` (
  `id` varchar(32) NOT NULL COMMENT '主键',
  `template_name` varchar(50) DEFAULT NULL COMMENT '模板标题',
  `template_code` varchar(32) NOT NULL COMMENT '模板CODE',
  `template_type` varchar(1) NOT NULL COMMENT '模板类型：1短信 2邮件 3微信',
  `template_content` varchar(1000) NOT NULL COMMENT '模板内容',
  `template_test_json` varchar(1000) DEFAULT NULL COMMENT '模板测试json',
  `create_time` datetime DEFAULT NULL COMMENT '创建日期',
  `create_by` varchar(32) DEFAULT NULL COMMENT '创建人登录名称',
  `update_time` datetime DEFAULT NULL COMMENT '更新日期',
  `update_by` varchar(32) DEFAULT NULL COMMENT '更新人登录名称',
  PRIMARY KEY (`id`) USING BTREE,
  UNIQUE KEY `uniq_templatecode` (`template_code`) USING BTREE
) ENGINE=InnoDB DEFAULT CHARSET=utf8 ROW_FORMAT=DYNAMIC;

#
# Data for table "sys_sms_template"
#

INSERT INTO `sys_sms_template` VALUES ('1199606397416775681','系统消息通知','sys_ts_note','4','<h1>&nbsp; &nbsp; 系统通知</h1>\n<ul>\n<li>通知时间：&nbsp; ${ts_date}</li>\n<li>通知内容：&nbsp; ${ts_content}</li>\n</ul>',NULL,'2019-11-27 16:30:27','admin','2019-11-27 19:36:50','admin'),('1199615897335095298','流程催办','bpm_cuiban','4','<h1>&nbsp; &nbsp;流程催办提醒</h1>\n<ul>\n<li>流程名称：&nbsp; ${bpm_name}</li>\n<li>催办任务：&nbsp; ${bpm_task}</li>\n<li>催办时间 :&nbsp; &nbsp; ${datetime}</li>\n<li>催办内容 :&nbsp; &nbsp; ${remark}</li>\n</ul>',NULL,'2019-11-27 17:08:12','admin','2019-11-27 19:36:45','admin'),('1199648914107625473','流程办理超时提醒','bpm_chaoshi_tip','4','<h1>&nbsp; &nbsp;流程办理超时提醒</h1>\n<ul>\n<li>&nbsp; &nbsp;超时提醒信息：&nbsp; &nbsp; 您有待处理的超时任务，请尽快处理！</li>\n<li>&nbsp; &nbsp;超时任务标题：&nbsp; &nbsp; ${title}</li>\n<li>&nbsp; &nbsp;超时任务节点：&nbsp; &nbsp; ${task}</li>\n<li>&nbsp; &nbsp;任务处理人：&nbsp; &nbsp; &nbsp; &nbsp;${user}</li>\n<li>&nbsp; &nbsp;任务开始时间：&nbsp; &nbsp; ${time}</li>\n</ul>',NULL,'2019-11-27 19:19:24','admin','2019-11-27 19:36:37','admin'),('4028608164691b000164693108140003','催办：${taskName}','SYS001','3','${userName}，您好！\r\n请前待办任务办理事项！${taskName}\r\n\r\n\r\n===========================\r\n此消息由系统发出','{\r\n\"taskName\":\"HR审批\",\r\n\"userName\":\"admin\"\r\n}','2018-07-05 14:46:18','admin','2018-07-05 18:31:34','admin');

#
# Structure for table "sys_user"
#

DROP TABLE IF EXISTS `sys_user`;
CREATE TABLE `sys_user` (
  `id` varchar(32) NOT NULL COMMENT '主键id',
  `username` varchar(100) DEFAULT NULL COMMENT '登录账号',
  `realname` varchar(100) DEFAULT NULL COMMENT '真实姓名',
  `password` varchar(255) DEFAULT NULL COMMENT '密码',
  `salt` varchar(45) DEFAULT NULL COMMENT 'md5密码盐',
  `avatar` varchar(255) DEFAULT NULL COMMENT '头像',
  `birthday` datetime DEFAULT NULL COMMENT '生日',
  `sex` tinyint(1) DEFAULT NULL COMMENT '性别(0-默认未知,1-男,2-女)',
  `email` varchar(45) DEFAULT NULL COMMENT '电子邮件',
  `phone` varchar(45) DEFAULT NULL COMMENT '电话',
  `org_code` varchar(64) DEFAULT NULL COMMENT '机构编码',
  `status` tinyint(1) DEFAULT NULL COMMENT '性别(1-正常,2-冻结)',
  `del_flag` tinyint(1) DEFAULT NULL COMMENT '删除状态(0-正常,1-已删除)',
  `third_id` varchar(100) DEFAULT NULL COMMENT '第三方登录的唯一标识',
  `third_type` varchar(100) DEFAULT NULL COMMENT '第三方类型',
  `activiti_sync` tinyint(1) DEFAULT NULL COMMENT '同步工作流引擎(1-同步,0-不同步)',
  `work_no` varchar(100) DEFAULT NULL COMMENT '工号，唯一键',
  `post` varchar(100) DEFAULT NULL COMMENT '职务，关联职务表',
  `telephone` varchar(45) DEFAULT NULL COMMENT '座机号',
  `create_by` varchar(32) DEFAULT NULL COMMENT '创建人',
  `create_time` datetime DEFAULT NULL COMMENT '创建时间',
  `update_by` varchar(32) DEFAULT NULL COMMENT '更新人',
  `update_time` datetime DEFAULT NULL COMMENT '更新时间',
  `user_identity` tinyint(1) DEFAULT NULL COMMENT '身份（1普通成员 2上级）',
  `depart_ids` longtext COMMENT '负责部门',
  PRIMARY KEY (`id`) USING BTREE,
  UNIQUE KEY `index_user_name` (`username`) USING BTREE,
  UNIQUE KEY `uniq_sys_user_work_no` (`work_no`) USING BTREE,
  UNIQUE KEY `uniq_sys_user_username` (`username`) USING BTREE,
  UNIQUE KEY `uniq_sys_user_phone` (`phone`) USING BTREE,
  UNIQUE KEY `uniq_sys_user_email` (`email`) USING BTREE,
  KEY `index_user_status` (`status`) USING BTREE,
  KEY `index_user_del_flag` (`del_flag`) USING BTREE
) ENGINE=InnoDB DEFAULT CHARSET=utf8 ROW_FORMAT=DYNAMIC COMMENT='用户表';

#
# Data for table "sys_user"
#

INSERT INTO `sys_user` VALUES ('1269820676584067073','tj01','A','b2e27ad269805894','eO1AJQi1',NULL,NULL,NULL,NULL,NULL,NULL,1,0,NULL,NULL,1,'003','devleader',NULL,'admin','2020-06-08 10:36:56',NULL,NULL,1,''),('1269820860680458242','sh01','审核人','2caa050dc5177886','Cx5nDNJk',NULL,NULL,NULL,NULL,NULL,'深圳',1,0,NULL,NULL,1,'004','devleader',NULL,'admin','2020-06-08 10:37:40','admin','2020-06-11 16:02:16',1,''),('42d153bffeea74f72a9c1697874fa4a7','test22','23232','ac52e15671a377cf','5FMD48RM','user/20190314/ly-plate-e_1552531617500.png','2019-02-09 00:00:00',1,'zhangdaiscott@163.com','18611782222',NULL,1,1,NULL,NULL,1,NULL,NULL,NULL,'admin','2019-01-26 18:01:10','admin','2019-03-23 15:05:50',NULL,NULL),('a75d45a015c44384a04449ee80dc3503','jeecg','jeecg','3dd8371f3cf8240e','vDDkDzrK','user/20190220/e1fe9925bc315c60addea1b98eb1cb1349547719_1550656892940.jpg',NULL,1,NULL,NULL,'财务部',1,1,NULL,NULL,1,'00002','devleader',NULL,'admin','2019-02-13 16:02:36','admin','2020-05-02 15:34:30',1,''),('e9ca23d68d884d4ebb19d07889727dae','admin','管理员','cb362cfeefbf3d8d','RCGTeGiH','temp/logo_1591171065248.png','2018-12-05 00:00:00',1,'jeecg@163.com','18611111111','A01',1,0,NULL,NULL,1,'00001','总经理',NULL,NULL,'2038-06-21 17:54:10','admin','2020-06-03 15:57:48',2,'c6d7cb4deeac411cb3384b1b31278596'),('f0019fdebedb443c98dcb17d88222c38','zhagnxiao','张小红','f898134e5e52ae11a2ffb2c3b57a4e90','go3jJ4zX','user/20190401/20180607175028Fn1Lq7zw_1554118444672.png','2019-04-01 00:00:00',NULL,NULL,NULL,'研发部,财务部',1,1,NULL,NULL,1,'00003','',NULL,'admin','2023-10-01 19:34:10','admin','2020-05-02 15:34:51',1,'');

#
# Structure for table "sys_user_agent"
#

DROP TABLE IF EXISTS `sys_user_agent`;
CREATE TABLE `sys_user_agent` (
  `id` varchar(32) NOT NULL COMMENT '序号',
  `user_name` varchar(100) DEFAULT NULL COMMENT '用户名',
  `agent_user_name` varchar(100) DEFAULT NULL COMMENT '代理人用户名',
  `start_time` datetime DEFAULT NULL COMMENT '代理开始时间',
  `end_time` datetime DEFAULT NULL COMMENT '代理结束时间',
  `status` varchar(2) DEFAULT NULL COMMENT '状态0无效1有效',
  `create_name` varchar(50) DEFAULT NULL COMMENT '创建人名称',
  `create_by` varchar(50) DEFAULT NULL COMMENT '创建人登录名称',
  `create_time` datetime DEFAULT NULL COMMENT '创建日期',
  `update_name` varchar(50) DEFAULT NULL COMMENT '更新人名称',
  `update_by` varchar(50) DEFAULT NULL COMMENT '更新人登录名称',
  `update_time` datetime DEFAULT NULL COMMENT '更新日期',
  `sys_org_code` varchar(50) DEFAULT NULL COMMENT '所属部门',
  `sys_company_code` varchar(50) DEFAULT NULL COMMENT '所属公司',
  PRIMARY KEY (`id`) USING BTREE,
  UNIQUE KEY `uniq_username` (`user_name`) USING BTREE,
  KEY `statux_index` (`status`) USING BTREE,
  KEY `begintime_index` (`start_time`) USING BTREE,
  KEY `endtime_index` (`end_time`) USING BTREE
) ENGINE=InnoDB DEFAULT CHARSET=utf8 ROW_FORMAT=DYNAMIC COMMENT='用户代理人设置';

#
# Data for table "sys_user_agent"
#


#
# Structure for table "sys_user_depart"
#

DROP TABLE IF EXISTS `sys_user_depart`;
CREATE TABLE `sys_user_depart` (
  `id` varchar(32) NOT NULL COMMENT 'id',
  `user_id` varchar(32) DEFAULT NULL COMMENT '用户id',
  `dep_id` varchar(32) DEFAULT NULL COMMENT '部门id',
  PRIMARY KEY (`id`) USING BTREE,
  KEY `index_depart_groupk_userid` (`user_id`) USING BTREE,
  KEY `index_depart_groupkorgid` (`dep_id`) USING BTREE,
  KEY `index_depart_groupk_uidanddid` (`user_id`,`dep_id`) USING BTREE
) ENGINE=InnoDB DEFAULT CHARSET=utf8 ROW_FORMAT=DYNAMIC;

#
# Data for table "sys_user_depart"
#

INSERT INTO `sys_user_depart` VALUES ('0c42ba309c2c4cad35836ec2336676fa','42d153bffeea74f72a9c1697874fa4a7','6d35e179cd814e3299bd588ea7daed3f'),('1256487210695356418','a75d45a015c44384a04449ee80dc3503','a7d7e77e06c84325a40932163adcdaa6'),('1256487300096946177','f0019fdebedb443c98dcb17d88222c38','57197590443c44f083d42ae24ef26a2c'),('1256487300122112001','f0019fdebedb443c98dcb17d88222c38','67fc001af12a4f9b8458005d3f19934a'),('1268089487284326402','e9ca23d68d884d4ebb19d07889727dae','c6d7cb4deeac411cb3384b1b31278596'),('1269820676722479105','1269820676584067073','4f1765520d6346f9bd9c79e2479e5b12'),('1270989710943961089','1269820860680458242','c6d7cb4deeac411cb3384b1b31278596'),('1f3a0267811327b9eca86b0cc2b956f3','bcbe1290783a469a83ae3bd8effe15d4','5159cde220114246b045e574adceafe9');

#
# Structure for table "sys_user_role"
#

DROP TABLE IF EXISTS `sys_user_role`;
CREATE TABLE `sys_user_role` (
  `id` varchar(32) NOT NULL COMMENT '主键id',
  `user_id` varchar(32) DEFAULT NULL COMMENT '用户id',
  `role_id` varchar(32) DEFAULT NULL COMMENT '角色id',
  PRIMARY KEY (`id`) USING BTREE,
  KEY `index2_groupuu_user_id` (`user_id`) USING BTREE,
  KEY `index2_groupuu_ole_id` (`role_id`) USING BTREE,
  KEY `index2_groupuu_useridandroleid` (`user_id`,`role_id`) USING BTREE
) ENGINE=InnoDB DEFAULT CHARSET=utf8 ROW_FORMAT=DYNAMIC COMMENT='用户角色表';

#
# Data for table "sys_user_role"
#

INSERT INTO `sys_user_role` VALUES ('0ede6d23d53bc7dc990346ff14faabee','3db4cf42353f4e868b7ccfeef90505d2','ee8626f80f7c2619917b6236f3a7f02b'),('1256487210544361473','a75d45a015c44384a04449ee80dc3503','ee8626f80f7c2619917b6236f3a7f02b'),('1256487299962728449','f0019fdebedb443c98dcb17d88222c38','ee8626f80f7c2619917b6236f3a7f02b'),('1268089486873284610','e9ca23d68d884d4ebb19d07889727dae','f6817f48af4fb3af11b9e8bf182f618b'),('1269820676626010113','1269820676584067073','ee8626f80f7c2619917b6236f3a7f02b'),('31af310584bd5795f76b1fe8c38294a0','70f5dcf03f36471dabba81381919291f','e51758fa916c881624b046d26bd09230'),('6f9da7310489bac1e5f95e0efe92b4ce','42d153bffeea74f72a9c1697874fa4a7','e51758fa916c881624b046d26bd09230'),('79d66ef7aa137cfa9957081a1483009d','9a668858c4c74cf5a2b25ad9608ba095','ee8626f80f7c2619917b6236f3a7f02b'),('8d7846ec783e157174e4ce2949231a65','7ee6630e89d17afbf6d12150197b578d','e51758fa916c881624b046d26bd09230'),('b3ffd9311a1ca296c44e2409b547384f','01b802058ea94b978a2c96f4807f6b48','1'),('be2639167ede09379937daca7fc3bb73','526f300ab35e44faaed54a9fb0742845','ee8626f80f7c2619917b6236f3a7f02b'),('e78d210d24aaff48e0a736e2ddff4cdc','3e177fede453430387a8279ced685679','ee8626f80f7c2619917b6236f3a7f02b'),('ee45d0343ecec894b6886effc92cb0b7','4d8fef4667574b24a9ccfedaf257810c','f6817f48af4fb3af11b9e8bf182f618b'),('f2922a38ba24fb53749e45a0c459adb3','439ae3e9bcf7418583fcd429cadb1d72','1'),('f2de3ae7b5efd8345581aa802a6675d6','41b1be8d4c52023b0798f51164ca682d','e51758fa916c881624b046d26bd09230'),('f72c6190b0722e798147e73c776c6ac9','439ae3e9bcf7418583fcd429cadb1d72','ee8626f80f7c2619917b6236f3a7f02b');

#
# Structure for table "test_demo"
#

DROP TABLE IF EXISTS `test_demo`;
CREATE TABLE `test_demo` (
  `id` varchar(36) NOT NULL COMMENT '主键',
  `create_by` varchar(50) DEFAULT NULL COMMENT '创建人登录名称',
  `create_time` datetime DEFAULT NULL COMMENT '创建日期',
  `update_by` varchar(50) DEFAULT NULL COMMENT '更新人登录名称',
  `update_time` datetime DEFAULT NULL COMMENT '更新日期',
  `name` varchar(200) DEFAULT NULL COMMENT '用户名',
  `sex` varchar(32) DEFAULT NULL COMMENT '性别',
  `age` int(32) DEFAULT NULL COMMENT '年龄',
  `descc` varchar(500) DEFAULT NULL COMMENT '描述',
  `birthday` datetime DEFAULT NULL COMMENT '生日',
  `user_code` varchar(32) DEFAULT NULL COMMENT '用户编码',
  `file_kk` varchar(500) DEFAULT NULL COMMENT '附件',
  `top_pic` varchar(500) DEFAULT NULL COMMENT '头像',
  `file` varchar(200) DEFAULT NULL COMMENT '附件2',
  PRIMARY KEY (`id`) USING BTREE
) ENGINE=InnoDB DEFAULT CHARSET=utf8 ROW_FORMAT=DYNAMIC;

#
# Data for table "test_demo"
#

INSERT INTO `test_demo` VALUES ('4028810c6aed99e1016aed9b31b40002',NULL,NULL,'admin','2019-10-19 15:37:27','jeecg','2',55,'5','2019-05-15 00:00:00',NULL,'','',NULL),('4028810c6b02cba2016b02cba21f0000','admin','2019-05-29 16:53:48','admin','2019-08-23 23:45:21','张小红','1',8222,'8','2019-04-01 00:00:00',NULL,'','',NULL),('4028810c6b40244b016b4030a0e40001','admin','2019-06-10 15:00:57','admin','2020-05-03 01:28:34','小芳','2',0,NULL,'2019-04-01 00:00:00',NULL,'','11_1582482670686.jpg',NULL),('d96e8b3b50c1434e989ae5d4caebd472',NULL,NULL,NULL,NULL,'请个假',NULL,NULL,NULL,NULL,NULL,NULL,NULL,NULL),('fa1d1c249461498d90f405b94f60aae0','',NULL,'admin','2019-05-15 12:30:28','战三','2',222,NULL,NULL,NULL,NULL,NULL,NULL);

#
# Structure for table "test_demo01"
#

DROP TABLE IF EXISTS `test_demo01`;
CREATE TABLE `test_demo01` (
  `id` varchar(36) NOT NULL COMMENT '主键',
  `create_by` varchar(50) DEFAULT NULL COMMENT '创建人登录名称',
  `create_time` datetime DEFAULT NULL COMMENT '创建日期',
  `update_by` varchar(50) DEFAULT NULL COMMENT '更新人登录名称',
  `update_time` datetime DEFAULT NULL COMMENT '更新日期',
  `name` varchar(200) DEFAULT NULL COMMENT '名称',
  `item` varchar(200) DEFAULT NULL COMMENT '审批事项',
  `sex` varchar(32) DEFAULT NULL COMMENT '性别',
  `age` int(32) DEFAULT NULL COMMENT '年龄',
  `descc` varchar(500) DEFAULT NULL COMMENT '描述',
  `birthday` datetime DEFAULT NULL COMMENT '生日',
  `user_code` varchar(32) DEFAULT NULL COMMENT '用户编码',
  `file` varchar(500) DEFAULT NULL COMMENT '附件',
  `top_pic` varchar(500) DEFAULT NULL COMMENT '头像',
  PRIMARY KEY (`id`) USING BTREE
) ENGINE=InnoDB DEFAULT CHARSET=utf8 ROW_FORMAT=DYNAMIC;

#
# Data for table "test_demo01"
#

INSERT INTO `test_demo01` VALUES ('29ff4d9666654621a97276119141365f',NULL,NULL,NULL,NULL,'资格证申请','办理资格证1',NULL,NULL,NULL,NULL,NULL,'temp/新建文本文档_1592289349654.txt',NULL),('f03c0479375342309f529610b28c2f57',NULL,NULL,NULL,NULL,'普通会员','123452321321',NULL,NULL,NULL,NULL,NULL,'temp/index_1591428584387.json',NULL);

#
# Structure for table "test_enhance_select"
#

DROP TABLE IF EXISTS `test_enhance_select`;
CREATE TABLE `test_enhance_select` (
  `id` varchar(36) NOT NULL,
  `province` varchar(100) DEFAULT NULL COMMENT '省份',
  `city` varchar(100) DEFAULT NULL COMMENT '市',
  `area` varchar(100) DEFAULT NULL COMMENT '区',
  `create_time` datetime DEFAULT NULL COMMENT '创建日期',
  `create_by` varchar(50) DEFAULT NULL COMMENT '创建人',
  PRIMARY KEY (`id`) USING BTREE
) ENGINE=InnoDB DEFAULT CHARSET=utf8mb4 ROW_FORMAT=DYNAMIC;

#
# Data for table "test_enhance_select"
#

INSERT INTO `test_enhance_select` VALUES ('1256614575282958338','1230769290609725441','1230769470889299970','1230769620021972993','2020-05-03 00:00:36','admin'),('402880e570801ffe01708053743c002e','1230769253267836929','1230769769930592257','1230769855347593217','2020-02-26 15:08:37','admin'),('402880e570801ffe017080538b24002f','1230769290609725441','1230769470889299970','1230769620021972993','2020-02-26 15:08:43','admin'),('402880e570801ffe01708053b2b10030','1230769253267836929','1230769347157331969','1230769407907631106','2020-02-26 15:08:53','admin');

#
# Structure for table "test_order_main"
#

DROP TABLE IF EXISTS `test_order_main`;
CREATE TABLE `test_order_main` (
  `id` varchar(36) NOT NULL,
  `create_by` varchar(50) DEFAULT NULL COMMENT '创建人',
  `create_time` datetime DEFAULT NULL COMMENT '创建日期',
  `update_by` varchar(50) DEFAULT NULL COMMENT '更新人',
  `update_time` datetime DEFAULT NULL COMMENT '更新日期',
  `order_code` varchar(32) DEFAULT NULL COMMENT '订单编码',
  `order_date` datetime DEFAULT NULL COMMENT '下单时间',
  `descc` varchar(100) DEFAULT NULL COMMENT '描述',
  PRIMARY KEY (`id`) USING BTREE
) ENGINE=InnoDB DEFAULT CHARSET=utf8 ROW_FORMAT=DYNAMIC;

#
# Data for table "test_order_main"
#

INSERT INTO `test_order_main` VALUES ('1256629667445714946','admin','2020-05-03 01:00:34','admin','2020-05-03 01:28:27','鼠标','2020-05-03 00:00:00','15'),('4028810c6b40244b016b40686dfb0003','admin','2019-06-10 16:01:54','admin','2020-02-24 02:31:59','B002','2019-06-10 00:00:00','123'),('4028810c6b40244b016b4068ef890006','admin','2019-06-10 16:02:27','admin','2020-05-03 01:00:17','00001','2019-06-10 00:00:00','购买产品BOOT');

#
# Structure for table "test_order_product"
#

DROP TABLE IF EXISTS `test_order_product`;
CREATE TABLE `test_order_product` (
  `id` varchar(36) NOT NULL COMMENT '主键',
  `create_by` varchar(50) DEFAULT NULL COMMENT '创建人',
  `create_time` datetime DEFAULT NULL COMMENT '创建日期',
  `update_by` varchar(50) DEFAULT NULL COMMENT '更新人',
  `update_time` datetime DEFAULT NULL COMMENT '更新日期',
  `product_name` varchar(32) DEFAULT NULL COMMENT '产品名字',
  `price` double(32,0) DEFAULT NULL COMMENT '价格',
  `num` int(32) DEFAULT NULL COMMENT '数量',
  `descc` varchar(32) DEFAULT NULL COMMENT '描述',
  `order_fk_id` varchar(32) NOT NULL COMMENT '订单外键ID',
  `pro_type` varchar(32) DEFAULT NULL COMMENT '产品类型',
  PRIMARY KEY (`id`) USING BTREE
) ENGINE=InnoDB DEFAULT CHARSET=utf8 ROW_FORMAT=DYNAMIC;

#
# Data for table "test_order_product"
#

INSERT INTO `test_order_product` VALUES ('15665749852471','admin','2020-05-03 01:00:17',NULL,NULL,'樱桃键盘',200,22,'','4028810c6b40244b016b4068ef890006','2'),('15665749948861','admin','2020-02-24 02:05:38',NULL,NULL,'333',33,NULL,'','402831816a38e7fd016a38e825c90003',''),('15884355700882143174','admin','2020-05-03 01:00:17',NULL,NULL,'雷蛇鼠标',100,NULL,'','4028810c6b40244b016b4068ef890006','1'),('15884355711373624689','admin','2020-05-03 01:00:17',NULL,NULL,'AOC显示器',900,NULL,'','4028810c6b40244b016b4068ef890006','1'),('15884388229280883233','admin','2020-05-03 01:28:27',NULL,NULL,'华为手机',25,35,'345','1256629667445714946','1'),('15884388231401967996','admin','2020-05-03 01:00:49',NULL,NULL,'低代码平台',25,35,'445','1256629667445714946','2'),('15884388463052345317','admin','2020-05-03 01:00:49',NULL,NULL,'表单设计器',55,55,'55','1256629667445714946','1'),('402831816a38e7fd016a38e7fdeb0001','admin','2019-04-20 12:01:29',NULL,NULL,'笔记本',100,10,NULL,'402831816a38e7fd016a38e7fddf0000',NULL),('402831816a38e7fd016a38e7fdf10002','admin','2019-04-20 12:01:29',NULL,NULL,'显示器',300,1,NULL,'402831816a38e7fd016a38e7fddf0000',NULL),('4028810c6b40244b016b40686e050004','admin','2020-02-24 02:31:59',NULL,NULL,'笔记本',2000,2,'123','4028810c6b40244b016b40686dfb0003','2'),('4028810c6b40244b016b406884080005','admin','2020-02-24 02:05:38',NULL,NULL,'333',NULL,33,'','402831816a38e7fd016a38e825c90003','');

#
# Structure for table "test_person"
#

DROP TABLE IF EXISTS `test_person`;
CREATE TABLE `test_person` (
  `id` varchar(36) NOT NULL,
  `create_by` varchar(50) DEFAULT NULL COMMENT '创建人',
  `create_time` datetime DEFAULT NULL COMMENT '创建日期',
  `update_by` varchar(50) DEFAULT NULL COMMENT '更新人',
  `update_time` datetime DEFAULT NULL COMMENT '更新日期',
  `sex` varchar(32) DEFAULT NULL COMMENT '性别',
  `name` varchar(200) DEFAULT NULL COMMENT '用户名',
  `content` longtext COMMENT '请假原因',
  `be_date` datetime DEFAULT NULL COMMENT '请假时间',
  `qj_days` int(11) DEFAULT NULL COMMENT '请假天数',
  PRIMARY KEY (`id`) USING BTREE
) ENGINE=InnoDB DEFAULT CHARSET=utf8 ROW_FORMAT=DYNAMIC;

#
# Data for table "test_person"
#

INSERT INTO `test_person` VALUES ('8ca668defdae47df8649a5477ae08b05','admin','2019-04-12 09:51:37',NULL,NULL,'1','zhangdaiscott','dsdsd','2019-04-12 00:00:00',2);

#
# Structure for table "test_shoptype_tree"
#

DROP TABLE IF EXISTS `test_shoptype_tree`;
CREATE TABLE `test_shoptype_tree` (
  `id` varchar(36) NOT NULL COMMENT '主键',
  `create_by` varchar(50) DEFAULT NULL COMMENT '创建人',
  `create_time` datetime DEFAULT NULL COMMENT '创建日期',
  `update_by` varchar(50) DEFAULT NULL COMMENT '更新人',
  `update_time` datetime DEFAULT NULL COMMENT '更新日期',
  `sys_org_code` varchar(64) DEFAULT NULL COMMENT '所属部门',
  `type_name` varchar(32) DEFAULT NULL COMMENT '商品分类',
  `pic` varchar(500) DEFAULT NULL COMMENT '分类图片',
  `pid` varchar(32) DEFAULT NULL COMMENT '父级节点',
  `has_child` varchar(3) DEFAULT NULL COMMENT '是否有子节点',
  PRIMARY KEY (`id`) USING BTREE
) ENGINE=InnoDB DEFAULT CHARSET=utf8mb4 ROW_FORMAT=DYNAMIC;

#
# Data for table "test_shoptype_tree"
#

INSERT INTO `test_shoptype_tree` VALUES ('1256628820489908225','admin','2020-05-03 00:57:12',NULL,NULL,'A01','衣服',NULL,'0','0'),('1256628843097206786','admin','2020-05-03 00:57:17',NULL,NULL,'A01','电子产品',NULL,'0','0'),('1256629035921944577','admin','2020-05-03 00:58:03',NULL,NULL,'A01','三星显示器','gh_f28e66390fc9_344 (shop)_1588438682583.jpg','1256628864848867329','0'),('1256629093740425218','admin','2020-05-03 00:58:17',NULL,NULL,'A01','手机','','0','1'),('1256629139206680578','admin','2020-05-03 00:58:28',NULL,NULL,'A01','iPhone','e1fe9925bc315c60addea1b98eb1cb1349547719_1588438707727.jpg','1256629093740425218','0'),('1256629188993069058','admin','2020-05-03 00:58:40','admin','2020-05-03 00:58:55','A01','华为手机','jeewxshop测试号_1588438719823.jpg','1256629093740425218','0');

#
# Structure for table "xd_schedule"
#

DROP TABLE IF EXISTS `xd_schedule`;
CREATE TABLE `xd_schedule` (
  `id` varchar(50) NOT NULL COMMENT 'id',
  `day` date NOT NULL,
  `week` varchar(100) DEFAULT NULL,
  `isworking` tinyint(1) DEFAULT NULL,
  `year` int(4) DEFAULT NULL,
  `month` int(2) DEFAULT NULL,
  `weeknum` int(10) DEFAULT NULL,
  `dayofweek` int(1) DEFAULT NULL,
  `create_by` varchar(32) DEFAULT NULL,
  `create_time` datetime DEFAULT NULL,
  `update_by` varchar(32) DEFAULT NULL,
  `update_time` datetime DEFAULT NULL,
  `del_flag` tinyint(1) DEFAULT NULL,
  PRIMARY KEY (`id`)
) ENGINE=MyISAM DEFAULT CHARSET=utf8 COMMENT='调度表';

#
# Data for table "xd_schedule"
#

/*!40000 ALTER TABLE `xd_schedule` DISABLE KEYS */;
/*!40000 ALTER TABLE `xd_schedule` ENABLE KEYS */;
